{
    "CompUnits": {},
    "Modules": {
        "...MASTER...": {
            "nQuads": 0,
            "start_perf": [
                0.21709895133972168,
                0.078709000000000001,
                0.026352,
                310796,
                385112,
                1751887186.591861,
                39937814138233
            ],
            "child_modules": {
                "std": 1,
                "tb": 1
            },
            "nRouts": 5,
            "end_perf": [
                0.22059202194213867,
                0.080181000000000002,
                0.026352,
                310796,
                385112,
                39937822903351,
                0,
                0
            ],
            "nMops": 0
        },
        "std": {
            "start_perf": [
                0.22066283226013184,
                0.080244999999999997,
                0.026352,
                310796,
                385112,
                1751887186.5954249,
                39937823029368
            ],
            "nQuads": 218,
            "child_modules": {},
            "svclass": [
                "$vcs_nba_dyn_obj",
                0,
                35,
                2,
                2,
                0,
                "sigprop$$",
                0,
                35,
                2,
                2,
                0,
                "process",
                0,
                200,
                8,
                8,
                0,
                "event",
                0,
                34,
                2,
                2,
                0,
                "mailbox",
                0,
                140,
                9,
                9,
                0,
                "semaphore",
                0,
                84,
                5,
                5,
                0
            ],
            "Compiled Times": 2,
            "Compiled": "Yes",
            "nRouts": 33,
            "end_perf": [
                0.22323799133300781,
                0.082653000000000004,
                0.026352,
                310796,
                385112,
                39937829505085,
                8589934594,
                0
            ],
            "nMops": 528
        },
        "tb": {
            "nQuads": 1444,
            "start_perf": [
                0.22327995300292969,
                0.082695000000000005,
                0.026352,
                310796,
                385112,
                1751887186.598042,
                39937829559209
            ],
            "child_modules": {},
            "Compiled Times": 2,
            "Compiled": "Yes",
            "nRouts": 151,
            "end_perf": [
                0.24739503860473633,
                0.097196000000000005,
                0.026352,
                310796,
                385112,
                39937889809736,
                21474836481,
                0
            ],
            "nMops": 4003
        }
    },
    "reusePaths": {
        "amcQw_d": {
            "icPath": "csrc"
        },
        "reYIK_d": {
            "icPath": "csrc"
        },
        "g7hgQ_d": {
            "icPath": "csrc"
        }
    },
    "ObjArchives": [
        {
            "archive": "archive.1/_76774_archive_1.a",
            "size": 118790,
            "objects": [
                [
                    "amcQwB.o",
                    118790
                ]
            ]
        }
    ],
    "stat": {
        "ru_self_end": {
            "ru_nvcsw": 48,
            "ru_utime_sec": 0.102355,
            "ru_majflt": 0,
            "ru_stime_sec": 0.026352,
            "ru_maxrss_kb": 126672,
            "ru_minflt": 14151,
            "ru_nivcsw": 152
        },
        "peak_mem_kb": 385112,
        "ru_childs_end": {
            "ru_nvcsw": 20,
            "ru_utime_sec": 0.016403999999999998,
            "ru_majflt": 0,
            "ru_stime_sec": 0.0049610000000000001,
            "ru_maxrss_kb": 115408,
            "ru_minflt": 2723,
            "ru_nivcsw": 23
        },
        "cpu_cycles_end": 39937936297314
    }
}