{
    "CompUnits": {
        "amcQw_d": {
            "mod": "...MASTER...",
            "checksum": 0,
            "out": "objs/amcQw_d.o",
            "bytes": 7832,
            "text": 434,
            "mode": 4
        },
        "reYIK_d": {
            "cls": 7017,
            "mod": "std",
            "checksum": 0,
            "out": "reYIK_d.o",
            "bytes": 43000,
            "text": 7325,
            "mode": 4,
            "archive": "archive.0/_364413_archive_1.a"
        },
        "iAVhC_d": {
            "mod": "testbench",
            "checksum": 0,
            "out": "iAVhC_d.o",
            "bytes": 69596,
            "text": 40748,
            "mode": 4,
            "archive": "archive.0/_364413_archive_1.a"
        }
    },
    "Modules": {
        "...MASTER...": {
            "start_perf": [
                0.2297520637512207,
                0.075619000000000006,
                0.030247,
                298680,
                384100,
                1735962117.8271511,
                396852398226520
            ],
            "nQuads": 0,
            "child_modules": {
                "std": 1,
                "testbench": 1
            },
            "end_perf": [
                0.2317960262298584,
                0.077661999999999995,
                0.030247,
                303192,
                384100,
                396852403369480,
                0,
                0
            ],
            "nMops": 0,
            "nRouts": 5
        },
        "std": {
            "start_perf": [
                0.2318570613861084,
                0.077724000000000001,
                0.030247,
                303192,
                384100,
                1735962117.8292561,
                396852403479478
            ],
            "child_modules": {},
            "nQuads": 218,
            "Compiled": "Yes",
            "Compiled Times": 1,
            "svclass": [
                "$vcs_nba_dyn_obj",
                576,
                35,
                2,
                2,
                0,
                "sigprop$$",
                576,
                35,
                2,
                2,
                0,
                "process",
                2380,
                200,
                8,
                8,
                0,
                "event",
                597,
                34,
                2,
                2,
                0,
                "mailbox",
                1769,
                140,
                9,
                9,
                0,
                "semaphore",
                1119,
                84,
                5,
                5,
                0
            ],
            "end_perf": [
                0.23977398872375488,
                0.084819000000000006,
                0.030247,
                305440,
                384100,
                396852423297865,
                8589934594,
                0
            ],
            "nMops": 528,
            "nRouts": 33
        },
        "testbench": {
            "start_perf": [
                0.23983001708984375,
                0.084875000000000006,
                0.030247,
                305440,
                384100,
                1735962117.837229,
                396852423377884
            ],
            "child_modules": {},
            "nQuads": 1504,
            "Compiled": "Yes",
            "significant_routs": [
                [
                    56,
                    "R_VCSgd_iAVhC_38",
                    3906489,
                    129,
                    13
                ]
            ],
            "end_perf": [
                0.27878189086914062,
                0.11686000000000001,
                0.032867,
                309576,
                384100,
                396852520661678,
                17179869185,
                0
            ],
            "Compiled Times": 1,
            "nMops": 4311,
            "nRouts": 140
        }
    },
    "reusePaths": {},
    "ObjArchives": [
        {
            "archive": "archive.0/_364413_archive_1.a",
            "objects": [
                [
                    "reYIK_d.o",
                    43000
                ],
                [
                    "iAVhC_d.o",
                    69596
                ],
                [
                    "amcQwB.o",
                    116846
                ]
            ],
            "size": 229442
        }
    ],
    "stat": {
        "peak_mem_kb": 384100,
        "ru_self_end": {
            "ru_minflt": 14072,
            "ru_utime_sec": 0.12049,
            "ru_stime_sec": 0.033888000000000001,
            "ru_maxrss_kb": 123588,
            "ru_nivcsw": 130,
            "ru_nvcsw": 13,
            "ru_majflt": 0
        },
        "ru_childs_end": {
            "ru_minflt": 2712,
            "ru_utime_sec": 0.0095619999999999993,
            "ru_stime_sec": 0.010671999999999999,
            "ru_maxrss_kb": 111612,
            "ru_nivcsw": 23,
            "ru_nvcsw": 22,
            "ru_majflt": 0
        },
        "cpu_cycles_end": 396852577007831
    }
}