{
    "Modules": {
        "...MASTER...": {
            "nMops": 0,
            "nQuads": 0,
            "start_perf": [
                0.2352759838104248,
                0.072234999999999994,
                0.032104000000000001,
                298896,
                383860,
                1740567016.996222,
                32798729687046
            ],
            "child_modules": {
                "std": 1,
                "testbench": 1
            },
            "nRouts": 5,
            "end_perf": [
                0.23737788200378418,
                0.073689000000000004,
                0.032750000000000001,
                303364,
                383860,
                32798734964869,
                0,
                0
            ]
        },
        "std": {
            "start_perf": [
                0.23744106292724609,
                0.073733999999999994,
                0.032770000000000001,
                303364,
                383860,
                1740567016.9983871,
                32798735090646
            ],
            "nQuads": 218,
            "child_modules": {},
            "Compiled": "Yes",
            "Compiled Times": 1,
            "svclass": [
                "$vcs_nba_dyn_obj",
                576,
                35,
                2,
                2,
                0,
                "sigprop$$",
                576,
                35,
                2,
                2,
                0,
                "process",
                2380,
                200,
                8,
                8,
                0,
                "event",
                597,
                34,
                2,
                2,
                0,
                "mailbox",
                1769,
                140,
                9,
                9,
                0,
                "semaphore",
                1119,
                84,
                5,
                5,
                0
            ],
            "significant_routs": [
                [
                    20,
                    "F_VCSgd_reYIK_20_0",
                    4817881,
                    407,
                    20
                ]
            ],
            "nRouts": 33,
            "end_perf": [
                0.24638795852661133,
                0.081120999999999999,
                0.032770000000000001,
                305604,
                383860,
                32798757466189,
                8589934594,
                0
            ],
            "nMops": 528
        },
        "testbench": {
            "nMops": 2563,
            "nQuads": 1064,
            "start_perf": [
                0.24643802642822266,
                0.081171999999999994,
                0.032770000000000001,
                305604,
                383860,
                1740567017.0073841,
                32798757563707
            ],
            "child_modules": {},
            "Compiled": "Yes",
            "Compiled Times": 1,
            "nRouts": 123,
            "end_perf": [
                0.27278399467468262,
                0.102868,
                0.035608000000000001,
                308944,
                383860,
                32798823353323,
                17179869185,
                0
            ]
        }
    },
    "CompUnits": {
        "reYIK_d": {
            "mode": 4,
            "mod": "std",
            "out": "reYIK_d.o",
            "cls": 7017,
            "bytes": 43000,
            "text": 7325,
            "checksum": 0,
            "archive": "archive.0/_118593_archive_1.a"
        },
        "amcQw_d": {
            "mode": 4,
            "mod": "...MASTER...",
            "out": "objs/amcQw_d.o",
            "bytes": 7832,
            "text": 434,
            "checksum": 0
        },
        "iAVhC_d": {
            "mode": 4,
            "mod": "testbench",
            "out": "iAVhC_d.o",
            "bytes": 49462,
            "text": 25192,
            "checksum": 0,
            "archive": "archive.0/_118593_archive_1.a"
        }
    },
    "reusePaths": {},
    "ObjArchives": [
        {
            "archive": "archive.0/_118593_archive_1.a",
            "objects": [
                [
                    "reYIK_d.o",
                    43000
                ],
                [
                    "iAVhC_d.o",
                    49462
                ],
                [
                    "amcQwB.o",
                    116972
                ]
            ],
            "size": 209434
        }
    ],
    "stat": {
        "ru_childs_end": {
            "ru_nivcsw": 30,
            "ru_nvcsw": 22,
            "ru_majflt": 0,
            "ru_minflt": 2714,
            "ru_utime_sec": 0.016601999999999999,
            "ru_maxrss_kb": 111908,
            "ru_stime_sec": 0.0048219999999999999
        },
        "ru_self_end": {
            "ru_nivcsw": 118,
            "ru_nvcsw": 22,
            "ru_majflt": 0,
            "ru_minflt": 13953,
            "ru_utime_sec": 0.10681300000000001,
            "ru_maxrss_kb": 123372,
            "ru_stime_sec": 0.035930999999999998
        },
        "cpu_cycles_end": 32798834054426,
        "peak_mem_kb": 383860
    }
}