{
    "Modules": {
        "...MASTER...": {
            "start_perf": [
                0.21878194808959961,
                0.084934999999999997,
                0.016570000000000001,
                298884,
                381708,
                1755716599.367398,
                9764240571002
            ],
            "nMops": 0,
            "child_modules": {
                "testbench": 1,
                "std": 1
            },
            "nQuads": 0,
            "end_perf": [
                0.22087883949279785,
                0.084934999999999997,
                0.018665999999999999,
                303352,
                381708,
                9764245844070,
                0,
                0
            ],
            "nRouts": 5
        },
        "testbench": {
            "start_perf": [
                0.22843098640441895,
                0.091796000000000003,
                0.019123999999999999,
                305596,
                381708,
                1755716599.3770471,
                9764264649446
            ],
            "nMops": 2740,
            "Compiled": "Yes",
            "child_modules": {},
            "Compiled Times": 1,
            "nQuads": 1322,
            "end_perf": [
                0.25774502754211426,
                0.11301600000000001,
                0.023382,
                309040,
                381708,
                9764338389841,
                17179869185,
                0
            ],
            "nRouts": 152
        },
        "std": {
            "start_perf": [
                0.22110295295715332,
                0.084934999999999997,
                0.018742000000000002,
                303352,
                381708,
                1755716599.369719,
                9764246380635
            ],
            "child_modules": {},
            "Compiled": "Yes",
            "nMops": 528,
            "Compiled Times": 1,
            "nQuads": 218,
            "end_perf": [
                0.22837495803833008,
                0.091747999999999996,
                0.019113999999999999,
                305596,
                381708,
                9764264574243,
                8589934594,
                0
            ],
            "svclass": [
                "$vcs_nba_dyn_obj",
                576,
                35,
                2,
                2,
                0,
                "sigprop$$",
                576,
                35,
                2,
                2,
                0,
                "process",
                2380,
                200,
                8,
                8,
                0,
                "event",
                597,
                34,
                2,
                2,
                0,
                "mailbox",
                1769,
                140,
                9,
                9,
                0,
                "semaphore",
                1119,
                84,
                5,
                5,
                0
            ],
            "nRouts": 33
        }
    },
    "stat": {
        "ru_self_end": {
            "ru_majflt": 0,
            "ru_stime_sec": 0.026147,
            "ru_utime_sec": 0.114291,
            "ru_maxrss_kb": 123756,
            "ru_minflt": 13976,
            "ru_nvcsw": 8,
            "ru_nivcsw": 95
        },
        "ru_childs_end": {
            "ru_majflt": 0,
            "ru_stime_sec": 0.0090500000000000008,
            "ru_utime_sec": 0.01057,
            "ru_maxrss_kb": 112008,
            "ru_minflt": 2711,
            "ru_nvcsw": 21,
            "ru_nivcsw": 24
        },
        "peak_mem_kb": 381708,
        "cpu_cycles_end": 9764348302520
    },
    "CompUnits": {
        "iAVhC_d": {
            "mode": 4,
            "mod": "testbench",
            "out": "iAVhC_d.o",
            "bytes": 55908,
            "text": 29918,
            "checksum": 0,
            "archive": "archive.0/_206566_archive_1.a"
        },
        "amcQw_d": {
            "mode": 4,
            "mod": "...MASTER...",
            "out": "objs/amcQw_d.o",
            "bytes": 7832,
            "text": 434,
            "checksum": 0
        },
        "reYIK_d": {
            "mode": 4,
            "mod": "std",
            "out": "reYIK_d.o",
            "bytes": 43000,
            "text": 7325,
            "archive": "archive.0/_206566_archive_1.a",
            "cls": 7017,
            "checksum": 0
        }
    },
    "reusePaths": {},
    "ObjArchives": [
        {
            "archive": "archive.0/_206566_archive_1.a",
            "size": 215770,
            "objects": [
                [
                    "reYIK_d.o",
                    43000
                ],
                [
                    "iAVhC_d.o",
                    55908
                ],
                [
                    "amcQwB.o",
                    116862
                ]
            ]
        }
    ]
}