{
    "Modules": {
        "...MASTER...": {
            "start_perf": [
                0.23042511940002441,
                0.075389999999999999,
                0.026046,
                298588,
                381680,
                1740823054.8270741,
                10978153007490
            ],
            "nQuads": 0,
            "child_modules": {
                "std": 1,
                "tb": 1
            },
            "nRouts": 5,
            "end_perf": [
                0.23266816139221191,
                0.077632000000000007,
                0.026046,
                303124,
                381680,
                10978158636242,
                0,
                0
            ],
            "nMops": 0
        },
        "std": {
            "start_perf": [
                0.23272514343261719,
                0.077689999999999995,
                0.026046,
                303124,
                381680,
                1740823054.8293741,
                10978158745828
            ],
            "nQuads": 218,
            "child_modules": {},
            "svclass": [
                "$vcs_nba_dyn_obj",
                576,
                35,
                2,
                2,
                0,
                "sigprop$$",
                576,
                35,
                2,
                2,
                0,
                "process",
                2380,
                200,
                8,
                8,
                0,
                "event",
                597,
                34,
                2,
                2,
                0,
                "mailbox",
                1769,
                140,
                9,
                9,
                0,
                "semaphore",
                1119,
                84,
                5,
                5,
                0
            ],
            "Compiled Times": 1,
            "Compiled": "Yes",
            "end_perf": [
                0.24109101295471191,
                0.084875000000000006,
                0.026046,
                305460,
                381680,
                10978179678010,
                8589934594,
                0
            ],
            "nMops": 528,
            "nRouts": 33
        },
        "tb": {
            "start_perf": [
                0.24113917350769043,
                0.084925,
                0.026046,
                305460,
                381680,
                1740823054.8377881,
                10978179744162
            ],
            "nQuads": 670,
            "child_modules": {},
            "Compiled Times": 1,
            "Compiled": "Yes",
            "nMops": 1410,
            "significant_routs": [
                [
                    32,
                    "R_VCSgd_g7hgQ_20",
                    11589655,
                    729,
                    59
                ]
            ],
            "end_perf": [
                0.26207613945007324,
                0.098720000000000002,
                0.026046,
                307124,
                381680,
                10978232054331,
                17179869185,
                0
            ],
            "nRouts": 80
        }
    },
    "CompUnits": {
        "reYIK_d": {
            "mod": "std",
            "out": "reYIK_d.o",
            "checksum": 0,
            "bytes": 43000,
            "text": 7325,
            "cls": 7017,
            "archive": "archive.0/_48612_archive_1.a",
            "mode": 4
        },
        "amcQw_d": {
            "mod": "...MASTER...",
            "out": "objs/amcQw_d.o",
            "checksum": 0,
            "bytes": 7824,
            "text": 434,
            "mode": 4
        },
        "g7hgQ_d": {
            "mod": "tb",
            "out": "g7hgQ_d.o",
            "checksum": 0,
            "bytes": 32008,
            "text": 15339,
            "archive": "archive.0/_48612_archive_1.a",
            "mode": 4
        }
    },
    "reusePaths": {},
    "ObjArchives": [
        {
            "archive": "archive.0/_48612_archive_1.a",
            "objects": [
                [
                    "reYIK_d.o",
                    43000
                ],
                [
                    "g7hgQ_d.o",
                    32008
                ],
                [
                    "amcQwB.o",
                    116788
                ]
            ],
            "size": 191796
        }
    ],
    "stat": {
        "ru_self_end": {
            "ru_nvcsw": 9,
            "ru_utime_sec": 0.10337300000000001,
            "ru_stime_sec": 0.026046,
            "ru_maxrss_kb": 120752,
            "ru_minflt": 13346,
            "ru_majflt": 0,
            "ru_nivcsw": 174
        },
        "peak_mem_kb": 381680,
        "ru_childs_end": {
            "ru_nvcsw": 17,
            "ru_utime_sec": 0.014900999999999999,
            "ru_stime_sec": 0.0059509999999999997,
            "ru_maxrss_kb": 111120,
            "ru_minflt": 2712,
            "ru_majflt": 0,
            "ru_nivcsw": 25
        },
        "cpu_cycles_end": 10978245471239
    }
}