{
    "ObjArchives": [
        {
            "archive": "archive.0/_351643_archive_1.a",
            "objects": [
                [
                    "reYIK_d.o",
                    43000
                ],
                [
                    "g7hgQ_d.o",
                    70530
                ],
                [
                    "amcQwB.o",
                    119674
                ]
            ],
            "size": 233204
        }
    ],
    "Modules": {
        "...MASTER...": {
            "start_perf": [
                0.23115110397338867,
                0.080199000000000006,
                0.026329999999999999,
                310724,
                381980,
                1755718242.005728,
                13864287604889
            ],
            "child_modules": {
                "std": 1,
                "tb": 1
            },
            "end_perf": [
                0.23351907730102539,
                0.080199000000000006,
                0.028697,
                311704,
                381980,
                13864293551033,
                0,
                0
            ],
            "nRouts": 5,
            "nQuads": 0,
            "nMops": 0
        },
        "std": {
            "start_perf": [
                0.23360109329223633,
                0.080199000000000006,
                0.028766,
                311704,
                381980,
                1755718242.008178,
                13864293720548
            ],
            "Compiled": "Yes",
            "Compiled Times": 1,
            "child_modules": {},
            "end_perf": [
                0.24179506301879883,
                0.087812000000000001,
                0.029270000000000001,
                312672,
                381980,
                13864314213946,
                8589934594,
                0
            ],
            "nMops": 528,
            "svclass": [
                "$vcs_nba_dyn_obj",
                576,
                35,
                2,
                2,
                0,
                "sigprop$$",
                576,
                35,
                2,
                2,
                0,
                "process",
                2380,
                200,
                8,
                8,
                0,
                "event",
                597,
                34,
                2,
                2,
                0,
                "mailbox",
                1769,
                140,
                9,
                9,
                0,
                "semaphore",
                1119,
                84,
                5,
                5,
                0
            ],
            "nQuads": 218,
            "nRouts": 33
        },
        "tb": {
            "start_perf": [
                0.24184417724609375,
                0.087849999999999998,
                0.029283,
                312672,
                381980,
                1755718242.0164211,
                13864314284923
            ],
            "Compiled": "Yes",
            "Compiled Times": 1,
            "child_modules": {},
            "significant_routs": [
                [
                    2,
                    "R_VCSgd_g7hgQ_2",
                    2690354,
                    1875,
                    247
                ],
                [
                    13,
                    "R_VCSgd_g7hgQ_d",
                    13061115,
                    163,
                    11
                ],
                [
                    19,
                    "R_VCSgd_g7hgQ_13",
                    2721603,
                    1664,
                    300
                ],
                [
                    67,
                    "R_VCSgd_g7hgQ_43",
                    8335078,
                    150,
                    15
                ],
                [
                    96,
                    "R_VCSgd_g7hgQ_60",
                    3231920,
                    3104,
                    410
                ]
            ],
            "end_perf": [
                0.28815317153930664,
                0.120542,
                0.033251999999999997,
                312672,
                381980,
                13864429962517,
                21474836481,
                0
            ],
            "nQuads": 1423,
            "nMops": 3921,
            "nRouts": 149
        }
    },
    "CompUnits": {
        "amcQw_d": {
            "mod": "...MASTER...",
            "out": "objs/amcQw_d.o",
            "bytes": 7824,
            "text": 434,
            "mode": 4,
            "checksum": 0
        },
        "reYIK_d": {
            "archive": "archive.0/_351643_archive_1.a",
            "cls": 7017,
            "mod": "std",
            "out": "reYIK_d.o",
            "bytes": 43000,
            "text": 7325,
            "mode": 4,
            "checksum": 0
        },
        "g7hgQ_d": {
            "archive": "archive.0/_351643_archive_1.a",
            "mod": "tb",
            "out": "g7hgQ_d.o",
            "bytes": 70530,
            "text": 34014,
            "mode": 4,
            "checksum": 0
        }
    },
    "reusePaths": {},
    "stat": {
        "ru_self_end": {
            "ru_maxrss_kb": 128168,
            "ru_utime_sec": 0.12573999999999999,
            "ru_stime_sec": 0.033653000000000002,
            "ru_nvcsw": 9,
            "ru_minflt": 14315,
            "ru_majflt": 0,
            "ru_nivcsw": 83
        },
        "ru_childs_end": {
            "ru_maxrss_kb": 115804,
            "ru_utime_sec": 0.014767000000000001,
            "ru_stime_sec": 0.006574,
            "ru_nvcsw": 21,
            "ru_minflt": 2710,
            "ru_majflt": 0,
            "ru_nivcsw": 20
        },
        "cpu_cycles_end": 13864443835461,
        "peak_mem_kb": 381980
    }
}