{
    "reusePaths": {
        "amcQw_d": {
            "icPath": "csrc"
        },
        "reYIK_d": {
            "icPath": "csrc"
        },
        "iAVhC_d": {
            "icPath": "csrc"
        }
    },
    "Modules": {
        "...MASTER...": {
            "child_modules": {
                "std": 1,
                "testbench": 1
            },
            "start_perf": [
                0.22550201416015625,
                0.065393000000000007,
                0.03381,
                312044,
                384888,
                1741080382.687834,
                70142456705446
            ],
            "end_perf": [
                0.23154902458190918,
                0.065874000000000002,
                0.034874000000000002,
                312044,
                384888,
                70142471842900,
                0,
                0
            ],
            "nQuads": 0,
            "nMops": 0,
            "nRouts": 5
        },
        "std": {
            "child_modules": {},
            "start_perf": [
                0.23160791397094727,
                0.065912999999999999,
                0.034895000000000002,
                312044,
                384888,
                1741080382.6939399,
                70142471948273
            ],
            "Compiled": "Yes",
            "Compiled Times": 2,
            "end_perf": [
                0.23429489135742188,
                0.065912999999999999,
                0.037352000000000003,
                312044,
                384888,
                70142478696236,
                8589934594,
                0
            ],
            "nMops": 528,
            "svclass": [
                "$vcs_nba_dyn_obj",
                0,
                35,
                2,
                2,
                0,
                "sigprop$$",
                0,
                35,
                2,
                2,
                0,
                "process",
                0,
                200,
                8,
                8,
                0,
                "event",
                0,
                34,
                2,
                2,
                0,
                "mailbox",
                0,
                140,
                9,
                9,
                0,
                "semaphore",
                0,
                84,
                5,
                5,
                0
            ],
            "nQuads": 218,
            "nRouts": 33
        },
        "testbench": {
            "child_modules": {},
            "start_perf": [
                0.23433709144592285,
                0.065912999999999999,
                0.037394999999999998,
                312044,
                384888,
                1741080382.6966691,
                70142478757709
            ],
            "Compiled": "Yes",
            "Compiled Times": 2,
            "end_perf": [
                0.24677109718322754,
                0.076872999999999997,
                0.038435999999999998,
                312044,
                384888,
                70142509845107,
                17179869185,
                0
            ],
            "nQuads": 1087,
            "nMops": 2252,
            "nRouts": 129
        }
    },
    "stat": {
        "peak_mem_kb": 384888,
        "ru_self_end": {
            "ru_utime_sec": 0.077718999999999996,
            "ru_maxrss_kb": 124600,
            "ru_stime_sec": 0.042744999999999998,
            "ru_majflt": 0,
            "ru_minflt": 13824,
            "ru_nvcsw": 34,
            "ru_nivcsw": 136
        },
        "ru_childs_end": {
            "ru_utime_sec": 0.012439,
            "ru_maxrss_kb": 114104,
            "ru_stime_sec": 0.0082520000000000007,
            "ru_majflt": 0,
            "ru_minflt": 2730,
            "ru_nvcsw": 19,
            "ru_nivcsw": 14
        },
        "cpu_cycles_end": 70142523588896
    },
    "CompUnits": {},
    "ObjArchives": [
        {
            "size": 115894,
            "archive": "archive.1/_158313_archive_1.a",
            "objects": [
                [
                    "amcQwB.o",
                    115894
                ]
            ]
        }
    ]
}