{
    "CompUnits": {
        "amcQw_d": {
            "bytes": 7832,
            "mod": "...MASTER...",
            "text": 434,
            "out": "objs/amcQw_d.o",
            "mode": 4,
            "checksum": 0
        },
        "reYIK_d": {
            "cls": 7017,
            "bytes": 43000,
            "mod": "std",
            "text": 7325,
            "out": "reYIK_d.o",
            "mode": 4,
            "checksum": 0,
            "archive": "archive.0/_123650_archive_1.a"
        },
        "iBQ0t_d": {
            "bytes": 46104,
            "mod": "LIFObuffer_tb",
            "text": 26358,
            "out": "iBQ0t_d.o",
            "mode": 4,
            "checksum": 0,
            "archive": "archive.0/_123650_archive_1.a"
        }
    },
    "Modules": {
        "...MASTER...": {
            "start_perf": [
                0.20652103424072266,
                0.058652999999999997,
                0.046085000000000001,
                298648,
                383832,
                1772526335.133167,
                5580048466259
            ],
            "child_modules": {
                "std": 1,
                "LIFObuffer_tb": 1
            },
            "nMops": 0,
            "end_perf": [
                0.2090001106262207,
                0.061034999999999999,
                0.046085000000000001,
                303196,
                383832,
                5580054694391,
                0,
                0
            ],
            "nQuads": 0,
            "nRouts": 5
        },
        "std": {
            "start_perf": [
                0.20906805992126465,
                0.061103999999999999,
                0.046085000000000001,
                303196,
                383832,
                1772526335.1357141,
                5580054815896
            ],
            "child_modules": {},
            "Compiled": "Yes",
            "Compiled Times": 1,
            "nMops": 528,
            "end_perf": [
                0.2164909839630127,
                0.067789000000000002,
                0.046604,
                305484,
                383832,
                5580073395102,
                8589934594,
                0
            ],
            "svclass": [
                "$vcs_nba_dyn_obj",
                576,
                35,
                2,
                2,
                0,
                "sigprop$$",
                576,
                35,
                2,
                2,
                0,
                "process",
                2380,
                200,
                8,
                8,
                0,
                "event",
                597,
                34,
                2,
                2,
                0,
                "mailbox",
                1769,
                140,
                9,
                9,
                0,
                "semaphore",
                1119,
                84,
                5,
                5,
                0
            ],
            "nQuads": 218,
            "nRouts": 33
        },
        "LIFObuffer_tb": {
            "start_perf": [
                0.21654200553894043,
                0.067819000000000004,
                0.046626000000000001,
                305484,
                383832,
                1772526335.143188,
                5580073466559
            ],
            "significant_routs": [
                [
                    19,
                    "R_VCSgd_iBQ0t_13",
                    3245434,
                    2685,
                    432
                ],
                [
                    47,
                    "R_VCSgd_iBQ0t_2f",
                    2813373,
                    2852,
                    227
                ]
            ],
            "child_modules": {},
            "Compiled": "Yes",
            "Compiled Times": 1,
            "nMops": 3365,
            "end_perf": [
                0.23455595970153809,
                0.085408999999999999,
                0.046626000000000001,
                307148,
                383832,
                5580118489807,
                17179869185,
                0
            ],
            "nQuads": 1064,
            "nRouts": 128
        }
    },
    "stat": {
        "peak_mem_kb": 383832,
        "ru_childs_end": {
            "ru_minflt": 4113,
            "ru_utime_sec": 0.023628,
            "ru_majflt": 0,
            "ru_stime_sec": 0.0074799999999999997,
            "ru_maxrss_kb": 111884,
            "ru_nivcsw": 29,
            "ru_nvcsw": 17
        },
        "ru_self_end": {
            "ru_minflt": 13299,
            "ru_utime_sec": 0.089712,
            "ru_majflt": 0,
            "ru_stime_sec": 0.046626000000000001,
            "ru_maxrss_kb": 121324,
            "ru_nivcsw": 96,
            "ru_nvcsw": 30
        },
        "cpu_cycles_end": 5580129581106
    },
    "reusePaths": {},
    "ObjArchives": [
        {
            "archive": "archive.0/_123650_archive_1.a",
            "objects": [
                [
                    "reYIK_d.o",
                    43000
                ],
                [
                    "iBQ0t_d.o",
                    46104
                ],
                [
                    "amcQwB.o",
                    116886
                ]
            ],
            "size": 205990
        }
    ]
}