{
    "cpu_cycles_pass2_start": 2907044033069,
    "CurCompileUdps": {},
    "SIMBData": {
        "out": "amcQwB.o",
        "archive": "archive.0/_34300_archive_1.a",
        "text": 0,
        "bytes": 117120
    },
    "cycles_program_begin": 2906562145643,
    "perf": [
        {
            "stat": [
                "main",
                "entry",
                0.013017892837524414,
                0.029627000000000001,
                0.014813,
                203220,
                204476,
                0.0,
                0.0,
                1751695498.3719239,
                2906562358288
            ],
            "sub": [
                {
                    "stat": [
                        "doParsingAndDesignResolution",
                        "entry",
                        0.13254594802856445,
                        0.038712999999999997,
                        0.017205999999999999,
                        212908,
                        213708,
                        0.0,
                        0.0,
                        1751695498.491452,
                        2906860671254
                    ],
                    "sub": []
                },
                {
                    "stat": [
                        "doParsingAndDesignResolution",
                        "exit",
                        0.14493608474731445,
                        0.047953999999999997,
                        0.017205999999999999,
                        250604,
                        253812,
                        0.0,
                        0.0,
                        1751695498.5038421,
                        2906891619481
                    ],
                    "sub": []
                },
                {
                    "stat": [
                        "doPostDesignResolutionToVir2Vcs",
                        "entry",
                        0.15098786354064941,
                        0.050205,
                        0.020917999999999999,
                        298136,
                        381676,
                        0.0,
                        0.0,
                        1751695498.5098939,
                        2906906720118
                    ],
                    "sub": [
                        {
                            "stat": [
                                "doUptoVir2VcsNoSepCleanup",
                                "entry",
                                0.15347790718078613,
                                0.050205,
                                0.023408000000000002,
                                298360,
                                381676,
                                0.0,
                                0.0,
                                1751695498.5123839,
                                2906912934892
                            ],
                            "sub": []
                        },
                        {
                            "stat": [
                                "doUptoVir2VcsNoSepCleanup",
                                "exit",
                                0.16353988647460938,
                                0.058550999999999999,
                                0.025093000000000001,
                                298616,
                                381676,
                                0.0,
                                0.0,
                                1751695498.5224459,
                                2906938057108
                            ],
                            "sub": []
                        },
                        {
                            "stat": [
                                "doRadify_vir2vcsAll",
                                "entry",
                                0.16359806060791016,
                                0.058592999999999999,
                                0.025111000000000001,
                                298616,
                                381676,
                                0.0,
                                0.0,
                                1751695498.5225041,
                                2906938138665
                            ],
                            "sub": []
                        },
                        {
                            "stat": [
                                "doRadify_vir2vcsAll",
                                "exit",
                                0.16588091850280762,
                                0.058592999999999999,
                                0.027393000000000001,
                                300216,
                                381676,
                                0.0,
                                0.0,
                                1751695498.5247869,
                                2906943892485
                            ],
                            "sub": []
                        }
                    ]
                },
                {
                    "stat": [
                        "doPostDesignResolutionToVir2Vcs",
                        "exit",
                        0.16591596603393555,
                        0.058592999999999999,
                        0.02743,
                        300216,
                        381676,
                        0.0,
                        0.0,
                        1751695498.524822,
                        2906943924827
                    ],
                    "sub": []
                },
                {
                    "stat": [
                        "doGAToPass2",
                        "entry",
                        0.16592788696289062,
                        0.058592999999999999,
                        0.027442000000000001,
                        300216,
                        381676,
                        0.0,
                        0.0,
                        1751695498.5248339,
                        2906943950565
                    ],
                    "sub": [
                        {
                            "stat": [
                                "DoPass2",
                                "entry",
                                0.2059938907623291,
                                0.058592999999999999,
                                0.02844,
                                298660,
                                381676,
                                0.01367,
                                0.0047869999999999996,
                                1751695498.5648999,
                                2907044022519
                            ],
                            "sub": []
                        },
                        {
                            "stat": [
                                "DoPass2",
                                "exit",
                                0.23013496398925781,
                                0.073465000000000003,
                                0.036732000000000001,
                                309168,
                                381676,
                                0.01367,
                                0.0047869999999999996,
                                1751695498.589041,
                                2907104264320
                            ],
                            "sub": []
                        }
                    ]
                },
                {
                    "stat": [
                        "doGAToPass2",
                        "exit",
                        0.23334193229675293,
                        0.076672000000000004,
                        0.036732000000000001,
                        309168,
                        381676,
                        0.01367,
                        0.0047869999999999996,
                        1751695498.592248,
                        2907112273868
                    ],