{
    "Modules": {
        "...MASTER...": {
            "start_perf": [
                0.21160483360290527,
                0.063395999999999994,
                0.034925999999999999,
                298592,
                383832,
                1751698869.8069849,
                11321690907096
            ],
            "child_modules": {
                "std": 1,
                "test": 1
            },
            "nRouts": 5,
            "end_perf": [
                0.21424603462219238,
                0.064480999999999997,
                0.036269999999999997,
                303144,
                383832,
                11321697623064,
                0,
                0
            ],
            "nQuads": 0,
            "nMops": 0
        },
        "std": {
            "significant_routs": [
                [
                    20,
                    "F_VCSgd_reYIK_20_0",
                    15695767,
                    407,
                    20
                ]
            ],
            "start_perf": [
                0.2144019603729248,
                0.064583000000000002,
                0.036327999999999999,
                303144,
                383832,
                1751698869.809782,
                11321697897925
            ],
            "child_modules": {},
            "nQuads": 218,
            "Compiled": "Yes",
            "Compiled Times": 1,
            "svclass": [
                "$vcs_nba_dyn_obj",
                576,
                35,
                2,
                2,
                0,
                "sigprop$$",
                576,
                35,
                2,
                2,
                0,
                "process",
                2380,
                200,
                8,
                8,
                0,
                "event",
                597,
                34,
                2,
                2,
                0,
                "mailbox",
                1769,
                140,
                9,
                9,
                0,
                "semaphore",
                1119,
                84,
                5,
                5,
                0
            ],
            "nRouts": 33,
            "end_perf": [
                0.22847700119018555,
                0.066201999999999997,
                0.042835999999999999,
                305476,
                383832,
                11321733095230,
                8589934594,
                0
            ],
            "nMops": 528
        },
        "test": {
            "significant_routs": [
                [
                    29,
                    "R_VCSgd_x9Hvb_1d",
                    2807073,
                    781,
                    68
                ],
                [
                    31,
                    "R_VCSgd_x9Hvb_1f",
                    4512286,
                    886,
                    84
                ],
                [
                    36,
                    "R_VCSgd_x9Hvb_24",
                    2825568,
                    43,
                    4
                ]
            ],
            "start_perf": [
                0.22854304313659668,
                0.066242999999999996,
                0.042862999999999998,
                305476,
                383832,
                1751698869.8239231,
                11321733178572
            ],
            "child_modules": {},
            "nQuads": 507,
            "Compiled": "Yes",
            "Compiled Times": 1,
            "nRouts": 62,
            "end_perf": [
                0.24447798728942871,
                0.074134000000000005,
                0.046821000000000002,
                307140,
                383832,
                11321773026093,
                17179869185,
                0
            ],
            "nMops": 1016
        }
    },
    "CompUnits": {
        "amcQw_d": {
            "mod": "...MASTER...",
            "checksum": 0,
            "out": "objs/amcQw_d.o",
            "bytes": 7824,
            "text": 434,
            "mode": 4
        },
        "reYIK_d": {
            "archive": "archive.0/_134080_archive_1.a",
            "cls": 7017,
            "mod": "std",
            "checksum": 0,
            "out": "reYIK_d.o",
            "bytes": 43000,
            "text": 7325,
            "mode": 4
        },
        "x9Hvb_d": {
            "archive": "archive.0/_134080_archive_1.a",
            "mod": "test",
            "checksum": 0,
            "out": "x9Hvb_d.o",
            "bytes": 24624,
            "text": 10978,
            "mode": 4
        }
    },
    "reusePaths": {},
    "stat": {
        "cpu_cycles_end": 11321786002541,
        "ru_self_end": {
            "ru_maxrss_kb": 120824,
            "ru_utime_sec": 0.078196000000000002,
            "ru_minflt": 13269,
            "ru_stime_sec": 0.047431000000000001,
            "ru_majflt": 0,
            "ru_nivcsw": 98,
            "ru_nvcsw": 13
        },
        "ru_childs_end": {
            "ru_maxrss_kb": 111412,
            "ru_utime_sec": 0.016693,
            "ru_minflt": 2465,
            "ru_stime_sec": 0.0030929999999999998,
            "ru_majflt": 0,
            "ru_nivcsw": 23,
            "ru_nvcsw": 18
        },
        "peak_mem_kb": 383832
    },
    "ObjArchives": [
        {
            "size": 184226,
            "archive": "archive.0/_134080_archive_1.a",
            "objects": [
                [
                    "reYIK_d.o",
                    43000
                ],
                [
                    "x9Hvb_d.o",
                    24624
                ],
                [
                    "amcQwB.o",
                    116602
                ]
            ]
        }
    ]
}