{
    "LVLData": [
        "SIM"
    ],
    "cpu_cycles_pass2_start": 30194946364573,
    "cycles_program_begin": 30194486876386,
    "perf": [
        {
            "stat": [
                "main",
                "entry",
                0.019183874130249023,
                0.035639999999999998,
                0.017819999999999999,
                203220,
                204476,
                0.0,
                0.0,
                1740809424.7120099,
                30194487116963
            ],
            "sub": [
                {
                    "stat": [
                        "doParsingAndDesignResolution",
                        "entry",
                        0.13525700569152832,
                        0.044874999999999998,
                        0.018697999999999999,
                        212908,
                        213708,
                        0.0,
                        0.0,
                        1740809424.828083,
                        30194776791971
                    ],
                    "sub": []
                },
                {
                    "stat": [
                        "doParsingAndDesignResolution",
                        "exit",
                        0.15088105201721191,
                        0.050231999999999999,
                        0.027047999999999999,
                        316276,
                        381264,
                        0.0,
                        0.0,
                        1740809424.8437071,
                        30194815840601
                    ],
                    "sub": []
                },
                {
                    "stat": [
                        "doPostDesignResolutionToVir2Vcs",
                        "entry",
                        0.15887999534606934,
                        0.053745000000000001,
                        0.030710999999999999,
                        298164,
                        381264,
                        0.0,
                        0.0,
                        1740809424.851706,
                        30194835770067
                    ],
                    "sub": [
                        {
                            "stat": [
                                "doUptoVir2VcsNoSepCleanup",
                                "entry",
                                0.16203689575195312,
                                0.056850999999999999,
                                0.030710999999999999,
                                298388,
                                381264,
                                0.0,
                                0.0,
                                1740809424.8548629,
                                30194843633844
                            ],
                            "sub": []
                        },
                        {
                            "stat": [
                                "doUptoVir2VcsNoSepCleanup",
                                "exit",
                                0.17786407470703125,
                                0.066091999999999998,
                                0.03499,
                                298644,
                                381264,
                                0.0020119999999999999,
                                0.0,
                                1740809424.8706901,
                                30194883152735
                            ],
                            "sub": []
                        },
                        {
                            "stat": [
                                "doRadify_vir2vcsAll",
                                "entry",
                                0.17791891098022461,
                                0.066128999999999993,
                                0.035008999999999998,
                                298644,
                                381264,
                                0.0020119999999999999,
                                0.0,
                                1740809424.8707449,
                                30194883235147
                            ],
                            "sub": []
                        },
                        {
                            "stat": [
                                "doRadify_vir2vcsAll",
                                "exit",
                                0.18070101737976074,
                                0.068829000000000001,
                                0.035008999999999998,
                                300244,
                                381264,
                                0.0020119999999999999,
                                0.0,
                                1740809424.8735271,
                                30194890220778
                            ],
                            "sub": []
                        }
                    ]
                },
                {
                    "stat": [
                        "doPostDesignResolutionToVir2Vcs",
                        "exit",
                        0.18073487281799316,
                        0.068863999999999995,
                        0.035008999999999998,
                        300244,
                        381264,
                        0.0020119999999999999,
                        0.0,
                        1740809424.8735609,
                        30194890258482
                    ],
                    "sub": []
                },
                {
                    "stat": [
                        "doGAToPass2",
                        "entry",
                        0.18074798583984375,
                        0.068876999999999994,
                        0.035008999999999998,
                        300244,
                        381264,
                        0.0020119999999999999,
                        0.0,
                        1740809424.873574,
                        30194890286178
                    ],
                    "sub": [
                        {
                            "stat": [
                                "DoPass2",
                                "entry",
                                0.20318794250488281,
                                0.069892999999999997,
                                0.035008999999999998,
                                298688,
                                381264,
                                0.01687,
                                0.0044819999999999999,
                                1740809424.896014,
                                30194946354406
                            ],
                            "sub": []
                        },
                        {
                            "stat": [
                                "DoPass2",
                                "exit",
                                0.2509160041809082,
                                0.106712,
                                0.039523000000000003,
                                310588,
                                381264,
                                0.01687,
                                0.0044819999999999999,
                                1740809424.943742,
                                30195065462110
                            ],
                            "sub": []
                        }
                    ]
                },
                {
                    "stat": [
                        "doGAToPass2",
                        "exit",
                        0.25379204750061035,
                        0.109588,
                        0.039523000000000003,
                        310588,
                        381264,
                        0.01687,
                        0.0044819999999999999,
                        1740809424.9466181,
                        30195072643654
                    ],