{
    "stat": {
        "ru_self_end": {
            "ru_maxrss_kb": 122616,
            "ru_utime_sec": 0.109651,
            "ru_nvcsw": 22,
            "ru_minflt": 13787,
            "ru_stime_sec": 0.039523000000000003,
            "ru_nivcsw": 125,
            "ru_majflt": 0
        },
        "ru_childs_end": {
            "ru_maxrss_kb": 111724,
            "ru_utime_sec": 0.01687,
            "ru_nvcsw": 22,
            "ru_minflt": 2712,
            "ru_stime_sec": 0.0044819999999999999,
            "ru_nivcsw": 20,
            "ru_majflt": 1
        },
        "cpu_cycles_end": 30195072749092,
        "peak_mem_kb": 381264
    },
    "Modules": {
        "...MASTER...": {
            "start_perf": [
                0.20327901840209961,
                0.069985000000000006,
                0.035008999999999998,
                298688,
                381264,
                1740809424.8961051,
                30194946527375
            ],
            "nMops": 0,
            "child_modules": {
                "tb_multi_pipe": 1,
                "std": 1
            },
            "nRouts": 5,
            "end_perf": [
                0.20539307594299316,
                0.072098999999999996,
                0.035008999999999998,
                303220,
                381264,
                30194951840142,
                0,
                0
            ],
            "nQuads": 0
        },
        "std": {
            "start_perf": [
                0.20545196533203125,
                0.072158,
                0.035008999999999998,
                303220,
                381264,
                1740809424.898278,
                30194951949421
            ],
            "nMops": 528,
            "child_modules": {},
            "nRouts": 33,
            "end_perf": [
                0.21510791778564453,
                0.076364000000000001,
                0.038182000000000001,
                305492,
                381264,
                30194976106084,
                8589934594,
                0
            ],
            "svclass": [
                "$vcs_nba_dyn_obj",
                576,
                35,
                2,
                2,
                0,
                "sigprop$$",
                576,
                35,
                2,
                2,
                0,
                "process",
                2380,
                200,
                8,
                8,
                0,
                "event",
                597,
                34,
                2,
                2,
                0,
                "mailbox",
                1769,
                140,
                9,
                9,
                0,
                "semaphore",
                1119,
                84,
                5,
                5,
                0
            ],
            "Compiled": "Yes",
            "Compiled Times": 1,
            "significant_routs": [
                [
                    30,
                    "N_VCSgd_reYIK",
                    5918714,
                    57,
                    0
                ]
            ],
            "nQuads": 218
        },
        "tb_multi_pipe": {
            "start_perf": [
                0.21515989303588867,
                0.076398999999999995,
                0.038198999999999997,
                305492,
                381264,
                1740809424.9079859,
                30194976178506
            ],
            "child_modules": {},
            "nMops": 4532,
            "nRouts": 127,
            "end_perf": [
                0.24965906143188477,
                0.105806,
                0.039187,
                308924,
                381264,
                30195062350302,
                17179869185,
                0
            ],
            "Compiled": "Yes",
            "Compiled Times": 1,
            "significant_routs": [
                [
                    16,
                    "R_VCSgd_t2BSw_10",
                    2719252,
                    2466,
                    358
                ],
                [
                    41,
                    "R_VCSgd_t2BSw_29",
                    2793994,
                    810,
                    75
                ],
                [
                    46,
                    "R_VCSgd_t2BSw_2e",
                    3147290,
                    1480,
                    124
                ],
                [
                    100,
                    "R_VCSgd_t2BSw_64",
                    3232156,
                    371,
                    63
                ],
                [
                    121,
                    "R_VCSgd_t2BSw_79",
                    2516081,
                    2997,
                    353
                ]
            ],
            "nQuads": 1260
        }
    },
    "CompUnits": {
        "amcQw_d": {
            "text": 434,
            "mod": "...MASTER...",
            "mode": 4,
            "out": "objs/amcQw_d.o",
            "bytes": 7832,
            "checksum": 0
        },
        "reYIK_d": {
            "text": 7325,
            "mod": "std",
            "mode": 4,
            "out": "reYIK_d.o",
            "archive": "archive.0/_75917_archive_1.a",
            "bytes": 43000,
            "cls": 7017,
            "checksum": 0
        },
        "t2BSw_d": {
            "text": 36819,
            "mod": "tb_multi_pipe",
            "mode": 4,
            "out": "t2BSw_d.o",
            "archive": "archive.0/_75917_archive_1.a",
            "bytes": 59214,
            "checksum": 0
        }
    },
    "reusePaths": {},
    "ObjArchives": [
        {
            "archive": "archive.0/_75917_archive_1.a",
            "objects": [
                [
                    "reYIK_d.o",
                    43000
                ],
                [
                    "t2BSw_d.o",
                    59214
                ],
                [
                    "amcQwB.o",
                    117798
                ]
            ],
            "size": 220012
        }
    ]
}