{
    "ObjArchives": [
        {
            "archive": "archive.1/_37170_archive_1.a",
            "objects": [
                [
                    "amcQwB.o",
                    117018
                ]
            ],
            "size": 117018
        }
    ],
    "Modules": {
        "std": {
            "Compiled Times": 2,
            "nMops": 528,
            "start_perf": [
                0.21337103843688965,
                0.066057000000000005,
                0.036801,
                310216,
                383832,
                1751688036.0914249,
                2118393375368
            ],
            "end_perf": [
                0.21613597869873047,
                0.068820999999999993,
                0.036801,
                310216,
                383832,
                2118400322657,
                8589934594,
                0
            ],
            "child_modules": {},
            "Compiled": "Yes",
            "svclass": [
                "$vcs_nba_dyn_obj",
                0,
                35,
                2,
                2,
                0,
                "sigprop$$",
                0,
                35,
                2,
                2,
                0,
                "process",
                0,
                200,
                8,
                8,
                0,
                "event",
                0,
                34,
                2,
                2,
                0,
                "mailbox",
                0,
                140,
                9,
                9,
                0,
                "semaphore",
                0,
                84,
                5,
                5,
                0
            ],
            "nQuads": 218,
            "nRouts": 33
        },
        "...MASTER...": {
            "nMops": 0,
            "start_perf": [
                0.20495820045471191,
                0.064106999999999997,
                0.036801,
                310216,
                383832,
                1751688036.0830121,
                2118372381773
            ],
            "end_perf": [
                0.21327304840087891,
                0.065957000000000002,
                0.036801,
                310216,
                383832,
                2118393237988,
                0,
                0
            ],
            "child_modules": {
                "tb_multi_pipe": 1,
                "std": 1
            },
            "nRouts": 5,
            "nQuads": 0
        },
        "tb_multi_pipe": {
            "nMops": 4803,
            "Compiled Times": 2,
            "start_perf": [
                0.21617913246154785,
                0.068864999999999996,
                0.036801,
                310216,
                383832,
                1751688036.094233,
                2118400382209
            ],
            "end_perf": [
                0.23171210289001465,
                0.082528000000000004,
                0.036801,
                310216,
                383832,
                2118439205129,
                17179869185,
                0
            ],
            "Compiled": "Yes",
            "child_modules": {},
            "nRouts": 125,
            "nQuads": 1295
        }
    },
    "reusePaths": {
        "amcQw_d": {
            "icPath": "csrc"
        },
        "t2BSw_d": {
            "icPath": "csrc"
        },
        "reYIK_d": {
            "icPath": "csrc"
        }
    },
    "CompUnits": {},
    "stat": {
        "ru_self_end": {
            "ru_nvcsw": 16,
            "ru_utime_sec": 0.082528000000000004,
            "ru_maxrss_kb": 124140,
            "ru_stime_sec": 0.042237999999999998,
            "ru_nivcsw": 145,
            "ru_minflt": 13564,
            "ru_majflt": 0
        },
        "ru_childs_end": {
            "ru_nvcsw": 17,
            "ru_utime_sec": 0.011867000000000001,
            "ru_maxrss_kb": 113644,
            "ru_stime_sec": 0.009724,
            "ru_nivcsw": 25,
            "ru_minflt": 2723,
            "ru_majflt": 0
        },
        "cpu_cycles_end": 2118452929327,
        "peak_mem_kb": 383832
    }
}