{
    "ObjArchives": [
        {
            "archive": "archive.0/_34114_archive_1.a",
            "objects": [
                [
                    "reYIK_d.o",
                    43000
                ],
                [
                    "iAVhC_d.o",
                    122596
                ],
                [
                    "amcQwB.o",
                    117134
                ]
            ],
            "size": 282730
        }
    ],
    "Modules": {
        "...MASTER...": {
            "child_modules": {
                "std": 1,
                "testbench": 1
            },
            "start_perf": [
                0.20532703399658203,
                0.071207999999999994,
                0.031648000000000003,
                310232,
                385388,
                1737444410.075362,
                7950389267034
            ],
            "end_perf": [
                0.20775318145751953,
                0.071207999999999994,
                0.033883999999999997,
                311212,
                385388,
                7950395352833,
                0,
                0
            ],
            "nQuads": 0,
            "nMops": 0,
            "nRouts": 5
        },
        "std": {
            "child_modules": {},
            "start_perf": [
                0.20781517028808594,
                0.071207999999999994,
                0.033945999999999997,
                311212,
                385388,
                1737444410.0778501,
                7950395469803
            ],
            "Compiled": "Yes",
            "svclass": [
                "$vcs_nba_dyn_obj",
                576,
                35,
                2,
                2,
                0,
                "sigprop$$",
                576,
                35,
                2,
                2,
                0,
                "process",
                2380,
                200,
                8,
                8,
                0,
                "event",
                597,
                34,
                2,
                2,
                0,
                "mailbox",
                1769,
                140,
                9,
                9,
                0,
                "semaphore",
                1119,
                84,
                5,
                5,
                0
            ],
            "nMops": 528,
            "Compiled Times": 1,
            "end_perf": [
                0.21485614776611328,
                0.074662000000000006,
                0.037331000000000003,
                312180,
                385388,
                7950413089069,
                8589934594,
                0
            ],
            "nQuads": 218,
            "nRouts": 33
        },
        "testbench": {
            "child_modules": {},
            "start_perf": [
                0.21490097045898438,
                0.074692999999999996,
                0.037345999999999997,
                312180,
                385388,
                1737444410.0849359,
                7950413149135
            ],
            "nMops": 7252,
            "Compiled": "Yes",
            "Compiled Times": 1,
            "end_perf": [
                0.25357818603515625,
                0.109736,
                0.040642999999999999,
                312180,
                385388,
                7950509759528,
                17179869185,
                0
            ],
            "nQuads": 2920,
            "nRouts": 328
        }
    },
    "CompUnits": {
        "amcQw_d": {
            "mod": "...MASTER...",
            "text": 434,
            "out": "objs/amcQw_d.o",
            "mode": 4,
            "bytes": 7832,
            "checksum": 0
        },
        "reYIK_d": {
            "mod": "std",
            "text": 7325,
            "out": "reYIK_d.o",
            "mode": 4,
            "bytes": 43000,
            "checksum": 0,
            "cls": 7017,
            "archive": "archive.0/_34114_archive_1.a"
        },
        "iAVhC_d": {
            "mod": "testbench",
            "text": 71402,
            "out": "iAVhC_d.o",
            "mode": 4,
            "bytes": 122596,
            "checksum": 0,
            "archive": "archive.0/_34114_archive_1.a"
        }
    },
    "reusePaths": {},
    "stat": {
        "cpu_cycles_end": 7950517982800,
        "ru_self_end": {
            "ru_utime_sec": 0.11271100000000001,
            "ru_nvcsw": 35,
            "ru_stime_sec": 0.040999000000000001,
            "ru_nivcsw": 58,
            "ru_maxrss_kb": 126568,
            "ru_minflt": 14396,
            "ru_majflt": 0
        },
        "ru_childs_end": {
            "ru_utime_sec": 0.013247999999999999,
            "ru_nvcsw": 18,
            "ru_stime_sec": 0.0058190000000000004,
            "ru_nivcsw": 21,
            "ru_maxrss_kb": 113444,
            "ru_minflt": 2713,
            "ru_majflt": 0
        },
        "peak_mem_kb": 385388
    }
}