{
    "stat": {
        "ru_self_end": {
            "ru_majflt": 0,
            "ru_minflt": 13348,
            "ru_utime_sec": 0.089772000000000005,
            "ru_nivcsw": 93,
            "ru_stime_sec": 0.034225999999999999,
            "ru_nvcsw": 18,
            "ru_maxrss_kb": 121552
        },
        "ru_self_cgstart": {
            "ru_majflt": 0,
            "ru_minflt": 11631,
            "ru_utime_sec": 0.060488,
            "ru_nivcsw": 88,
            "ru_stime_sec": 0.034225999999999999,
            "ru_nvcsw": 18,
            "ru_maxrss_kb": 111784
        },
        "nMops": 1942,
        "outputSizePerQuad": 224.88738738738738,
        "ru_childs_cgstart": {
            "ru_majflt": 0,
            "ru_minflt": 4113,
            "ru_utime_sec": 0.021961000000000001,
            "ru_nivcsw": 24,
            "ru_stime_sec": 0.010085,
            "ru_nvcsw": 20,
            "ru_maxrss_kb": 111784
        },
        "ru_childs_end": {
            "ru_majflt": 0,
            "ru_minflt": 4113,
            "ru_utime_sec": 0.021961000000000001,
            "ru_nivcsw": 24,
            "ru_stime_sec": 0.010085,
            "ru_nvcsw": 20,
            "ru_maxrss_kb": 111784
        },
        "nQuads": 888,
        "mopSpeed": 66316.077038655916,
        "cpu_cycles_cgstart": 8978132085072,
        "totalObjSize": 199700,
        "quadSpeed": 30323.726266903424,
        "cpu_cycles_end": 8978231651673,
        "cpu_cycles_total": 606347350,
        "mop/quad": 2.1869369369369371,
        "Frontend(%)": 73.791091262205427,
        "CodeGen(%)": 26.208908737794566,
        "peak_mem_kb": 381680,
        "realTime": 0.25942707061767578
    },
    "cycles_program_begin": 8977625304323,
    "PrevCompiledModules": {},
    "perf": [
        {
            "stat": [
                "main",
                "entry",
                0.016525030136108398,
                0.036318000000000003,
                0.011826,
                203224,
                204480,
                0.0,
                0.0,
                1772238165.623702,
                8977625510574
            ],
            "sub": [
                {
                    "stat": [
                        "doParsingAndDesignResolution",
                        "entry",
                        0.13794088363647461,
                        0.043691000000000001,
                        0.016766,
                        212912,
                        213712,
                        0.0,
                        0.0,
                        1772238165.7451179,
                        8977928542178
                    ],
                    "sub": []
                },
                {
                    "stat": [
                        "doParsingAndDesignResolution",
                        "exit",
                        0.14918708801269531,
                        0.046016000000000001,
                        0.024312,
                        250608,
                        253804,
                        0.0,
                        0.0,
                        1772238165.7563641,
                        8977956631662
                    ],
                    "sub": []
                },
                {
                    "stat": [
                        "doPostDesignResolutionToVir2Vcs",
                        "entry",
                        0.15630507469177246,
                        0.048565999999999998,
                        0.028694000000000001,
                        298140,
                        381680,
                        0.0,
                        0.0,
                        1772238165.7634821,
                        8977974385334
                    ],
                    "sub": [
                        {
                            "stat": [
                                "doUptoVir2VcsNoSepCleanup",
                                "entry",
                                0.16405606269836426,
                                0.04999,
                                0.030454999999999999,
                                298332,
                                381680,
                                0.0,
                                0.0,
                                1772238165.7712331,
                                8977993740987
                            ],
                            "sub": []
                        },
                        {
                            "stat": [
                                "doUptoVir2VcsNoSepCleanup",
                                "exit",
                                0.18315386772155762,
                                0.057008999999999997,
                                0.034204999999999999,
                                298460,
                                381680,
                                0.0022420000000000001,
                                0.0,
                                1772238165.7903309,
                                8978041401098
                            ],
                            "sub": []
                        },
                        {
                            "stat": [
                                "doRadify_vir2vcsAll",
                                "entry",
                                0.18320894241333008,
                                0.057043999999999997,
                                0.034225999999999999,
                                298460,
                                381680,
                                0.0022420000000000001,
                                0.0,
                                1772238165.790386,
                                8978041478019
                            ],
                            "sub": []
                        },
                        {
                            "stat": [
                                "doRadify_vir2vcsAll",
                                "exit",
                                0.18553495407104492,
                                0.059368999999999998,
                                0.034225999999999999,
                                300144,
                                381680,
                                0.0022420000000000001,
                                0.0,
                                1772238165.792712,
                                8978047341683
                            ],
                            "sub": []
                        }
                    ]
                },
                {
                    "stat": [
                        "doPostDesignResolutionToVir2Vcs",
                        "exit",
                        0.18557190895080566,
                        0.059407000000000001,
                        0.034225999999999999,
                        300144,
                        381680,
                        0.0022420000000000001,
                        0.0,
                        1772238165.7927489,
                        8978047374053
                    ],
                    "sub": []
                },
                {
                    "stat": [
                        "doGAToPass2",
                        "entry",
                        0.18558406829833984,
                        0.059419,
                        0.034225999999999999,
                        300144,
                        381680,
                        0.0022420000000000001,
                        0.0,
                        1772238165.7927611,
                        8978047400935
                    ],