{
    "CompUnits": {
        "amcQw_d": {
            "mod": "...MASTER...",
            "out": "objs/amcQw_d.o",
            "bytes": 7824,
            "text": 434,
            "mode": 4,
            "checksum": 0
        },
        "reYIK_d": {
            "cls": 7017,
            "mod": "std",
            "out": "reYIK_d.o",
            "bytes": 43000,
            "text": 7325,
            "archive": "archive.0/_169896_archive_1.a",
            "mode": 4,
            "checksum": 0
        },
        "g7hgQ_d": {
            "mod": "tb",
            "out": "g7hgQ_d.o",
            "bytes": 32064,
            "text": 15371,
            "archive": "archive.0/_169896_archive_1.a",
            "mode": 4,
            "checksum": 0
        }
    },
    "Modules": {
        "...MASTER...": {
            "start_perf": [
                0.21956205368041992,
                0.060534999999999999,
                0.034225999999999999,
                298588,
                381680,
                1772238165.8267391,
                8978132220775
            ],
            "nRouts": 5,
            "child_modules": {
                "std": 1,
                "tb": 1
            },
            "end_perf": [
                0.22229194641113281,
                0.063063999999999995,
                0.034225999999999999,
                303120,
                381680,
                8978139076407,
                0,
                0
            ],
            "nQuads": 0,
            "nMops": 0
        },
        "std": {
            "start_perf": [
                0.22236299514770508,
                0.063135999999999998,
                0.034225999999999999,
                303120,
                381680,
                1772238165.82954,
                8978139207396
            ],
            "Compiled Times": 1,
            "nRouts": 33,
            "child_modules": {},
            "Compiled": "Yes",
            "end_perf": [
                0.23021292686462402,
                0.070956000000000005,
                0.034225999999999999,
                305456,
                381680,
                8978158876542,
                8589934594,
                0
            ],
            "svclass": [
                "$vcs_nba_dyn_obj",
                576,
                35,
                2,
                2,
                0,
                "sigprop$$",
                576,
                35,
                2,
                2,
                0,
                "process",
                2380,
                200,
                8,
                8,
                0,
                "event",
                597,
                34,
                2,
                2,
                0,
                "mailbox",
                1769,
                140,
                9,
                9,
                0,
                "semaphore",
                1119,
                84,
                5,
                5,
                0
            ],
            "nQuads": 218,
            "nMops": 528
        },
        "tb": {
            "start_perf": [
                0.23027706146240234,
                0.071021000000000001,
                0.034225999999999999,
                305456,
                381680,
                1772238165.8374541,
                8978158958200
            ],
            "Compiled Times": 1,
            "nRouts": 80,
            "child_modules": {},
            "Compiled": "Yes",
            "end_perf": [
                0.25458407402038574,
                0.084948999999999997,
                0.034225999999999999,
                307120,
                381680,
                8978219691353,
                17179869185,
                0
            ],
            "significant_routs": [
                [
                    61,
                    "R_VCSgd_g7hgQ_3d",
                    26571720,
                    295,
                    34
                ]
            ],
            "nQuads": 670,
            "nMops": 1414
        }
    },
    "reusePaths": {},
    "ObjArchives": [
        {
            "archive": "archive.0/_169896_archive_1.a",
            "objects": [
                [
                    "reYIK_d.o",
                    43000
                ],
                [
                    "g7hgQ_d.o",
                    32064
                ],
                [
                    "amcQwB.o",
                    116812
                ]
            ],
            "size": 191876
        }
    ],
    "stat": {
        "cpu_cycles_end": 8978231209779,
        "ru_self_end": {
            "ru_majflt": 0,
            "ru_minflt": 13348,
            "ru_utime_sec": 0.089594999999999994,
            "ru_nivcsw": 93,
            "ru_stime_sec": 0.034225999999999999,
            "ru_nvcsw": 18,
            "ru_maxrss_kb": 121552
        },
        "ru_childs_end": {
            "ru_majflt": 0,
            "ru_minflt": 4113,
            "ru_utime_sec": 0.021961000000000001,
            "ru_nivcsw": 24,
            "ru_stime_sec": 0.010085,
            "ru_nvcsw": 20,
            "ru_maxrss_kb": 111784
        },
        "peak_mem_kb": 381680
    }
}