{
    "stat": {
        "peak_mem_kb": 383756,
        "ru_self_cgstart": {
            "ru_utime_sec": 0.072309999999999999,
            "ru_stime_sec": 0.028121,
            "ru_nivcsw": 79,
            "ru_nvcsw": 30,
            "ru_majflt": 0,
            "ru_maxrss_kb": 111832,
            "ru_minflt": 11872
        },
        "ru_childs_end": {
            "ru_utime_sec": 0.010064,
            "ru_stime_sec": 0.010654,
            "ru_nivcsw": 35,
            "ru_nvcsw": 19,
            "ru_majflt": 0,
            "ru_maxrss_kb": 111832,
            "ru_minflt": 2713
        },
        "quadSpeed": 35873.265252683952,
        "Frontend(%)": 70.558910445843509,
        "ru_childs_cgstart": {
            "ru_utime_sec": 0.010064,
            "ru_stime_sec": 0.010654,
            "ru_nivcsw": 35,
            "ru_nvcsw": 19,
            "ru_majflt": 0,
            "ru_maxrss_kb": 111832,
            "ru_minflt": 2713
        },
        "cpu_cycles_total": 612804989,
        "cpu_cycles_cgstart": 66352381925420,
        "nMops": 3184,
        "ru_self_end": {
            "ru_utime_sec": 0.106681,
            "ru_stime_sec": 0.038100000000000002,
            "ru_nivcsw": 95,
            "ru_nvcsw": 30,
            "ru_majflt": 0,
            "ru_maxrss_kb": 123824,
            "ru_minflt": 14052
        },
        "nQuads": 1233,
        "totalObjSize": 217786,
        "CodeGen(%)": 29.441089554156495,
        "cpu_cycles_end": 66352509035161,
        "mopSpeed": 92636.234034505833,
        "mop/quad": 2.5823195458231956,
        "outputSizePerQuad": 176.63098134630982,
        "realTime": 0.26258301734924316
    },
    "CurCompileModules": [
        "...MASTER...",
        "...MASTER...",
        "std",
        "std",
        "testbench",
        "testbench"
    ],
    "cycles_program_begin": 66351896230172,
    "SIMBData": {
        "out": "amcQwB.o",
        "bytes": 117412,
        "archive": "archive.0/_107555_archive_1.a",
        "text": 0
    },
    "incremental": "on",
    "LVLData": [
        "SIM"
    ],
    "perf": [
        {
            "stat": [
                "main",
                "entry",
                0.017101049423217773,
                0.033617000000000001,
                0.018676000000000002,
                203220,
                204476,
                0.0,
                0.0,
                1741078864.0470431,
                66351896454767
            ],
            "sub": [
                {
                    "stat": [
                        "doParsingAndDesignResolution",
                        "entry",
                        0.13054203987121582,
                        0.044145999999999998,
                        0.018676000000000002,
                        212908,
                        213708,
                        0.0,
                        0.0,
                        1741078864.1604841,
                        66352179560163
                    ],
                    "sub": []
                },
                {
                    "stat": [
                        "doParsingAndDesignResolution",
                        "exit",
                        0.14137506484985352,
                        0.048287999999999998,
                        0.025028000000000002,
                        316104,
                        383756,
                        0.0,
                        0.0,
                        1741078864.1713171,
                        66352206628840
                    ],
                    "sub": []
                },
                {
                    "stat": [
                        "doPostDesignResolutionToVir2Vcs",
                        "entry",
                        0.14897298812866211,
                        0.051783000000000003,
                        0.027883000000000002,
                        298052,
                        383756,
                        0.0,
                        0.0,
                        1741078864.178915,
                        66352225575066
                    ],
                    "sub": [
                        {
                            "stat": [
                                "doUptoVir2VcsNoSepCleanup",
                                "entry",
                                0.15182185173034668,
                                0.054632,
                                0.027883000000000002,
                                298276,
                                383756,
                                0.0,
                                0.0,
                                1741078864.1817639,
                                66352232679355
                            ],
                            "sub": []
                        },
                        {
                            "stat": [
                                "doUptoVir2VcsNoSepCleanup",
                                "exit",
                                0.17477989196777344,
                                0.068253999999999995,
                                0.028104000000000001,
                                298660,
                                383756,
                                0.0,
                                0.0019530000000000001,
                                1741078864.2047219,
                                66352290010417
                            ],
                            "sub": []
                        },
                        {
                            "stat": [
                                "doRadify_vir2vcsAll",
                                "entry",
                                0.17483687400817871,
                                0.068294999999999995,
                                0.028121,
                                298660,
                                383756,
                                0.0,
                                0.0019530000000000001,
                                1741078864.2047789,
                                66352290089390
                            ],
                            "sub": []
                        },
                        {
                            "stat": [
                                "doRadify_vir2vcsAll",
                                "exit",
                                0.17763495445251465,
                                0.071092000000000002,
                                0.028121,
                                300436,
                                383756,
                                0.0,
                                0.0019530000000000001,
                                1741078864.207577,
                                66352297126822
                            ],
                            "sub": []
                        }
                    ]
                },
                {
                    "stat": [
                        "doPostDesignResolutionToVir2Vcs",
                        "exit",
                        0.17767190933227539,
                        0.071129999999999999,
                        0.028121,
                        300436,
                        383756,
                        0.0,
                        0.0019530000000000001,
                        1741078864.2076139,
                        66352297160212
                    ],
                    "sub": []
                },
                {
                    "stat": [
                        "doGAToPass2",
                        "entry",
                        0.17768406867980957,
                        0.071141999999999997,
                        0.028121,
                        300436,
                        383756,
                        0.0,
                        0.0019530000000000001,
                        1741078864.2076261,
                        66352297186600
                    ],