{
    "stat": {
        "ru_self_end": {
            "ru_stime_sec": 0.052352000000000003,
            "ru_utime_sec": 0.092622999999999997,
            "ru_minflt": 14124,
            "ru_maxrss_kb": 123796,
            "ru_nivcsw": 74,
            "ru_majflt": 0,
            "ru_nvcsw": 17
        },
        "ru_self_cgstart": {
            "ru_stime_sec": 0.031757000000000001,
            "ru_utime_sec": 0.065659999999999996,
            "ru_minflt": 11792,
            "ru_maxrss_kb": 111644,
            "ru_nivcsw": 66,
            "ru_majflt": 0,
            "ru_nvcsw": 17
        },
        "cpu_cycles_cgstart": 522521578339,
        "ru_childs_cgstart": {
            "ru_stime_sec": 0.0089890000000000005,
            "ru_utime_sec": 0.011379999999999999,
            "ru_minflt": 2714,
            "ru_maxrss_kb": 111644,
            "ru_nivcsw": 9,
            "ru_majflt": 0,
            "ru_nvcsw": 18
        },
        "nMops": 5207,
        "ru_childs_end": {
            "ru_stime_sec": 0.0089890000000000005,
            "ru_utime_sec": 0.011379999999999999,
            "ru_minflt": 2714,
            "ru_maxrss_kb": 111644,
            "ru_nivcsw": 9,
            "ru_majflt": 0,
            "ru_nvcsw": 18
        },
        "peak_mem_kb": 381548,
        "nQuads": 1882,
        "mopSpeed": 193116.4929718503,
        "totalObjSize": 242590,
        "Frontend(%)": 74.074786304241229,
        "cpu_cycles_end": 522640753952,
        "outputSizePerQuad": 128.9001062699256,
        "cpu_cycles_total": 587692210,
        "quadSpeed": 69799.354671216104,
        "mop/quad": 2.7667375132837408,
        "CodeGen(%)": 25.925213695758774,
        "realTime": 0.25037884712219238
    },
    "cycles_program_begin": 522053061742,
    "CompileProcesses": [
        "cgproc.14416.json"
    ],
    "Misc": {
        "vcs_version": "O-2018.09-SP2_Full64",
        "VCS_HOME": "/home/kai/synopsys_tools/VCS_2018_SP2/vcs-mx/O-2018.09-SP2",
        "vcs_build_date": "Build Date = Feb 28 2019 22:34:30",
        "master_pid": 14416,
        "cwd": "/home/kai/ChiselProject/Benchmarks/_Benchmark_my/_Bootcamp/MyRoutingArbiter/_test/_cache/t9",
        "default_output_dir": "csrc",
        "hostname": "",
        "csrc": "csrc",
        "csrc_abs": "/home/kai/ChiselProject/Benchmarks/_Benchmark_my/_Bootcamp/MyRoutingArbiter/_test/_cache/t9/csrc",
        "daidir": "simv.daidir",
        "daidir_abs": "/home/kai/ChiselProject/Benchmarks/_Benchmark_my/_Bootcamp/MyRoutingArbiter/_test/_cache/t9/simv.daidir",
        "archive_dir": "archive.0"
    },
    "SIMBData": {
        "out": "amcQwB.o",
        "bytes": 117016,
        "text": 0,
        "archive": "archive.0/_14416_archive_1.a"
    },
    "perf": [
        {
            "sub": [
                {
                    "sub": [],
                    "stat": [
                        "doParsingAndDesignResolution",
                        "entry",
                        0.1299288272857666,
                        0.047530000000000003,
                        0.012962,
                        212908,
                        213708,
                        0.0,
                        0.0,
                        1740649094.7013309,
                        522340224590
                    ]
                },
                {
                    "sub": [],
                    "stat": [
                        "doParsingAndDesignResolution",
                        "exit",
                        0.15041184425354004,
                        0.047624,
                        0.023786000000000002,
                        316464,
                        381548,
                        0.0,
                        0.0,
                        1740649094.7218139,
                        522391371548
                    ]
                },
                {
                    "sub": [
                        {
                            "sub": [],
                            "stat": [
                                "doUptoVir2VcsNoSepCleanup",
                                "entry",
                                0.16518688201904297,
                                0.052540999999999997,
                                0.028801,
                                298404,
                                381548,
                                0.0,
                                0.0,
                                1740649094.736589,
                                522428212321
                            ]
                        },
                        {
                            "sub": [],
                            "stat": [
                                "doUptoVir2VcsNoSepCleanup",
                                "exit",
                                0.18140482902526855,
                                0.065616999999999995,
                                0.028801,
                                298660,
                                381548,
                                0.0,
                                0.0019559999999999998,
                                1740649094.7528069,
                                522468698546
                            ]
                        },
                        {
                            "sub": [],
                            "stat": [
                                "doRadify_vir2vcsAll",
                                "entry",
                                0.18144702911376953,
                                0.065659999999999996,
                                0.028801,
                                298660,
                                381548,
                                0.0,
                                0.0019559999999999998,
                                1740649094.7528491,
                                522468754988
                            ]
                        },
                        {
                            "sub": [],
                            "stat": [
                                "doRadify_vir2vcsAll",
                                "exit",
                                0.18349504470825195,
                                0.065659999999999996,
                                0.030848,
                                300260,
                                381548,
                                0.0,
                                0.0019559999999999998,
                                1740649094.7548971,
                                522473910008
                            ]
                        }
                    ],
                    "stat": [
                        "doPostDesignResolutionToVir2Vcs",
                        "entry",
                        0.16201996803283691,
                        0.049373,
                        0.028801,
                        298180,
                        381548,
                        0.0,
                        0.0,
                        1740649094.733422,
                        522420340273
                    ]
                },
                {
                    "sub": [],
                    "stat": [
                        "doPostDesignResolutionToVir2Vcs",
                        "exit",
                        0.18352198600769043,
                        0.065659999999999996,
                        0.030876000000000001,
                        300260,
                        381548,
                        0.0,
                        0.0019559999999999998,
                        1740649094.7549241,
                        522473931806
                    ]
                },
                {
                    "sub": [
                        {
                            "sub": [],