{
    "ObjArchives": [
        {
            "archive": "archive.1/_22588_archive_1.a",
            "objects": [
                [
                    "amcQwB.o",
                    116260
                ]
            ],
            "size": 116260
        }
    ],
    "Modules": {
        "...MASTER...": {
            "end_perf": [
                0.20445108413696289,
                0.070149000000000003,
                0.026738999999999999,
                300380,
                384880,
                2137119254374,
                0,
                0
            ],
            "start_perf": [
                0.20083308219909668,
                0.068759000000000001,
                0.026738999999999999,
                298968,
                384880,
                1741139695.103565,
                2137110191536
            ],
            "child_modules": {
                "std": 1,
                "testbench": 1
            },
            "nMops": 0,
            "nQuads": 0,
            "nRouts": 5
        },
        "std": {
            "end_perf": [
                0.20655202865600586,
                0.072162000000000004,
                0.026738999999999999,
                300380,
                384880,
                2137124485062,
                8589934594,
                0
            ],
            "start_perf": [
                0.20459508895874023,
                0.070210999999999996,
                0.026738999999999999,
                300380,
                384880,
                1741139695.107327,
                2137119578789
            ],
            "child_modules": {},
            "Compiled": "Yes",
            "Compiled Times": 2,
            "svclass": [
                "$vcs_nba_dyn_obj",
                0,
                35,
                2,
                2,
                0,
                "sigprop$$",
                0,
                35,
                2,
                2,
                0,
                "process",
                0,
                200,
                8,
                8,
                0,
                "event",
                0,
                34,
                2,
                2,
                0,
                "mailbox",
                0,
                140,
                9,
                9,
                0,
                "semaphore",
                0,
                84,
                5,
                5,
                0
            ],
            "nMops": 528,
            "nQuads": 218,
            "nRouts": 33
        },
        "testbench": {
            "end_perf": [
                0.21797704696655273,
                0.081823999999999994,
                0.026738999999999999,
                303492,
                384880,
                2137153035416,
                17179869185,
                0
            ],
            "start_perf": [
                0.20658206939697266,
                0.072193999999999994,
                0.026738999999999999,
                300380,
                384880,
                1741139695.109314,
                2137124523863
            ],
            "child_modules": {},
            "Compiled": "Yes",
            "Compiled Times": 2,
            "nMops": 2710,
            "nQuads": 805,
            "nRouts": 98
        }
    },
    "CompUnits": {},
    "reusePaths": {
        "amcQw_d": {
            "icPath": "csrc"
        },
        "reYIK_d": {
            "icPath": "csrc"
        },
        "iAVhC_d": {
            "icPath": "csrc"
        }
    },
    "stat": {
        "ru_self_end": {
            "ru_nvcsw": 21,
            "ru_utime_sec": 0.085108000000000003,
            "ru_stime_sec": 0.026738999999999999,
            "ru_maxrss_kb": 120872,
            "ru_minflt": 13361,
            "ru_nivcsw": 98,
            "ru_majflt": 0
        },
        "ru_childs_end": {
            "ru_nvcsw": 18,
            "ru_utime_sec": 0.013178,
            "ru_stime_sec": 0.0043049999999999998,
            "ru_maxrss_kb": 111528,
            "ru_minflt": 2725,
            "ru_nivcsw": 23,
            "ru_majflt": 0
        },
        "cpu_cycles_end": 2137161721643,
        "peak_mem_kb": 384880
    }
}