{
    "CompUnits": {
        "amcQw_d": {
            "text": 434,
            "mod": "...MASTER...",
            "checksum": 0,
            "out": "objs/amcQw_d.o",
            "bytes": 7824,
            "mode": 4
        },
        "reYIK_d": {
            "text": 7325,
            "mod": "std",
            "checksum": 0,
            "out": "reYIK_d.o",
            "bytes": 43000,
            "cls": 7017,
            "mode": 4,
            "archive": "archive.0/_36991_archive_1.a"
        },
        "g7hgQ_d": {
            "text": 33646,
            "mod": "tb",
            "checksum": 0,
            "out": "g7hgQ_d.o",
            "bytes": 70050,
            "mode": 4,
            "archive": "archive.0/_36991_archive_1.a"
        }
    },
    "Modules": {
        "...MASTER...": {
            "start_perf": [
                0.20865797996520996,
                0.067594000000000001,
                0.032145,
                310732,
                385116,
                1772525410.020263,
                3270847750363
            ],
            "nRouts": 5,
            "end_perf": [
                0.21076512336730957,
                0.067594000000000001,
                0.034227,
                311708,
                385116,
                3270853043110,
                0,
                0
            ],
            "child_modules": {
                "std": 1,
                "tb": 1
            },
            "nQuads": 0,
            "nMops": 0
        },
        "std": {
            "start_perf": [
                0.21083402633666992,
                0.067594000000000001,
                0.034291000000000002,
                311708,
                385116,
                1772525410.022439,
                3270853180598
            ],
            "nRouts": 33,
            "child_modules": {},
            "end_perf": [
                0.21939706802368164,
                0.074479000000000004,
                0.035278999999999998,
                312676,
                385116,
                3270874605554,
                8589934594,
                0
            ],
            "svclass": [
                "$vcs_nba_dyn_obj",
                576,
                35,
                2,
                2,
                0,
                "sigprop$$",
                576,
                35,
                2,
                2,
                0,
                "process",
                2380,
                200,
                8,
                8,
                0,
                "event",
                597,
                34,
                2,
                2,
                0,
                "mailbox",
                1769,
                140,
                9,
                9,
                0,
                "semaphore",
                1119,
                84,
                5,
                5,
                0
            ],
            "nQuads": 218,
            "Compiled": "Yes",
            "Compiled Times": 1,
            "significant_routs": [
                [
                    1,
                    "T_VCSgd_reYIK_1_0",
                    2530298,
                    138,
                    13
                ]
            ],
            "nMops": 528
        },
        "tb": {
            "start_perf": [
                0.21945309638977051,
                0.074517,
                0.035297000000000002,
                312676,
                385116,
                1772525410.0310581,
                3270874689616
            ],
            "nRouts": 147,
            "child_modules": {},
            "end_perf": [
                0.25609302520751953,
                0.104751,
                0.038795999999999997,
                312676,
                385116,
                3270966184377,
                21474836481,
                0
            ],
            "nQuads": 1415,
            "Compiled": "Yes",
            "nMops": 3874,
            "Compiled Times": 1,
            "significant_routs": [
                [
                    2,
                    "R_VCSgd_g7hgQ_2",
                    3274545,
                    1875,
                    247
                ],
                [
                    95,
                    "R_VCSgd_g7hgQ_5f",
                    3148117,
                    3104,
                    409
                ],
                [
                    132,
                    "R_VCSgd_g7hgQ_84",
                    6692402,
                    41,
                    7
                ]
            ]
        }
    },
    "reusePaths": {},
    "ObjArchives": [
        {
            "archive": "archive.0/_36991_archive_1.a",
            "objects": [
                [
                    "reYIK_d.o",
                    43000
                ],
                [
                    "g7hgQ_d.o",
                    70050
                ],
                [
                    "amcQwB.o",
                    119666
                ]
            ],
            "size": 232716
        }
    ],
    "stat": {
        "peak_mem_kb": 385116,
        "ru_self_end": {
            "ru_majflt": 0,
            "ru_utime_sec": 0.109037,
            "ru_stime_sec": 0.039253999999999997,
            "ru_nivcsw": 131,
            "ru_maxrss_kb": 127752,
            "ru_nvcsw": 44,
            "ru_minflt": 14314
        },
        "ru_childs_end": {
            "ru_majflt": 0,
            "ru_utime_sec": 0.020856,
            "ru_stime_sec": 0.010349000000000001,
            "ru_nivcsw": 30,
            "ru_maxrss_kb": 115252,
            "ru_nvcsw": 15,
            "ru_minflt": 4108
        },
        "cpu_cycles_end": 3270977981751
    }
}