{
    "Modules": {
        "...MASTER...": {
            "nQuads": 0,
            "start_perf": [
                0.20090508460998535,
                0.054684999999999997,
                0.046872999999999998,
                298592,
                383848,
                1751945350.3655281,
                185113805408503
            ],
            "end_perf": [
                0.20320606231689453,
                0.054684999999999997,
                0.049031999999999999,
                303128,
                383848,
                185113811191726,
                0,
                0
            ],
            "child_modules": {
                "std": 1,
                "parallel2serial_tb": 1
            },
            "nMops": 0,
            "nRouts": 5
        },
        "std": {
            "start_perf": [
                0.20328402519226074,
                0.054684999999999997,
                0.049099999999999998,
                303128,
                383848,
                1751945350.367907,
                185113811344857
            ],
            "nQuads": 218,
            "significant_routs": [
                [
                    24,
                    "F_VCSgd_reYIK_24_0",
                    3262129,
                    984,
                    90
                ]
            ],
            "end_perf": [
                0.21174001693725586,
                0.061498999999999998,
                0.049967999999999999,
                305460,
                383848,
                185113832489658,
                8589934594,
                0
            ],
            "child_modules": {},
            "Compiled": "Yes",
            "nMops": 528,
            "Compiled Times": 1,
            "svclass": [
                "$vcs_nba_dyn_obj",
                576,
                35,
                2,
                2,
                0,
                "sigprop$$",
                576,
                35,
                2,
                2,
                0,
                "process",
                2380,
                200,
                8,
                8,
                0,
                "event",
                597,
                34,
                2,
                2,
                0,
                "mailbox",
                1769,
                140,
                9,
                9,
                0,
                "semaphore",
                1119,
                84,
                5,
                5,
                0
            ],
            "nRouts": 33
        },
        "parallel2serial_tb": {
            "start_perf": [
                0.21178698539733887,
                0.061525000000000003,
                0.049988999999999999,
                305460,
                383848,
                1751945350.37641,
                185113832569169
            ],
            "nQuads": 527,
            "significant_routs": [
                [
                    31,
                    "R_VCSgd_ZyaWv_1f",
                    2825252,
                    938,
                    80
                ]
            ],
            "end_perf": [
                0.2303469181060791,
                0.078645000000000007,
                0.049988999999999999,
                308440,
                383848,
                185113878951199,
                17179869185,
                0
            ],
            "child_modules": {},
            "Compiled": "Yes",
            "Compiled Times": 1,
            "nMops": 1236,
            "nRouts": 52
        }
    },
    "CompUnits": {
        "amcQw_d": {
            "mod": "...MASTER...",
            "out": "objs/amcQw_d.o",
            "text": 434,
            "bytes": 7840,
            "mode": 4,
            "checksum": 0
        },
        "reYIK_d": {
            "mod": "std",
            "out": "reYIK_d.o",
            "text": 7325,
            "bytes": 43000,
            "mode": 4,
            "cls": 7017,
            "checksum": 0,
            "archive": "archive.0/_252596_archive_1.a"
        },
        "ZyaWv_d": {
            "mod": "parallel2serial_tb",
            "out": "ZyaWv_d.o",
            "text": 12004,
            "bytes": 26016,
            "mode": 4,
            "checksum": 0,
            "archive": "archive.0/_252596_archive_1.a"
        }
    },
    "stat": {
        "ru_self_end": {
            "ru_majflt": 307,
            "ru_utime_sec": 0.082928000000000002,
            "ru_stime_sec": 0.049988999999999999,
            "ru_nivcsw": 48,
            "ru_minflt": 13512,
            "ru_maxrss_kb": 122384,
            "ru_nvcsw": 222
        },
        "ru_childs_end": {
            "ru_majflt": 24,
            "ru_utime_sec": 0.014269,
            "ru_stime_sec": 0.0075319999999999996,
            "ru_nivcsw": 28,
            "ru_minflt": 2684,
            "ru_maxrss_kb": 111324,
            "ru_nvcsw": 37
        },
        "cpu_cycles_end": 185113889568817,
        "peak_mem_kb": 383848
    },
    "reusePaths": {},
    "ObjArchives": [
        {
            "archive": "archive.0/_252596_archive_1.a",
            "objects": [
                [
                    "reYIK_d.o",
                    43000
                ],
                [
                    "ZyaWv_d.o",
                    26016
                ],
                [
                    "amcQwB.o",
                    116954
                ]
            ],
            "size": 185970
        }
    ]
}