{
    "Modules": {
        "...MASTER...": {
            "nQuads": 0,
            "end_perf": [
                0.22956991195678711,
                0.063483999999999999,
                0.032050000000000002,
                304936,
                384660,
                174300357910957,
                0,
                0
            ],
            "start_perf": [
                0.22707986831665039,
                0.063483999999999999,
                0.029626,
                300400,
                384660,
                1751941017.9611449,
                174300351656875
            ],
            "child_modules": {
                "std": 1,
                "parallel2serial_tb": 1
            },
            "nRouts": 5,
            "nMops": 0
        },
        "std": {
            "nQuads": 218,
            "start_perf": [
                0.22964286804199219,
                0.063483999999999999,
                0.032113999999999997,
                304936,
                384660,
                1751941017.9637079,
                174300358056763
            ],
            "end_perf": [
                0.23730087280273438,
                0.070177000000000003,
                0.033023999999999998,
                307284,
                384660,
                174300377230844,
                8589934594,
                0
            ],
            "child_modules": {},
            "Compiled": "Yes",
            "nMops": 528,
            "nRouts": 33,
            "Compiled Times": 1,
            "svclass": [
                "$vcs_nba_dyn_obj",
                576,
                35,
                2,
                2,
                0,
                "sigprop$$",
                576,
                35,
                2,
                2,
                0,
                "process",
                2380,
                200,
                8,
                8,
                0,
                "event",
                597,
                34,
                2,
                2,
                0,
                "mailbox",
                1769,
                140,
                9,
                9,
                0,
                "semaphore",
                1119,
                84,
                5,
                5,
                0
            ]
        },
        "parallel2serial_tb": {
            "nQuads": 530,
            "end_perf": [
                0.2576448917388916,
                0.084527000000000005,
                0.036226000000000001,
                310252,
                384660,
                174300427998816,
                17179869185,
                0
            ],
            "start_perf": [
                0.23735785484313965,
                0.070217000000000002,
                0.033043000000000003,
                307284,
                384660,
                1751941017.9714229,
                174300377309039
            ],
            "child_modules": {},
            "Compiled": "Yes",
            "nRouts": 56,
            "nMops": 1159,
            "Compiled Times": 1
        }
    },
    "CompUnits": {
        "amcQw_d": {
            "checksum": 0,
            "mode": 4,
            "mod": "...MASTER...",
            "bytes": 7840,
            "out": "objs/amcQw_d.o",
            "text": 434
        },
        "reYIK_d": {
            "checksum": 0,
            "mode": 4,
            "mod": "std",
            "bytes": 43000,
            "out": "reYIK_d.o",
            "text": 7325,
            "archive": "archive.0/_211143_archive_1.a",
            "cls": 7017
        },
        "ZyaWv_d": {
            "checksum": 0,
            "mode": 4,
            "mod": "parallel2serial_tb",
            "bytes": 25370,
            "out": "ZyaWv_d.o",
            "text": 11552,
            "archive": "archive.0/_211143_archive_1.a"
        }
    },
    "stat": {
        "ru_self_end": {
            "ru_nvcsw": 6,
            "ru_minflt": 13575,
            "ru_utime_sec": 0.089374999999999996,
            "ru_stime_sec": 0.036625999999999999,
            "ru_maxrss_kb": 121936,
            "ru_nivcsw": 131,
            "ru_majflt": 0
        },
        "ru_childs_end": {
            "ru_nvcsw": 20,
            "ru_minflt": 2466,
            "ru_utime_sec": 0.010928,
            "ru_stime_sec": 0.0091079999999999998,
            "ru_maxrss_kb": 110772,
            "ru_nivcsw": 27,
            "ru_majflt": 0
        },
        "cpu_cycles_end": 174300459789008,
        "peak_mem_kb": 384660
    },
    "reusePaths": {},
    "ObjArchives": [
        {
            "archive": "archive.0/_211143_archive_1.a",
            "objects": [
                [
                    "reYIK_d.o",
                    43000
                ],
                [
                    "ZyaWv_d.o",
                    25370
                ],
                [
                    "amcQwB.o",
                    116860
                ]
            ],
            "size": 185230
        }
    ]
}