{
    "Misc": {
        "csrc": "csrc",
        "vcs_version": "O-2018.09-SP2_Full64",
        "VCS_HOME": "/home/kai/synopsys_tools/VCS_2018_SP2/vcs-mx/O-2018.09-SP2",
        "cwd": "/home/kai/ChiselProject/Benchmarks/_Benchmark_my/_BackTest/accu/_test/_cache/t1",
        "default_output_dir": "csrc",
        "vcs_build_date": "Build Date = Feb 28 2019 22:34:30",
        "master_pid": 62410,
        "archive_dir": "archive.0",
        "hostname": "",
        "csrc_abs": "/home/kai/ChiselProject/Benchmarks/_Benchmark_my/_BackTest/accu/_test/_cache/t1/csrc",
        "daidir": "simv.daidir",
        "daidir_abs": "/home/kai/ChiselProject/Benchmarks/_Benchmark_my/_BackTest/accu/_test/_cache/t1/simv.daidir"
    },
    "cycles_program_begin": 5589279621437,
    "stat": {
        "ru_childs_end": {
            "ru_utime_sec": 0.012096000000000001,
            "ru_stime_sec": 0.0056509999999999998,
            "ru_nvcsw": 18,
            "ru_maxrss_kb": 111408,
            "ru_minflt": 2465,
            "ru_majflt": 0,
            "ru_nivcsw": 14
        },
        "ru_self_cgstart": {
            "ru_utime_sec": 0.059152999999999997,
            "ru_stime_sec": 0.027879000000000001,
            "ru_nvcsw": 23,
            "ru_maxrss_kb": 111408,
            "ru_minflt": 11620,
            "ru_majflt": 0,
            "ru_nivcsw": 55
        },
        "cpu_cycles_end": 5589748526595,
        "nMops": 1551,
        "peak_mem_kb": 381676,
        "ru_childs_cgstart": {
            "ru_utime_sec": 0.012096000000000001,
            "ru_stime_sec": 0.0056509999999999998,
            "ru_nvcsw": 18,
            "ru_maxrss_kb": 111408,
            "ru_minflt": 2465,
            "ru_majflt": 0,
            "ru_nivcsw": 14
        },
        "cpu_cycles_cgstart": 5589685502061,
        "nQuads": 728,
        "totalObjSize": 193318,
        "ru_self_end": {
            "ru_utime_sec": 0.080965999999999996,
            "ru_stime_sec": 0.031133999999999998,
            "ru_nvcsw": 23,
            "ru_maxrss_kb": 121228,
            "ru_minflt": 13321,
            "ru_majflt": 0,
            "ru_nivcsw": 61
        },
        "mop/quad": 2.1304945054945055,
        "cpu_cycles_total": 468905158,
        "mopSpeed": 71104.387291981853,
        "quadSpeed": 33374.593132535643,
        "outputSizePerQuad": 265.5467032967033,
        "Frontend(%)": 76.560787432034559,
        "CodeGen(%)": 23.439212567965441,
        "realTime": 0.20383691787719727
    },
    "CompileStrategy": "fullobj",
    "perf": [
        {
            "stat": [
                "main",
                "entry",
                0.01600193977355957,
                0.030228000000000001,
                0.015114000000000001,
                203220,
                204476,
                0.0,
                0.0,
                1751696573.1849799,
                5589279848862
            ],
            "sub": [
                {
                    "stat": [
                        "doParsingAndDesignResolution",
                        "entry",
                        0.1288609504699707,
                        0.039730000000000001,
                        0.015892,
                        212908,
                        213708,
                        0.0,
                        0.0,
                        1751696573.2978389,
                        5589561487539
                    ],
                    "sub": []
                },
                {
                    "stat": [
                        "doParsingAndDesignResolution",
                        "exit",
                        0.13768291473388672,
                        0.044268000000000002,
                        0.020122000000000001,
                        250604,
                        253812,
                        0.0,
                        0.0,
                        1751696573.3066609,
                        5589583516805
                    ],
                    "sub": []
                },
                {
                    "stat": [
                        "doPostDesignResolutionToVir2Vcs",
                        "entry",
                        0.14404296875,
                        0.048064000000000003,
                        0.022686000000000001,
                        298136,
                        381676,
                        0.0,
                        0.0,
                        1751696573.3130209,
                        5589599409752
                    ],
                    "sub": [
                        {
                            "stat": [
                                "doUptoVir2VcsNoSepCleanup",
                                "entry",
                                0.14705204963684082,
                                0.049251999999999997,
                                0.024315,
                                298360,
                                381676,
                                0.0,
                                0.0,
                                1751696573.31603,
                                5589606919600
                            ],
                            "sub": []
                        },
                        {
                            "stat": [
                                "doUptoVir2VcsNoSepCleanup",
                                "exit",
                                0.15711808204650879,
                                0.055722000000000001,
                                0.027861,
                                298616,
                                381676,
                                0.0,
                                0.0,
                                1751696573.3260961,
                                5589632038204
                            ],
                            "sub": []
                        },
                        {
                            "stat": [
                                "doRadify_vir2vcsAll",
                                "entry",
                                0.15717101097106934,
                                0.055759000000000003,
                                0.027879000000000001,
                                298616,
                                381676,
                                0.0,
                                0.0,
                                1751696573.326149,
                                5589632123451
                            ],
                            "sub": []
                        },
                        {
                            "stat": [
                                "doRadify_vir2vcsAll",
                                "exit",
                                0.15948700904846191,
                                0.058074000000000001,
                                0.027879000000000001,
                                300216,
                                381676,
                                0.0,
                                0.0,
                                1751696573.328465,
                                5589637951918
                            ],
                            "sub": []
                        }
                    ]
                },
                {
                    "stat": [
                        "doPostDesignResolutionToVir2Vcs",
                        "exit",
                        0.15952301025390625,
                        0.058111000000000003,
                        0.027879000000000001,
                        300216,
                        381676,
                        0.0,
                        0.0,
                        1751696573.328501,
                        5589637986329
                    ],