{
    "CompUnits": {
        "amcQw_d": {
            "out": "objs/amcQw_d.o",
            "mod": "...MASTER...",
            "bytes": 7824,
            "text": 434,
            "mode": 4,
            "checksum": 0
        },
        "reYIK_d": {
            "out": "reYIK_d.o",
            "mod": "std",
            "bytes": 43000,
            "text": 7325,
            "cls": 7017,
            "mode": 4,
            "checksum": 0,
            "archive": "archive.0/_157372_archive_1.a"
        },
        "g7hgQ_d": {
            "out": "g7hgQ_d.o",
            "mod": "tb",
            "bytes": 29896,
            "text": 13995,
            "mode": 4,
            "checksum": 0,
            "archive": "archive.0/_157372_archive_1.a"
        }
    },
    "Modules": {
        "...MASTER...": {
            "nRouts": 5,
            "start_perf": [
                0.22136902809143066,
                0.059489,
                0.039163999999999997,
                298588,
                381280,
                1772238064.909369,
                8726241995789
            ],
            "nQuads": 0,
            "child_modules": {
                "std": 1,
                "tb": 1
            },
            "end_perf": [
                0.22349810600280762,
                0.061608000000000003,
                0.039163999999999997,
                303120,
                381280,
                8726247349404,
                0,
                0
            ],
            "nMops": 0
        },
        "std": {
            "start_perf": [
                0.22356009483337402,
                0.061671999999999998,
                0.039163999999999997,
                303120,
                381280,
                1772238064.9115601,
                8726247463414
            ],
            "child_modules": {},
            "svclass": [
                "$vcs_nba_dyn_obj",
                576,
                35,
                2,
                2,
                0,
                "sigprop$$",
                576,
                35,
                2,
                2,
                0,
                "process",
                2380,
                200,
                8,
                8,
                0,
                "event",
                597,
                34,
                2,
                2,
                0,
                "mailbox",
                1769,
                140,
                9,
                9,
                0,
                "semaphore",
                1119,
                84,
                5,
                5,
                0
            ],
            "nQuads": 218,
            "significant_routs": [
                [
                    1,
                    "T_VCSgd_reYIK_1_0",
                    5499807,
                    138,
                    13
                ]
            ],
            "Compiled": "Yes",
            "Compiled Times": 1,
            "end_perf": [
                0.2331080436706543,
                0.069435999999999998,
                0.039163999999999997,
                305456,
                381280,
                8726271354741,
                8589934594,
                0
            ],
            "nMops": 528,
            "nRouts": 33
        },
        "tb": {
            "start_perf": [
                0.23316001892089844,
                0.069488999999999995,
                0.039163999999999997,
                305456,
                381280,
                1772238064.92116,
                8726271429745
            ],
            "child_modules": {},
            "nQuads": 593,
            "significant_routs": [
                [
                    38,
                    "R_VCSgd_g7hgQ_26",
                    5935855,
                    692,
                    57
                ]
            ],
            "Compiled": "Yes",
            "Compiled Times": 1,
            "end_perf": [
                0.24986600875854492,
                0.080010999999999999,
                0.041910000000000003,
                307120,
                381280,
                8726313172245,
                17179869185,
                0
            ],
            "nMops": 1284,
            "nRouts": 69
        }
    },
    "reusePaths": {},
    "ObjArchives": [
        {
            "size": 189708,
            "archive": "archive.0/_157372_archive_1.a",
            "objects": [
                [
                    "reYIK_d.o",
                    43000
                ],
                [
                    "g7hgQ_d.o",
                    29896
                ],
                [
                    "amcQwB.o",
                    116812
                ]
            ]
        }
    ],
    "stat": {
        "ru_self_end": {
            "ru_utime_sec": 0.084484000000000004,
            "ru_stime_sec": 0.042242000000000002,
            "ru_maxrss_kb": 121200,
            "ru_nvcsw": 7,
            "ru_minflt": 13324,
            "ru_majflt": 0,
            "ru_nivcsw": 107
        },
        "ru_childs_end": {
            "ru_utime_sec": 0.023772999999999999,
            "ru_stime_sec": 0.0092420000000000002,
            "ru_maxrss_kb": 111552,
            "ru_nvcsw": 21,
            "ru_minflt": 4113,
            "ru_majflt": 0,
            "ru_nivcsw": 35
        },
        "peak_mem_kb": 381280,
        "cpu_cycles_end": 8726325160941
    }
}