{
    "Modules": {
        "...MASTER...": {
            "nQuads": 0,
            "start_perf": [
                0.30615496635437012,
                0.17608599999999999,
                0.021389999999999999,
                311680,
                385648,
                1740984154.4954309,
                41751950654981
            ],
            "child_modules": {
                "std": 1,
                "tb": 1
            },
            "end_perf": [
                0.30843496322631836,
                0.17836399999999999,
                0.021389999999999999,
                312660,
                385648,
                41751956380388,
                0,
                0
            ],
            "nMops": 0,
            "nRouts": 5
        },
        "std": {
            "start_perf": [
                0.30849695205688477,
                0.178427,
                0.021389999999999999,
                312660,
                385648,
                1740984154.4977729,
                41751956494331
            ],
            "nQuads": 218,
            "Compiled": "Yes",
            "child_modules": {},
            "nRouts": 33,
            "Compiled Times": 1,
            "end_perf": [
                0.31934094429016113,
                0.186529,
                0.021389999999999999,
                313628,
                385648,
                41751983613909,
                8589934594,
                0
            ],
            "svclass": [
                "$vcs_nba_dyn_obj",
                576,
                35,
                2,
                2,
                0,
                "sigprop$$",
                576,
                35,
                2,
                2,
                0,
                "process",
                2380,
                200,
                8,
                8,
                0,
                "event",
                597,
                34,
                2,
                2,
                0,
                "mailbox",
                1769,
                140,
                9,
                9,
                0,
                "semaphore",
                1119,
                84,
                5,
                5,
                0
            ],
            "nMops": 528
        },
        "tb": {
            "start_perf": [
                0.31939697265625,
                0.186586,
                0.021389999999999999,
                313628,
                385648,
                1740984154.508673,
                41751983696803
            ],
            "nQuads": 13833,
            "Compiled": "Yes",
            "child_modules": {},
            "nRouts": 1718,
            "Compiled Times": 1,
            "end_perf": [
                0.51579999923706055,
                0.34029700000000002,
                0.032409,
                316732,
                385648,
                41752473996011,
                21474836481,
                0
            ],
            "significant_routs": [
                [
                    150,
                    "R_VCSgd_g7hgQ_96",
                    7382830,
                    9088,
                    903
                ],
                [
                    181,
                    "R_VCSgd_g7hgQ_b5",
                    4886173,
                    95,
                    7
                ],
                [
                    522,
                    "R_VCSgd_g7hgQ_20a",
                    9330783,
                    3467,
                    420
                ],
                [
                    524,
                    "R_VCSgd_g7hgQ_20c",
                    65353308,
                    57738,
                    6891
                ],
                [
                    545,
                    "R_VCSgd_g7hgQ_221",
                    9776923,
                    9985,
                    726
                ],
                [
                    754,
                    "R_VCSgd_g7hgQ_2f2",
                    36527378,
                    256,
                    42
                ],
                [
                    1332,
                    "R_VCSgd_g7hgQ_534",
                    10775072,
                    11129,
                    2668
                ],
                [
                    1390,
                    "R_VCSgd_g7hgQ_56e",
                    12269963,
                    11033,
                    2650
                ]
            ],
            "nMops": 42770
        }
    },
    "CompUnits": {
        "amcQw_d": {
            "mod": "...MASTER...",
            "checksum": 0,
            "out": "objs/amcQw_d.o",
            "bytes": 7824,
            "text": 434,
            "mode": 4
        },
        "reYIK_d": {
            "mod": "std",
            "checksum": 0,
            "cls": 7017,
            "out": "reYIK_d.o",
            "archive": "archive.0/_129537_archive_1.a",
            "bytes": 43000,
            "text": 7325,
            "mode": 4
        },
        "g7hgQ_d": {
            "mod": "tb",
            "checksum": 0,
            "out": "g7hgQ_d.o",
            "archive": "archive.0/_129537_archive_1.a",
            "bytes": 480768,
            "text": 319313,
            "mode": 4
        }
    },
    "stat": {
        "ru_self_end": {
            "ru_nivcsw": 244,
            "ru_maxrss_kb": 134352,
            "ru_utime_sec": 0.344968,
            "ru_stime_sec": 0.032544999999999998,
            "ru_minflt": 17270,
            "ru_nvcsw": 48,
            "ru_majflt": 0
        },
        "cpu_cycles_end": 41752485913444,
        "ru_childs_end": {
            "ru_nivcsw": 44,
            "ru_maxrss_kb": 116332,
            "ru_utime_sec": 0.035082000000000002,
            "ru_stime_sec": 0.029397,
            "ru_minflt": 10768,
            "ru_nvcsw": 42,
            "ru_majflt": 0
        },
        "peak_mem_kb": 385648
    },
    "reusePaths": {},
    "ObjArchives": [
        {
            "archive": "archive.0/_129537_archive_1.a",
            "size": 644332,
            "objects": [
                [
                    "reYIK_d.o",
                    43000
                ],
                [
                    "g7hgQ_d.o",
                    480768
                ],
                [
                    "amcQwB.o",
                    120564
                ]
            ]
        }
    ]
}