{
    "rlimit": {
        "data": -1,
        "stack": -1
    },
    "incremental": "on",
    "cycles_program_begin": 9810595043081,
    "perf": [
        {
            "stat": [
                "main",
                "entry",
                0.015475034713745117,
                0.032339,
                0.016168999999999999,
                203224,
                204480,
                0.0,
                0.0,
                1772238499.346801,
                9810595371981
            ],
            "sub": [
                {
                    "stat": [
                        "doParsingAndDesignResolution",
                        "entry",
                        0.1304938793182373,
                        0.033674000000000003,
                        0.026190999999999999,
                        212912,
                        213712,
                        0.0,
                        0.0,
                        1772238499.4618199,
                        9810882417560
                    ],
                    "sub": []
                },
                {
                    "stat": [
                        "doParsingAndDesignResolution",
                        "exit",
                        0.14011907577514648,
                        0.038170000000000003,
                        0.031267999999999997,
                        250900,
                        254072,
                        0.0,
                        0.0,
                        1772238499.4714451,
                        9810906468009
                    ],
                    "sub": []
                },
                {
                    "stat": [
                        "doPostDesignResolutionToVir2Vcs",
                        "entry",
                        0.14853596687316895,
                        0.038170000000000003,
                        0.039378999999999997,
                        298176,
                        381972,
                        0.0,
                        0.0,
                        1772238499.479862,
                        9810927471319
                    ],
                    "sub": [
                        {
                            "stat": [
                                "doUptoVir2VcsNoSepCleanup",
                                "entry",
                                0.15157508850097656,
                                0.038632,
                                0.041956,
                                298432,
                                381972,
                                0.0,
                                0.0,
                                1772238499.4829011,
                                9810935041904
                            ],
                            "sub": []
                        },
                        {
                            "stat": [
                                "doUptoVir2VcsNoSepCleanup",
                                "exit",
                                0.17125988006591797,
                                0.045343000000000001,
                                0.049121999999999999,
                                298688,
                                381972,
                                0.0019880000000000002,
                                0.0,
                                1772238499.5025859,
                                9810984211257
                            ],
                            "sub": []
                        },
                        {
                            "stat": [
                                "doRadify_vir2vcsAll",
                                "entry",
                                0.1713259220123291,
                                0.045376,
                                0.049156999999999999,
                                298688,
                                381972,
                                0.0019880000000000002,
                                0.0,
                                1772238499.5026519,
                                9810984296279
                            ],
                            "sub": []
                        },
                        {
                            "stat": [
                                "doRadify_vir2vcsAll",
                                "exit",
                                0.1741950511932373,
                                0.048242,
                                0.049156999999999999,
                                300464,
                                381972,
                                0.0019880000000000002,
                                0.0,
                                1772238499.5055211,
                                9810991535370
                            ],
                            "sub": []
                        }
                    ]
                },
                {
                    "stat": [
                        "doPostDesignResolutionToVir2Vcs",
                        "exit",
                        0.17424201965332031,
                        0.048291000000000001,
                        0.049156999999999999,
                        300464,
                        381972,
                        0.0019880000000000002,
                        0.0,
                        1772238499.505568,
                        9810991569682
                    ],
                    "sub": []
                },
                {
                    "stat": [
                        "doGAToPass2",
                        "entry",
                        0.17425298690795898,
                        0.048301999999999998,
                        0.049156999999999999,
                        300464,
                        381972,
                        0.0019880000000000002,
                        0.0,
                        1772238499.505579,
                        9810991593271
                    ],
                    "sub": [
                        {
                            "stat": [
                                "DoPass2",
                                "entry",
                                0.22878503799438477,
                                0.049236000000000002,
                                0.049236000000000002,
                                298908,
                                381972,
                                0.020757000000000001,
                                0.011816,
                                1772238499.560111,
                                9811127776763
                            ],
                            "sub": []
                        },
                        {
                            "stat": [
                                "DoPass2",
                                "exit",
                                0.26460099220275879,
                                0.078133999999999995,
                                0.055902,
                                310716,
                                381972,
                                0.020757000000000001,
                                0.011816,
                                1772238499.595927,
                                9811217144691
                            ],
                            "sub": []
                        }
                    ]
                },
                {
                    "stat": [
                        "doGAToPass2",
                        "exit",
                        0.26746106147766113,
                        0.078227000000000005,
                        0.05867,
                        310716,
                        381972,
                        0.020757000000000001,
                        0.011816,
                        1772238499.5987871,
                        9811224268455
                    ],