{
    "CompUnits": {
        "amcQw_d": {
            "mod": "...MASTER...",
            "out": "objs/amcQw_d.o",
            "checksum": 0,
            "bytes": 7832,
            "mode": 4,
            "text": 434
        },
        "reYIK_d": {
            "archive": "archive.0/_98157_archive_1.a",
            "mod": "std",
            "out": "reYIK_d.o",
            "checksum": 0,
            "cls": 7017,
            "bytes": 43000,
            "mode": 4,
            "text": 7325
        },
        "t2BSw_d": {
            "archive": "archive.0/_98157_archive_1.a",
            "mod": "tb_multi_pipe",
            "out": "t2BSw_d.o",
            "checksum": 0,
            "bytes": 30612,
            "mode": 4,
            "text": 14494
        }
    },
    "Modules": {
        "...MASTER...": {
            "nRouts": 5,
            "end_perf": [
                0.21664309501647949,
                0.062220999999999999,
                0.035700000000000003,
                303168,
                381664,
                14893050877551,
                0,
                0
            ],
            "start_perf": [
                0.2141258716583252,
                0.062220999999999999,
                0.033183999999999998,
                298648,
                381664,
                1751685808.8590069,
                14893044541703
            ],
            "child_modules": {
                "std": 1,
                "tb_multi_pipe": 1
            },
            "nQuads": 0,
            "nMops": 0
        },
        "tb_multi_pipe": {
            "nRouts": 89,
            "end_perf": [
                0.24448609352111816,
                0.084536,
                0.040747999999999999,
                308480,
                381664,
                14893120369939,
                17179869185,
                0
            ],
            "start_perf": [
                0.22466588020324707,
                0.065197000000000005,
                0.040747999999999999,
                305492,
                381664,
                1751685808.8695469,
                14893070847676
            ],
            "Compiled Times": 1,
            "child_modules": {},
            "Compiled": "Yes",
            "nQuads": 695,
            "nMops": 1524
        },
        "std": {
            "start_perf": [
                0.21671891212463379,
                0.062220999999999999,
                0.035777999999999997,
                303168,
                381664,
                1751685808.8615999,
                14893051012564
            ],
            "end_perf": [
                0.22461295127868652,
                0.065164,
                0.040726999999999999,
                305492,
                381664,
                14893070770732,
                8589934594,
                0
            ],
            "Compiled Times": 1,
            "child_modules": {},
            "Compiled": "Yes",
            "svclass": [
                "$vcs_nba_dyn_obj",
                576,
                35,
                2,
                2,
                0,
                "sigprop$$",
                576,
                35,
                2,
                2,
                0,
                "process",
                2380,
                200,
                8,
                8,
                0,
                "event",
                597,
                34,
                2,
                2,
                0,
                "mailbox",
                1769,
                140,
                9,
                9,
                0,
                "semaphore",
                1119,
                84,
                5,
                5,
                0
            ],
            "nQuads": 218,
            "nMops": 528,
            "nRouts": 33
        }
    },
    "reusePaths": {},
    "ObjArchives": [
        {
            "archive": "archive.0/_98157_archive_1.a",
            "objects": [
                [
                    "reYIK_d.o",
                    43000
                ],
                [
                    "t2BSw_d.o",
                    30612
                ],
                [
                    "amcQwB.o",
                    116956
                ]
            ],
            "size": 190568
        }
    ],
    "stat": {
        "ru_self_end": {
            "ru_stime_sec": 0.040868000000000002,
            "ru_utime_sec": 0.088937000000000002,
            "ru_maxrss_kb": 122716,
            "ru_minflt": 13669,
            "ru_majflt": 0,
            "ru_nvcsw": 6,
            "ru_nivcsw": 72
        },
        "ru_childs_end": {
            "ru_stime_sec": 0.00694,
            "ru_utime_sec": 0.011820000000000001,
            "ru_maxrss_kb": 111368,
            "ru_minflt": 2467,
            "ru_majflt": 0,
            "ru_nvcsw": 17,
            "ru_nivcsw": 19
        },
        "peak_mem_kb": 381664,
        "cpu_cycles_end": 14893132684516
    }
}