{
    "CompUnits": {
        "amcQw_d": {
            "checksum": 0,
            "mod": "...MASTER...",
            "mode": 4,
            "text": 434,
            "out": "objs/amcQw_d.o",
            "bytes": 7824
        },
        "reYIK_d": {
            "checksum": 0,
            "cls": 7017,
            "mod": "std",
            "mode": 4,
            "text": 7325,
            "out": "reYIK_d.o",
            "bytes": 43000,
            "archive": "archive.0/_354262_archive_1.a"
        },
        "g7hgQ_d": {
            "checksum": 0,
            "mod": "tb",
            "mode": 4,
            "text": 33870,
            "out": "g7hgQ_d.o",
            "bytes": 70138,
            "archive": "archive.0/_354262_archive_1.a"
        }
    },
    "Modules": {
        "...MASTER...": {
            "nRouts": 5,
            "start_perf": [
                0.26857900619506836,
                0.090164999999999995,
                0.019865000000000001,
                312504,
                385104,
                1755718243.3439491,
                13867627818178
            ],
            "child_modules": {
                "std": 1,
                "tb": 1
            },
            "nQuads": 0,
            "end_perf": [
                0.27045702934265137,
                0.091911000000000007,
                0.019980000000000001,
                313484,
                385104,
                13867632522051,
                0,
                0
            ],
            "nMops": 0
        },
        "std": {
            "start_perf": [
                0.27050399780273438,
                0.091950000000000004,
                0.019989,
                313484,
                385104,
                1755718243.3458741,
                13867632607169
            ],
            "Compiled Times": 1,
            "child_modules": {},
            "Compiled": "Yes",
            "nQuads": 218,
            "end_perf": [
                0.27665495872497559,
                0.098047999999999996,
                0.019989,
                314452,
                385104,
                13867648032047,
                8589934594,
                0
            ],
            "svclass": [
                "$vcs_nba_dyn_obj",
                576,
                35,
                2,
                2,
                0,
                "sigprop$$",
                576,
                35,
                2,
                2,
                0,
                "process",
                2380,
                200,
                8,
                8,
                0,
                "event",
                597,
                34,
                2,
                2,
                0,
                "mailbox",
                1769,
                140,
                9,
                9,
                0,
                "semaphore",
                1119,
                84,
                5,
                5,
                0
            ],
            "nMops": 528,
            "nRouts": 33
        },
        "tb": {
            "nRouts": 147,
            "Compiled Times": 1,
            "start_perf": [
                0.27671003341674805,
                0.098103999999999997,
                0.019989,
                314452,
                385104,
                1755718243.3520801,
                13867648104181
            ],
            "child_modules": {},
            "Compiled": "Yes",
            "nQuads": 1416,
            "end_perf": [
                0.30809998512268066,
                0.125611,
                0.023552,
                314452,
                385104,
                13867726506975,
                21474836481,
                0
            ],
            "nMops": 3930
        }
    },
    "reusePaths": {},
    "ObjArchives": [
        {
            "archive": "archive.0/_354262_archive_1.a",
            "objects": [
                [
                    "reYIK_d.o",
                    43000
                ],
                [
                    "g7hgQ_d.o",
                    70138
                ],
                [
                    "amcQwB.o",
                    119682
                ]
            ],
            "size": 232820
        }
    ],
    "stat": {
        "ru_self_end": {
            "ru_minflt": 14286,
            "ru_utime_sec": 0.12983500000000001,
            "ru_nivcsw": 98,
            "ru_stime_sec": 0.023793000000000002,
            "ru_majflt": 0,
            "ru_maxrss_kb": 127492,
            "ru_nvcsw": 12
        },
        "peak_mem_kb": 385104,
        "ru_childs_end": {
            "ru_minflt": 2719,
            "ru_utime_sec": 0.014063000000000001,
            "ru_nivcsw": 16,
            "ru_stime_sec": 0.0061079999999999997,
            "ru_majflt": 0,
            "ru_maxrss_kb": 115184,
            "ru_nvcsw": 15
        },
        "cpu_cycles_end": 13867737581143
    }
}