{
    "Modules": {
        "std": {
            "start_perf": [
                0.48516416549682617,
                0.13930799999999999,
                0.065299999999999997,
                312564,
                385392,
                1740984153.0878201,
                41748437193067
            ],
            "significant_routs": [
                [
                    24,
                    "F_VCSgd_reYIK_24_0",
                    6272699,
                    984,
                    90
                ]
            ],
            "child_modules": {},
            "Compiled Times": 1,
            "nMops": 528,
            "end_perf": [
                0.49683403968811035,
                0.141481,
                0.070739999999999997,
                313532,
                385392,
                41748466352975,
                8589934594,
                0
            ],
            "Compiled": "Yes",
            "svclass": [
                "$vcs_nba_dyn_obj",
                576,
                35,
                2,
                2,
                0,
                "sigprop$$",
                576,
                35,
                2,
                2,
                0,
                "process",
                2380,
                200,
                8,
                8,
                0,
                "event",
                597,
                34,
                2,
                2,
                0,
                "mailbox",
                1769,
                140,
                9,
                9,
                0,
                "semaphore",
                1119,
                84,
                5,
                5,
                0
            ],
            "nQuads": 218,
            "nRouts": 33
        },
        "...MASTER...": {
            "start_perf": [
                0.4773859977722168,
                0.13811699999999999,
                0.064168000000000003,
                311584,
                385392,
                1740984153.0800419,
                41748417778861
            ],
            "child_modules": {
                "std": 1,
                "tb": 1
            },
            "nMops": 0,
            "end_perf": [
                0.48510503768920898,
                0.139267,
                0.065281000000000006,
                312564,
                385392,
                41748437080117,
                0,
                0
            ],
            "nQuads": 0,
            "nRouts": 5
        },
        "tb": {
            "start_perf": [
                0.49687719345092773,
                0.14151,
                0.070754999999999998,
                313532,
                385392,
                1740984153.0995331,
                41748466419364
            ],
            "significant_routs": [
                [
                    149,
                    "R_VCSgd_g7hgQ_95",
                    7542998,
                    9013,
                    896
                ],
                [
                    150,
                    "R_VCSgd_g7hgQ_96",
                    7644569,
                    9013,
                    896
                ],
                [
                    505,
                    "R_VCSgd_g7hgQ_1f9",
                    5862125,
                    164,
                    15
                ],
                [
                    520,
                    "R_VCSgd_g7hgQ_208",
                    5963597,
                    3467,
                    420
                ],
                [
                    522,
                    "R_VCSgd_g7hgQ_20a",
                    7018492,
                    9135,
                    651
                ],
                [
                    523,
                    "R_VCSgd_g7hgQ_20b",
                    30154764,
                    25262,
                    3190
                ],
                [
                    546,
                    "R_VCSgd_g7hgQ_222",
                    8588327,
                    9308,
                    667
                ],
                [
                    1365,
                    "R_VCSgd_g7hgQ_555",
                    13988274,
                    11129,
                    2668
                ],
                [
                    1420,
                    "R_VCSgd_g7hgQ_58c",
                    14139720,
                    11033,
                    2650
                ],
                [
                    1475,
                    "R_VCSgd_g7hgQ_5c3",
                    6604916,
                    36,
                    2
                ]
            ],
            "child_modules": {},
            "Compiled Times": 1,
            "end_perf": [
                0.6865541934967041,
                0.30689699999999998,
                0.072686000000000001,
                314220,
                385392,
                41748939919404,
                21474836481,
                0
            ],
            "nMops": 41327,
            "Compiled": "Yes",
            "nQuads": 13729,
            "nRouts": 1742
        }
    },
    "CompUnits": {
        "amcQw_d": {
            "bytes": 7824,
            "mod": "...MASTER...",
            "out": "objs/amcQw_d.o",
            "text": 434,
            "mode": 4,
            "checksum": 0
        },
        "reYIK_d": {
            "bytes": 43000,
            "mod": "std",
            "out": "reYIK_d.o",
            "text": 7325,
            "cls": 7017,
            "mode": 4,
            "checksum": 0,
            "archive": "archive.0/_125298_archive_1.a"
        },
        "g7hgQ_d": {
            "bytes": 467560,
            "mod": "tb",
            "out": "g7hgQ_d.o",
            "text": 310061,
            "mode": 4,
            "checksum": 0,
            "archive": "archive.0/_125298_archive_1.a"
        }
    },
    "stat": {
        "ru_self_end": {
            "ru_maxrss_kb": 130716,
            "ru_utime_sec": 0.311724,
            "ru_nvcsw": 608,
            "ru_majflt": 635,
            "ru_stime_sec": 0.073012999999999995,
            "ru_minflt": 16405,
            "ru_nivcsw": 200
        },
        "ru_childs_end": {
            "ru_maxrss_kb": 114828,
            "ru_utime_sec": 0.018530999999999999,
            "ru_nvcsw": 178,
            "ru_majflt": 132,
            "ru_stime_sec": 0.0056559999999999996,
            "ru_minflt": 2682,
            "ru_nivcsw": 22
        },
        "cpu_cycles_end": 41748952736537,
        "peak_mem_kb": 385392
    },
    "reusePaths": {},
    "ObjArchives": [
        {
            "archive": "archive.0/_125298_archive_1.a",
            "objects": [
                [
                    "reYIK_d.o",
                    43000
                ],
                [
                    "g7hgQ_d.o",
                    467560
                ],
                [
                    "amcQwB.o",
                    120658
                ]
            ],
            "size": 631218
        }
    ]
}