{
    "Modules": {
        "...MASTER...": {
            "child_modules": {
                "testbench": 1,
                "std": 1
            },
            "start_perf": [
                0.23633098602294922,
                0.073385000000000006,
                0.027036000000000001,
                298904,
                381548,
                1737369198.2401531,
                26839713265753
            ],
            "nQuads": 0,
            "end_perf": [
                0.23908400535583496,
                0.075609999999999997,
                0.027036000000000001,
                303372,
                381548,
                26839720180888,
                0,
                0
            ],
            "nMops": 0,
            "nRouts": 5
        },
        "testbench": {
            "child_modules": {},
            "start_perf": [
                0.24668693542480469,
                0.082979999999999998,
                0.027036000000000001,
                305604,
                381548,
                1737369198.250509,
                26839739103979
            ],
            "nQuads": 1247,
            "end_perf": [
                0.27737283706665039,
                0.103557,
                0.034519000000000001,
                309052,
                381548,
                26839815768286,
                17179869185,
                0
            ],
            "Compiled": "Yes",
            "Compiled Times": 1,
            "nMops": 2793,
            "nRouts": 148
        },
        "std": {
            "start_perf": [
                0.2391510009765625,
                0.075676999999999994,
                0.027036000000000001,
                303372,
                381548,
                1737369198.2429731,
                26839720298953
            ],
            "child_modules": {},
            "Compiled": "Yes",
            "end_perf": [
                0.24663400650024414,
                0.082924999999999999,
                0.027036000000000001,
                305604,
                381548,
                26839739030797,
                8589934594,
                0
            ],
            "nQuads": 218,
            "Compiled Times": 1,
            "nMops": 528,
            "svclass": [
                "$vcs_nba_dyn_obj",
                576,
                35,
                2,
                2,
                0,
                "sigprop$$",
                576,
                35,
                2,
                2,
                0,
                "process",
                2380,
                200,
                8,
                8,
                0,
                "event",
                597,
                34,
                2,
                2,
                0,
                "mailbox",
                1769,
                140,
                9,
                9,
                0,
                "semaphore",
                1119,
                84,
                5,
                5,
                0
            ],
            "nRouts": 33
        }
    },
    "stat": {
        "peak_mem_kb": 381548,
        "ru_self_end": {
            "ru_majflt": 0,
            "ru_minflt": 13996,
            "ru_utime_sec": 0.103842,
            "ru_stime_sec": 0.038460000000000001,
            "ru_nivcsw": 112,
            "ru_maxrss_kb": 123372,
            "ru_nvcsw": 30
        },
        "ru_childs_end": {
            "ru_majflt": 0,
            "ru_minflt": 2713,
            "ru_utime_sec": 0.014227999999999999,
            "ru_stime_sec": 0.0069369999999999996,
            "ru_nivcsw": 25,
            "ru_maxrss_kb": 111524,
            "ru_nvcsw": 22
        },
        "cpu_cycles_end": 26839826466638
    },
    "ObjArchives": [
        {
            "objects": [
                [
                    "reYIK_d.o",
                    43000
                ],
                [
                    "iAVhC_d.o",
                    57314
                ],
                [
                    "amcQwB.o",
                    117096
                ]
            ],
            "archive": "archive.0/_78898_archive_1.a",
            "size": 217410
        }
    ],
    "CompUnits": {
        "amcQw_d": {
            "mod": "...MASTER...",
            "checksum": 0,
            "out": "objs/amcQw_d.o",
            "mode": 4,
            "bytes": 7832,
            "text": 434
        },
        "reYIK_d": {
            "mod": "std",
            "checksum": 0,
            "out": "reYIK_d.o",
            "mode": 4,
            "bytes": 43000,
            "cls": 7017,
            "text": 7325,
            "archive": "archive.0/_78898_archive_1.a"
        },
        "iAVhC_d": {
            "mod": "testbench",
            "checksum": 0,
            "out": "iAVhC_d.o",
            "mode": 4,
            "bytes": 57314,
            "text": 29594,
            "archive": "archive.0/_78898_archive_1.a"
        }
    },
    "reusePaths": {}
}