{
    "SIMBData": {
        "out": "amcQwB.o",
        "bytes": 117132,
        "text": 0,
        "archive": "archive.0/_38039_archive_1.a"
    },
    "PEModules": [],
    "CompileProcesses": [
        "cgproc.38039.json"
    ],
    "cpu_cycles_pass2_start": 7282133647572,
    "cycles_program_begin": 7281667001877,
    "CurCompileModules": [
        "...MASTER...",
        "...MASTER...",
        "std",
        "std",
        "testbench",
        "testbench"
    ],
    "stat": {
        "cpu_cycles_end": 7282266799710,
        "Frontend(%)": 65.013653991784651,
        "ru_self_cgstart": {
            "ru_utime_sec": 0.070817000000000005,
            "ru_majflt": 0,
            "ru_stime_sec": 0.029159999999999998,
            "ru_maxrss_kb": 111172,
            "ru_nivcsw": 105,
            "ru_minflt": 11834,
            "ru_nvcsw": 10
        },
        "realTime": 0.2592461109161377,
        "ru_childs_cgstart": {
            "ru_utime_sec": 0.014175999999999999,
            "ru_majflt": 0,
            "ru_stime_sec": 0.0078750000000000001,
            "ru_maxrss_kb": 111172,
            "ru_nivcsw": 19,
            "ru_minflt": 2713,
            "ru_nvcsw": 19
        },
        "CodeGen(%)": 34.986346008215349,
        "totalObjSize": 242504,
        "cpu_cycles_cgstart": 7282133694876,
        "cpu_cycles_total": 599797833,
        "nMops": 5211,
        "ru_childs_end": {
            "ru_utime_sec": 0.014175999999999999,
            "ru_majflt": 0,
            "ru_stime_sec": 0.0078750000000000001,
            "ru_maxrss_kb": 111172,
            "ru_nivcsw": 19,
            "ru_minflt": 2713,
            "ru_nvcsw": 19
        },
        "nQuads": 1911,
        "ru_self_end": {
            "ru_utime_sec": 0.11655500000000001,
            "ru_majflt": 0,
            "ru_stime_sec": 0.035487999999999999,
            "ru_maxrss_kb": 123680,
            "ru_nivcsw": 126,
            "ru_minflt": 14233,
            "ru_nvcsw": 10
        },
        "quadSpeed": 41781.45087235995,
        "mop/quad": 2.7268445839874413,
        "mopSpeed": 113931.52302243207,
        "outputSizePerQuad": 126.89900575614861,
        "peak_mem_kb": 385120
    },
    "CompileStatus": "Successful",
    "PrevCompiledModules": {},
    "perf": [
        {
            "stat": [
                "main",
                "entry",
                0.018953084945678711,
                0.028839,
                0.016479000000000001,
                203220,
                204476,
                0.0,
                0.0,
                1740643199.7779801,
                7281667201049
            ],
            "sub": [
                {
                    "stat": [
                        "doParsingAndDesignResolution",
                        "entry",
                        0.13608503341674805,
                        0.034351,
                        0.021468999999999999,
                        212908,
                        213708,
                        0.0,
                        0.0,
                        1740643199.895112,
                        7281959505574
                    ],
                    "sub": []
                },
                {
                    "stat": [
                        "doParsingAndDesignResolution",
                        "exit",
                        0.15085196495056152,
                        0.048933999999999998,
                        0.021918,
                        318896,
                        385120,
                        0.0,
                        0.0,
                        1740643199.909879,
                        7281996412661
                    ],
                    "sub": []
                },
                {
                    "stat": [
                        "doPostDesignResolutionToVir2Vcs",
                        "entry",
                        0.15471100807189941,
                        0.051808,
                        0.023911000000000002,
                        300012,
                        385120,
                        0.0,
                        0.0,
                        1740643199.913738,
                        7282006028942
                    ],
                    "sub": [
                        {
                            "stat": [
                                "doUptoVir2VcsNoSepCleanup",
                                "entry",
                                0.15841102600097656,
                                0.054501000000000001,
                                0.024878000000000001,
                                300236,
                                385120,
                                0.0,
                                0.0,
                                1740643199.917438,
                                7282015262318
                            ],
                            "sub": []
                        },
                        {
                            "stat": [
                                "doUptoVir2VcsNoSepCleanup",
                                "exit",
                                0.1771540641784668,
                                0.070663000000000004,
                                0.02494,
                                300492,
                                385120,
                                0.0,
                                0.0018929999999999999,
                                1740643199.9361811,
                                7282062042875
                            ],
                            "sub": []
                        },
                        {
                            "stat": [
                                "doRadify_vir2vcsAll",
                                "entry",
                                0.17721390724182129,
                                0.070708999999999994,
                                0.024955999999999999,
                                300492,
                                385120,
                                0.0,
                                0.0018929999999999999,
                                1740643199.9362409,
                                7282062123896
                            ],
                            "sub": []
                        },
                        {
                            "stat": [
                                "doRadify_vir2vcsAll",
                                "exit",
                                0.18041896820068359,
                                0.070708999999999994,
                                0.028065,
                                302284,
                                385120,
                                0.0,
                                0.0018929999999999999,
                                1740643199.939446,
                                7282070191348
                            ],
                            "sub": []
                        }
                    ]
                },
                {
                    "stat": [
                        "doPostDesignResolutionToVir2Vcs",
                        "exit",
                        0.18046092987060547,
                        0.070708999999999994,
                        0.028108999999999999,
                        302284,
                        385120,
                        0.0,
                        0.0018929999999999999,
                        1740643199.9394879,
                        7282070230117
                    ],