{
    "Modules": {
        "...MASTER...": {
            "start_perf": [
                0.24733304977416992,
                0.076828999999999995,
                0.022943999999999999,
                298600,
                383820,
                1755715575.1204391,
                7207732020260
            ],
            "nMops": 0,
            "child_modules": {
                "std": 1,
                "tb": 1
            },
            "nRouts": 5,
            "end_perf": [
                0.24966788291931152,
                0.078798999999999994,
                0.023175999999999999,
                303132,
                383820,
                7207737891129,
                0,
                0
            ],
            "nQuads": 0
        },
        "std": {
            "start_perf": [
                0.24973297119140625,
                0.078849000000000002,
                0.023189999999999999,
                303132,
                383820,
                1755715575.122839,
                7207738014673
            ],
            "child_modules": {},
            "nMops": 528,
            "Compiled Times": 1,
            "Compiled": "Yes",
            "nRouts": 33,
            "end_perf": [
                0.25750303268432617,
                0.086377999999999996,
                0.023189999999999999,
                305480,
                383820,
                7207757469078,
                8589934594,
                0
            ],
            "svclass": [
                "$vcs_nba_dyn_obj",
                576,
                35,
                2,
                2,
                0,
                "sigprop$$",
                576,
                35,
                2,
                2,
                0,
                "process",
                2380,
                200,
                8,
                8,
                0,
                "event",
                597,
                34,
                2,
                2,
                0,
                "mailbox",
                1769,
                140,
                9,
                9,
                0,
                "semaphore",
                1119,
                84,
                5,
                5,
                0
            ],
            "nQuads": 218
        },
        "tb": {
            "start_perf": [
                0.25756096839904785,
                0.086437,
                0.023189999999999999,
                305480,
                383820,
                1755715575.130667,
                7207757549861
            ],
            "nMops": 1794,
            "child_modules": {},
            "Compiled Times": 1,
            "Compiled": "Yes",
            "nRouts": 80,
            "end_perf": [
                0.27792191505432129,
                0.10168199999999999,
                0.023189999999999999,
                307144,
                383820,
                7207808442533,
                17179869185,
                0
            ],
            "nQuads": 696
        }
    },
    "CompUnits": {
        "amcQw_d": {
            "bytes": 7824,
            "mod": "...MASTER...",
            "out": "objs/amcQw_d.o",
            "checksum": 0,
            "mode": 4,
            "text": 434
        },
        "reYIK_d": {
            "bytes": 43000,
            "mod": "std",
            "out": "reYIK_d.o",
            "checksum": 0,
            "mode": 4,
            "text": 7325,
            "cls": 7017,
            "archive": "archive.0/_110998_archive_1.a"
        },
        "g7hgQ_d": {
            "bytes": 34798,
            "mod": "tb",
            "out": "g7hgQ_d.o",
            "checksum": 0,
            "mode": 4,
            "text": 17711,
            "archive": "archive.0/_110998_archive_1.a"
        }
    },
    "reusePaths": {},
    "ObjArchives": [
        {
            "archive": "archive.0/_110998_archive_1.a",
            "objects": [
                [
                    "reYIK_d.o",
                    43000
                ],
                [
                    "g7hgQ_d.o",
                    34798
                ],
                [
                    "amcQwB.o",
                    116890
                ]
            ],
            "size": 194688
        }
    ],
    "stat": {
        "peak_mem_kb": 383820,
        "ru_self_end": {
            "ru_nvcsw": 35,
            "ru_utime_sec": 0.10329199999999999,
            "ru_stime_sec": 0.026252000000000001,
            "ru_maxrss_kb": 121068,
            "ru_minflt": 13354,
            "ru_majflt": 0,
            "ru_nivcsw": 100
        },
        "ru_childs_end": {
            "ru_nvcsw": 21,
            "ru_utime_sec": 0.019399,
            "ru_stime_sec": 0.0019970000000000001,
            "ru_maxrss_kb": 111532,
            "ru_minflt": 2710,
            "ru_majflt": 0,
            "ru_nivcsw": 14
        },
        "cpu_cycles_end": 7207837839715
    }
}