{
    "ObjArchives": [
        {
            "archive": "archive.0/_92664_archive_1.a",
            "objects": [
                [
                    "reYIK_d.o",
                    43000
                ],
                [
                    "g7hgQ_d.o",
                    67446
                ],
                [
                    "amcQwB.o",
                    119572
                ]
            ],
            "size": 230018
        }
    ],
    "Modules": {
        "...MASTER...": {
            "nQuads": 0,
            "start_perf": [
                0.23173999786376953,
                0.073495000000000005,
                0.030945,
                310732,
                381732,
                1741142214.4114821,
                8425401280295
            ],
            "nRouts": 5,
            "child_modules": {
                "std": 1,
                "tb": 1
            },
            "end_perf": [
                0.23412299156188965,
                0.075171000000000002,
                0.031650999999999999,
                311712,
                381732,
                8425407281511,
                0,
                0
            ],
            "nMops": 0
        },
        "std": {
            "start_perf": [
                0.23420000076293945,
                0.075226000000000001,
                0.031674000000000001,
                311712,
                381732,
                1741142214.4139421,
                8425407424481
            ],
            "nQuads": 218,
            "significant_routs": [
                [
                    23,
                    "F_VCSgd_reYIK_23_0",
                    5924815,
                    175,
                    18
                ],
                [
                    24,
                    "F_VCSgd_reYIK_24_0",
                    2724323,
                    984,
                    90
                ]
            ],
            "nRouts": 33,
            "child_modules": {},
            "svclass": [
                "$vcs_nba_dyn_obj",
                576,
                35,
                2,
                2,
                0,
                "sigprop$$",
                576,
                35,
                2,
                2,
                0,
                "process",
                2380,
                200,
                8,
                8,
                0,
                "event",
                597,
                34,
                2,
                2,
                0,
                "mailbox",
                1769,
                140,
                9,
                9,
                0,
                "semaphore",
                1119,
                84,
                5,
                5,
                0
            ],
            "Compiled": "Yes",
            "Compiled Times": 1,
            "end_perf": [
                0.24932980537414551,
                0.084565000000000001,
                0.031674000000000001,
                312680,
                381732,
                8425445278805,
                8589934594,
                0
            ],
            "nMops": 528
        },
        "tb": {
            "start_perf": [
                0.24940896034240723,
                0.084647,
                0.031674000000000001,
                312680,
                381732,
                1741142214.4291511,
                8425445382738
            ],
            "nQuads": 1367,
            "significant_routs": [
                [
                    2,
                    "R_VCSgd_g7hgQ_2",
                    2867475,
                    1875,
                    247
                ],
                [
                    98,
                    "R_VCSgd_g7hgQ_62",
                    3078607,
                    3104,
                    410
                ]
            ],
            "nRouts": 139,
            "child_modules": {},
            "Compiled": "Yes",
            "nMops": 3455,
            "Compiled Times": 1,
            "end_perf": [
                0.2847139835357666,
                0.112301,
                0.036096000000000003,
                312680,
                381732,
                8425533555648,
                21474836481,
                0
            ]
        }
    },
    "CompUnits": {
        "amcQw_d": {
            "mod": "...MASTER...",
            "out": "objs/amcQw_d.o",
            "bytes": 7824,
            "text": 434,
            "mode": 4,
            "checksum": 0
        },
        "reYIK_d": {
            "mod": "std",
            "out": "reYIK_d.o",
            "bytes": 43000,
            "cls": 7017,
            "text": 7325,
            "mode": 4,
            "checksum": 0,
            "archive": "archive.0/_92664_archive_1.a"
        },
        "g7hgQ_d": {
            "mod": "tb",
            "out": "g7hgQ_d.o",
            "bytes": 67446,
            "text": 31262,
            "mode": 4,
            "checksum": 0,
            "archive": "archive.0/_92664_archive_1.a"
        }
    },
    "reusePaths": {},
    "stat": {
        "ru_self_end": {
            "ru_utime_sec": 0.11328000000000001,
            "ru_majflt": 0,
            "ru_stime_sec": 0.040457,
            "ru_minflt": 14328,
            "ru_maxrss_kb": 128848,
            "ru_nivcsw": 73,
            "ru_nvcsw": 9
        },
        "ru_childs_end": {
            "ru_utime_sec": 0.012012999999999999,
            "ru_majflt": 0,
            "ru_stime_sec": 0.0089309999999999997,
            "ru_minflt": 2709,
            "ru_maxrss_kb": 116356,
            "ru_nivcsw": 19,
            "ru_nvcsw": 18
        },
        "cpu_cycles_end": 8425546812922,
        "peak_mem_kb": 381732
    }
}