{
    "Modules": {
        "instr_reg_tb": {
            "nRouts": 51,
            "start_perf": [
                0.20419502258300781,
                0.063087000000000004,
                0.029440000000000001,
                310676,
                381672,
                1735385293.0063701,
                93981039352570
            ],
            "nMops": 931,
            "child_modules": {},
            "nQuads": 409,
            "end_perf": [
                0.20745706558227539,
                0.063087000000000004,
                0.032702000000000002,
                310676,
                381672,
                93981047546982,
                17179869185,
                0
            ],
            "Compiled": "Yes",
            "Compiled Times": 3
        },
        "...MASTER...": {
            "nRouts": 5,
            "start_perf": [
                0.19806098937988281,
                0.062210000000000001,
                0.02613,
                310676,
                381672,
                1735385293.000236,
                93981024050496
            ],
            "nMops": 0,
            "child_modules": {
                "instr_reg_tb": 1,
                "std": 1
            },
            "nQuads": 0,
            "end_perf": [
                0.20154500007629395,
                0.062210000000000001,
                0.027687,
                310676,
                381672,
                93981032787422,
                0,
                0
            ]
        },
        "std": {
            "start_perf": [
                0.20161104202270508,
                0.062210000000000001,
                0.027754000000000001,
                310676,
                381672,
                1735385293.0037861,
                93981032900004
            ],
            "child_modules": {},
            "nMops": 528,
            "nQuads": 218,
            "Compiled": "Yes",
            "end_perf": [
                0.20414590835571289,
                0.063052999999999998,
                0.029423999999999999,
                310676,
                381672,
                93981039287192,
                8589934594,
                0
            ],
            "Compiled Times": 3,
            "svclass": [
                "$vcs_nba_dyn_obj",
                0,
                35,
                2,
                2,
                0,
                "sigprop$$",
                0,
                35,
                2,
                2,
                0,
                "process",
                0,
                200,
                8,
                8,
                0,
                "event",
                0,
                34,
                2,
                2,
                0,
                "mailbox",
                0,
                140,
                9,
                9,
                0,
                "semaphore",
                0,
                84,
                5,
                5,
                0
            ],
            "nRouts": 33
        }
    },
    "CompUnits": {},
    "stat": {
        "ru_self_end": {
            "ru_stime_sec": 0.033563999999999997,
            "ru_utime_sec": 0.067127999999999993,
            "ru_maxrss_kb": 123700,
            "ru_minflt": 13227,
            "ru_nivcsw": 111,
            "ru_nvcsw": 15,
            "ru_majflt": 0
        },
        "ru_childs_end": {
            "ru_stime_sec": 0.0029329999999999998,
            "ru_utime_sec": 0.016426,
            "ru_maxrss_kb": 115380,
            "ru_minflt": 2729,
            "ru_nivcsw": 15,
            "ru_nvcsw": 22,
            "ru_majflt": 0
        },
        "cpu_cycles_end": 93981060405168,
        "peak_mem_kb": 381672
    },
    "reusePaths": {
        "amcQw_d": {
            "icPath": "csrc"
        },
        "mYRzt_d": {
            "icPath": "csrc"
        },
        "reYIK_d": {
            "icPath": "csrc"
        }
    },
    "ObjArchives": [
        {
            "archive": "archive.2/_159370_archive_1.a",
            "objects": [
                [
                    "amcQwB.o",
                    117014
                ]
            ],
            "size": 117014
        }
    ]
}