{
    "reusePaths": {},
    "Modules": {
        "...MASTER...": {
            "start_perf": [
                0.30838608741760254,
                0.089436000000000002,
                0.028546999999999999,
                311096,
                384208,
                1755718021.248014,
                13313274281755
            ],
            "nRouts": 5,
            "end_perf": [
                0.31055212020874023,
                0.091148000000000007,
                0.029000999999999999,
                312076,
                384208,
                13313279706505,
                0,
                0
            ],
            "child_modules": {
                "tb": 1,
                "std": 1
            },
            "nQuads": 0,
            "nMops": 0
        },
        "tb": {
            "start_perf": [
                0.32112216949462891,
                0.098968,
                0.029016,
                313044,
                384208,
                1755718021.2607501,
                13313306058198
            ],
            "nRouts": 177,
            "child_modules": {},
            "end_perf": [
                0.3750150203704834,
                0.14085400000000001,
                0.029877999999999998,
                313044,
                384208,
                13313440649503,
                25769803777,
                0
            ],
            "Compiled": "Yes",
            "significant_routs": [
                [
                    2,
                    "R_VCSgd_g7hgQ_2",
                    4924890,
                    4575,
                    576
                ],
                [
                    84,
                    "R_VCSgd_g7hgQ_54",
                    4998754,
                    1477,
                    158
                ],
                [
                    86,
                    "R_VCSgd_g7hgQ_56",
                    4039786,
                    3620,
                    369
                ],
                [
                    88,
                    "R_VCSgd_g7hgQ_58",
                    8018672,
                    1010,
                    81
                ],
                [
                    111,
                    "R_VCSgd_g7hgQ_6f",
                    4248882,
                    1026,
                    92
                ],
                [
                    124,
                    "R_VCSgd_g7hgQ_7c",
                    5293137,
                    157,
                    31
                ],
                [
                    135,
                    "R_VCSgd_g7hgQ_87",
                    4754651,
                    161,
                    20
                ]
            ],
            "Compiled Times": 1,
            "nQuads": 2112,
            "nMops": 5195
        },
        "std": {
            "start_perf": [
                0.31061220169067383,
                0.091193999999999997,
                0.029016,
                312076,
                384208,
                1755718021.2502401,
                13313279827567
            ],
            "nRouts": 33,
            "child_modules": {},
            "end_perf": [
                0.32107305526733398,
                0.098919000000000007,
                0.029016,
                313044,
                384208,
                13313305981626,
                8589934594,
                0
            ],
            "Compiled": "Yes",
            "significant_routs": [
                [
                    24,
                    "F_VCSgd_reYIK_24_0",
                    7620903,
                    984,
                    90
                ]
            ],
            "Compiled Times": 1,
            "svclass": [
                "$vcs_nba_dyn_obj",
                576,
                35,
                2,
                2,
                0,
                "sigprop$$",
                576,
                35,
                2,
                2,
                0,
                "process",
                2380,
                200,
                8,
                8,
                0,
                "event",
                597,
                34,
                2,
                2,
                0,
                "mailbox",
                1769,
                140,
                9,
                9,
                0,
                "semaphore",
                1119,
                84,
                5,
                5,
                0
            ],
            "nQuads": 218,
            "nMops": 528
        }
    },
    "ObjArchives": [
        {
            "archive": "archive.0/_330390_archive_1.a",
            "size": 252858,
            "objects": [
                [
                    "reYIK_d.o",
                    43000
                ],
                [
                    "g7hgQ_d.o",
                    89514
                ],
                [
                    "amcQwB.o",
                    120344
                ]
            ]
        }
    ],
    "CompUnits": {
        "amcQw_d": {
            "out": "objs/amcQw_d.o",
            "mod": "...MASTER...",
            "bytes": 7824,
            "text": 434,
            "mode": 4,
            "checksum": 0
        },
        "reYIK_d": {
            "cls": 7017,
            "out": "reYIK_d.o",
            "mod": "std",
            "bytes": 43000,
            "text": 7325,
            "mode": 4,
            "checksum": 0,
            "archive": "archive.0/_330390_archive_1.a"
        },
        "g7hgQ_d": {
            "out": "g7hgQ_d.o",
            "mod": "tb",
            "bytes": 89514,
            "text": 46202,
            "mode": 4,
            "checksum": 0,
            "archive": "archive.0/_330390_archive_1.a"
        }
    },
    "stat": {
        "ru_self_end": {
            "ru_nvcsw": 25,
            "ru_utime_sec": 0.14558299999999999,
            "ru_majflt": 0,
            "ru_stime_sec": 0.030192,
            "ru_maxrss_kb": 128176,
            "ru_minflt": 14360,
            "ru_nivcsw": 128
        },
        "peak_mem_kb": 384208,
        "ru_childs_end": {
            "ru_nvcsw": 19,
            "ru_utime_sec": 0.010427000000000001,
            "ru_majflt": 0,
            "ru_stime_sec": 0.010224,
            "ru_maxrss_kb": 115460,
            "ru_minflt": 2710,
            "ru_nivcsw": 16
        },
        "cpu_cycles_end": 13313453299929
    }
}