{
    "cpu_cycles_pass2_start": 4747538058200,
    "incremental": "on",
    "CurCompileUdps": {},
    "cycles_program_begin": 4746972041238,
    "LVLData": [
        "SIM"
    ],
    "perf": [
        {
            "sub": [
                {
                    "sub": [],
                    "stat": [
                        "doParsingAndDesignResolution",
                        "entry",
                        0.13231205940246582,
                        0.036759,
                        0.022055000000000002,
                        212912,
                        213712,
                        0.0,
                        0.0,
                        1772236470.734442,
                        4747262591848
                    ]
                },
                {
                    "sub": [],
                    "stat": [
                        "doParsingAndDesignResolution",
                        "exit",
                        0.14852595329284668,
                        0.039447999999999997,
                        0.031558000000000003,
                        316548,
                        384100,
                        0.0,
                        0.0,
                        1772236470.7506559,
                        4747303085322
                    ]
                },
                {
                    "sub": [
                        {
                            "sub": [],
                            "stat": [
                                "doUptoVir2VcsNoSepCleanup",
                                "entry",
                                0.15762901306152344,
                                0.042493999999999997,
                                0.037756999999999999,
                                298396,
                                384100,
                                0.0,
                                0.0,
                                1772236470.7597589,
                                4747325786536
                            ]
                        },
                        {
                            "sub": [],
                            "stat": [
                                "doUptoVir2VcsNoSepCleanup",
                                "exit",
                                0.17647409439086914,
                                0.056431000000000002,
                                0.040307999999999997,
                                298652,
                                384100,
                                0.0,
                                0.0018990000000000001,
                                1772236470.778604,
                                4747372831547
                            ]
                        },
                        {
                            "sub": [],
                            "stat": [
                                "doRadify_vir2vcsAll",
                                "entry",
                                0.17653107643127441,
                                0.056465000000000001,
                                0.040332,
                                298652,
                                384100,
                                0.0,
                                0.0018990000000000001,
                                1772236470.778661,
                                4747372910392
                            ]
                        },
                        {
                            "sub": [],
                            "stat": [
                                "doRadify_vir2vcsAll",
                                "exit",
                                0.17965602874755859,
                                0.059283000000000002,
                                0.040332,
                                300252,
                                384100,
                                0.0,
                                0.0018990000000000001,
                                1772236470.781786,
                                4747380774907
                            ]
                        }
                    ],
                    "stat": [
                        "doPostDesignResolutionToVir2Vcs",
                        "entry",
                        0.15411210060119629,
                        0.042493999999999997,
                        0.034250999999999997,
                        298172,
                        384100,
                        0.0,
                        0.0,
                        1772236470.756242,
                        4747317014904
                    ]
                },
                {
                    "sub": [],
                    "stat": [
                        "doPostDesignResolutionToVir2Vcs",
                        "exit",
                        0.17969799041748047,
                        0.059325999999999997,
                        0.040332,
                        300252,
                        384100,
                        0.0,
                        0.0018990000000000001,
                        1772236470.7818279,
                        4747380812257
                    ]
                },
                {
                    "sub": [
                        {
                            "sub": [],
                            "stat": [
                                "DoPass2",
                                "entry",
                                0.2426760196685791,
                                0.060345999999999997,
                                0.040332,
                                298696,
                                384100,
                                0.021833000000000002,
                                0.011839000000000001,
                                1772236470.844806,
                                4747538048328
                            ]
                        },
                        {
                            "sub": [],
                            "stat": [
                                "DoPass2",
                                "exit",
                                0.30100703239440918,
                                0.100685,
                                0.047532999999999999,
                                311228,
                                384100,
                                0.021833000000000002,
                                0.011839000000000001,
                                1772236470.903137,
                                4747683640048
                            ]
                        }
                    ],
                    "stat": [
                        "doGAToPass2",
                        "entry",
                        0.17971110343933105,
                        0.059338000000000002,
                        0.040332,
                        300252,
                        384100,
                        0.0,
                        0.0018990000000000001,
                        1772236470.781841,
                        4747380839442
                    ]
                },
                {
                    "sub": [],
                    "stat": [
                        "doGAToPass2",
                        "exit",
                        0.30386114120483398,
                        0.100715,
                        0.050356999999999999,
                        311228,
                        384100,
                        0.021833000000000002,
                        0.011839000000000001,
                        1772236470.9059911,
                        4747690780900
                    ]
                }
            ],