{
    "CompileStrategy": "fullobj",
    "cycles_program_begin": 43837084832339,
    "SIMBData": {
        "out": "amcQwB.o",
        "bytes": 117380,
        "text": 0,
        "archive": "archive.0/_60460_archive_1.a"
    },
    "PEModules": [],
    "stat": {
        "nMops": 4886,
        "ru_self_cgstart": {
            "ru_maxrss_kb": 111520,
            "ru_utime_sec": 0.073034000000000002,
            "ru_nivcsw": 60,
            "ru_stime_sec": 0.025925,
            "ru_minflt": 11743,
            "ru_nvcsw": 30,
            "ru_majflt": 0
        },
        "nQuads": 1706,
        "ru_childs_cgstart": {
            "ru_maxrss_kb": 111520,
            "ru_utime_sec": 0.019306,
            "ru_nivcsw": 24,
            "ru_stime_sec": 0.012749,
            "ru_minflt": 4109,
            "ru_nvcsw": 20,
            "ru_majflt": 0
        },
        "totalObjSize": 230862,
        "cpu_cycles_end": 43837760300787,
        "outputSizePerQuad": 135.32356389214536,
        "mopSpeed": 119322.06701181992,
        "cpu_cycles_cgstart": 43837629306809,
        "Frontend(%)": 69.278554708600936,
        "ru_self_end": {
            "ru_maxrss_kb": 121392,
            "ru_utime_sec": 0.113982,
            "ru_nivcsw": 85,
            "ru_stime_sec": 0.026107999999999999,
            "ru_minflt": 13540,
            "ru_nvcsw": 30,
            "ru_majflt": 0
        },
        "cpu_cycles_total": 675468448,
        "ru_childs_end": {
            "ru_maxrss_kb": 111520,
            "ru_utime_sec": 0.019306,
            "ru_nivcsw": 24,
            "ru_stime_sec": 0.012749,
            "ru_minflt": 4109,
            "ru_nvcsw": 20,
            "ru_majflt": 0
        },
        "quadSpeed": 41662.596463807771,
        "mop/quad": 2.8640093786635403,
        "CodeGen(%)": 30.721445291399068,
        "peak_mem_kb": 381456,
        "realTime": 0.2869570255279541
    },
    "perf": [
        {
            "sub": [
                {
                    "sub": [],
                    "stat": [
                        "doParsingAndDesignResolution",
                        "entry",
                        0.13258814811706543,
                        0.043805999999999998,
                        0.015654000000000001,
                        212912,
                        213712,
                        0.0,
                        0.0,
                        1772084673.049468,
                        43837375116353
                    ]
                },
                {
                    "sub": [],
                    "stat": [
                        "doParsingAndDesignResolution",
                        "exit",
                        0.14428615570068359,
                        0.050980999999999999,
                        0.019608,
                        316440,
                        381456,
                        0.0,
                        0.0,
                        1772084673.061166,
                        43837404310733
                    ]
                },
                {
                    "sub": [
                        {
                            "sub": [],
                            "stat": [
                                "doUptoVir2VcsNoSepCleanup",
                                "entry",
                                0.15490007400512695,
                                0.056964000000000001,
                                0.023546999999999998,
                                298380,
                                381456,
                                0.0,
                                0.0,
                                1772084673.07178,
                                43837430806638
                            ]
                        },
                        {
                            "sub": [],
                            "stat": [
                                "doUptoVir2VcsNoSepCleanup",
                                "exit",
                                0.18812203407287598,
                                0.069088999999999998,
                                0.025908,
                                298636,
                                381456,
                                0.0,
                                0.0022260000000000001,
                                1772084673.1050019,
                                43837513745893
                            ]
                        },
                        {
                            "sub": [],
                            "stat": [
                                "doRadify_vir2vcsAll",
                                "entry",
                                0.18818306922912598,
                                0.069134000000000001,
                                0.025925,
                                298636,
                                381456,
                                0.0,
                                0.0022260000000000001,
                                1772084673.105063,
                                43837513831658
                            ]
                        },
                        {
                            "sub": [],
                            "stat": [
                                "doRadify_vir2vcsAll",
                                "exit",
                                0.19133615493774414,
                                0.071944999999999995,
                                0.025925,
                                300236,
                                381456,
                                0.0,
                                0.0022260000000000001,
                                1772084673.108216,
                                43837521762875
                            ]
                        }
                    ],
                    "stat": [
                        "doPostDesignResolutionToVir2Vcs",
                        "entry",
                        0.1517021656036377,
                        0.056964000000000001,
                        0.020344000000000001,
                        298156,
                        381456,
                        0.0,
                        0.0,
                        1772084673.0685821,
                        43837422835365
                    ]
                },
                {
                    "sub": [],
                    "stat": [
                        "doPostDesignResolutionToVir2Vcs",
                        "exit",
                        0.19137811660766602,
                        0.071986999999999995,
                        0.025925,
                        300236,
                        381456,
                        0.0,
                        0.0022260000000000001,
                        1772084673.108258,
                        43837521796244
                    ]
                },
                {
                    "sub": [
                        {
                            "sub": [],
                            "stat": [
                                "DoPass2",
                                "entry",
                                0.23440122604370117,
                                0.072980000000000003,
                                0.025925,
                                298680,
                                381456,
                                0.019306,
                                0.012749,
                                1772084673.1512811,
                                43837629246022
                            ]
                        },
                        {
                            "sub": [],