{
    "Modules": {
        "testbench": {
            "start_perf": [
                0.20897102355957031,
                0.074986999999999998,
                0.033744000000000003,
                305600,
                384112,
                1737369198.545471,
                26840475339737
            ],
            "nRouts": 149,
            "Compiled Times": 1,
            "child_modules": {},
            "Compiled": "Yes",
            "end_perf": [
                0.24099612236022949,
                0.100537,
                0.037234999999999997,
                309056,
                384112,
                26840555338970,
                17179869185,
                0
            ],
            "nQuads": 1259,
            "nMops": 2856
        },
        "...MASTER...": {
            "start_perf": [
                0.19401407241821289,
                0.068645999999999999,
                0.029999999999999999,
                298904,
                384112,
                1737369198.530514,
                26840438005981
            ],
            "nRouts": 5,
            "child_modules": {
                "std": 1,
                "testbench": 1
            },
            "end_perf": [
                0.20020818710327148,
                0.070906999999999998,
                0.029999999999999999,
                303372,
                384112,
                26840453514447,
                0,
                0
            ],
            "nQuads": 0,
            "nMops": 0
        },
        "std": {
            "svclass": [
                "$vcs_nba_dyn_obj",
                576,
                35,
                2,
                2,
                0,
                "sigprop$$",
                576,
                35,
                2,
                2,
                0,
                "process",
                2380,
                200,
                8,
                8,
                0,
                "event",
                597,
                34,
                2,
                2,
                0,
                "mailbox",
                1769,
                140,
                9,
                9,
                0,
                "semaphore",
                1119,
                84,
                5,
                5,
                0
            ],
            "start_perf": [
                0.20028114318847656,
                0.070981000000000002,
                0.029999999999999999,
                303372,
                384112,
                1737369198.5367811,
                26840453647112
            ],
            "child_modules": {},
            "Compiled Times": 1,
            "Compiled": "Yes",
            "end_perf": [
                0.20891499519348145,
                0.074948000000000001,
                0.033725999999999999,
                305600,
                384112,
                26840475257335,
                8589934594,
                0
            ],
            "nQuads": 218,
            "nMops": 528,
            "nRouts": 33
        }
    },
    "reusePaths": {},
    "CompUnits": {
        "amcQw_d": {
            "mode": 4,
            "mod": "...MASTER...",
            "bytes": 7832,
            "out": "objs/amcQw_d.o",
            "text": 434,
            "checksum": 0
        },
        "reYIK_d": {
            "archive": "archive.0/_79453_archive_1.a",
            "mode": 4,
            "mod": "std",
            "bytes": 43000,
            "out": "reYIK_d.o",
            "text": 7325,
            "checksum": 0,
            "cls": 7017
        },
        "iAVhC_d": {
            "archive": "archive.0/_79453_archive_1.a",
            "mode": 4,
            "mod": "testbench",
            "bytes": 57774,
            "out": "iAVhC_d.o",
            "text": 29926,
            "checksum": 0
        }
    },
    "ObjArchives": [
        {
            "archive": "archive.0/_79453_archive_1.a",
            "objects": [
                [
                    "reYIK_d.o",
                    43000
                ],
                [
                    "iAVhC_d.o",
                    57774
                ],
                [
                    "amcQwB.o",
                    117096
                ]
            ],
            "size": 217870
        }
    ],
    "stat": {
        "ru_self_end": {
            "ru_stime_sec": 0.041193,
            "ru_utime_sec": 0.101199,
            "ru_nivcsw": 84,
            "ru_maxrss_kb": 122556,
            "ru_nvcsw": 43,
            "ru_minflt": 13964,
            "ru_majflt": 0
        },
        "ru_childs_end": {
            "ru_stime_sec": 0.0046049999999999997,
            "ru_utime_sec": 0.015553000000000001,
            "ru_nivcsw": 28,
            "ru_maxrss_kb": 111176,
            "ru_nvcsw": 17,
            "ru_minflt": 2713,
            "ru_majflt": 0
        },
        "cpu_cycles_end": 26840567425129,
        "peak_mem_kb": 384112
    }
}