{
    "CompUnits": {
        "amcQw_d": {
            "text": 434,
            "mod": "...MASTER...",
            "out": "objs/amcQw_d.o",
            "bytes": 7832,
            "mode": 4,
            "checksum": 0
        },
        "iAVhC_d": {
            "text": 29782,
            "mod": "testbench",
            "archive": "archive.0/_144870_archive_1.a",
            "out": "iAVhC_d.o",
            "bytes": 55460,
            "mode": 4,
            "checksum": 0
        },
        "reYIK_d": {
            "text": 7325,
            "mod": "std",
            "archive": "archive.0/_144870_archive_1.a",
            "cls": 7017,
            "out": "reYIK_d.o",
            "bytes": 43000,
            "mode": 4,
            "checksum": 0
        }
    },
    "Modules": {
        "std": {
            "Compiled Times": 1,
            "significant_routs": [
                [
                    24,
                    "F_VCSgd_reYIK_24_0",
                    3798243,
                    984,
                    90
                ]
            ],
            "start_perf": [
                0.20240306854248047,
                0.068423999999999999,
                0.031102999999999999,
                303356,
                384876,
                1741080093.772198,
                69421318654791
            ],
            "Compiled": "Yes",
            "child_modules": {},
            "end_perf": [
                0.21198916435241699,
                0.076343999999999995,
                0.031102999999999999,
                305600,
                384876,
                69421342610931,
                8589934594,
                0
            ],
            "nMops": 528,
            "svclass": [
                "$vcs_nba_dyn_obj",
                576,
                35,
                2,
                2,
                0,
                "sigprop$$",
                576,
                35,
                2,
                2,
                0,
                "process",
                2380,
                200,
                8,
                8,
                0,
                "event",
                597,
                34,
                2,
                2,
                0,
                "mailbox",
                1769,
                140,
                9,
                9,
                0,
                "semaphore",
                1119,
                84,
                5,
                5,
                0
            ],
            "nQuads": 218,
            "nRouts": 33
        },
        "...MASTER...": {
            "start_perf": [
                0.19924807548522949,
                0.066199999999999995,
                0.031102999999999999,
                298888,
                384876,
                1741080093.769043,
                69421310750103
            ],
            "child_modules": {
                "std": 1,
                "testbench": 1
            },
            "nRouts": 5,
            "end_perf": [
                0.20139718055725098,
                0.068348000000000006,
                0.031102999999999999,
                303356,
                384876,
                69421316140518,
                0,
                0
            ],
            "nMops": 0,
            "nQuads": 0
        },
        "testbench": {
            "Compiled Times": 1,
            "start_perf": [
                0.21204805374145508,
                0.076405000000000001,
                0.031102999999999999,
                305600,
                384876,
                1741080093.7818429,
                69421342690965
            ],
            "Compiled": "Yes",
            "child_modules": {},
            "nRouts": 150,
            "end_perf": [
                0.24126505851745605,
                0.10449799999999999,
                0.031102999999999999,
                309036,
                384876,
                69421415678626,
                17179869185,
                0
            ],
            "nMops": 2757,
            "nQuads": 1311
        }
    },
    "reusePaths": {},
    "ObjArchives": [
        {
            "archive": "archive.0/_144870_archive_1.a",
            "objects": [
                [
                    "reYIK_d.o",
                    43000
                ],
                [
                    "iAVhC_d.o",
                    55460
                ],
                [
                    "amcQwB.o",
                    116846
                ]
            ],
            "size": 215306
        }
    ],
    "stat": {
        "ru_self_end": {
            "ru_majflt": 0,
            "ru_utime_sec": 0.10602300000000001,
            "ru_stime_sec": 0.034077999999999997,
            "ru_minflt": 13952,
            "ru_maxrss_kb": 123660,
            "ru_nvcsw": 32,
            "ru_nivcsw": 127
        },
        "cpu_cycles_end": 69421431196494,
        "ru_childs_end": {
            "ru_majflt": 0,
            "ru_utime_sec": 0.018921,
            "ru_stime_sec": 0.001526,
            "ru_minflt": 2714,
            "ru_maxrss_kb": 111920,
            "ru_nvcsw": 21,
            "ru_nivcsw": 29
        },
        "peak_mem_kb": 384876
    }
}