{
    "cycles_program_begin": 66353440256231,
    "cpu_cycles_pass2_start": 66353958159676,
    "perf": [
        {
            "sub": [
                {
                    "sub": [],
                    "stat": [
                        "doParsingAndDesignResolution",
                        "entry",
                        0.13901615142822266,
                        0.041189999999999997,
                        0.020594999999999999,
                        212908,
                        213708,
                        0.0,
                        0.0,
                        1741078864.7880981,
                        66353746132268
                    ]
                },
                {
                    "sub": [],
                    "stat": [
                        "doParsingAndDesignResolution",
                        "exit",
                        0.15181493759155273,
                        0.049324,
                        0.025000000000000001,
                        316792,
                        384792,
                        0.0,
                        0.0,
                        1741078864.8008969,
                        66353778079817
                    ]
                },
                {
                    "sub": [
                        {
                            "sub": [],
                            "stat": [
                                "doUptoVir2VcsNoSepCleanup",
                                "entry",
                                0.16749095916748047,
                                0.054801999999999997,
                                0.027400999999999998,
                                298388,
                                384792,
                                0.0,
                                0.0,
                                1741078864.8165729,
                                66353817198265
                            ]
                        },
                        {
                            "sub": [],
                            "stat": [
                                "doUptoVir2VcsNoSepCleanup",
                                "exit",
                                0.19632101058959961,
                                0.065990999999999994,
                                0.030794999999999999,
                                312260,
                                384792,
                                0.0,
                                0.0019009999999999999,
                                1741078864.845403,
                                66353889169505
                            ]
                        },
                        {
                            "sub": [],
                            "stat": [
                                "doRadify_vir2vcsAll",
                                "entry",
                                0.19637513160705566,
                                0.066028000000000003,
                                0.030813,
                                312260,
                                384792,
                                0.0,
                                0.0019009999999999999,
                                1741078864.8454571,
                                66353889241313
                            ]
                        },
                        {
                            "sub": [],
                            "stat": [
                                "doRadify_vir2vcsAll",
                                "exit",
                                0.19890594482421875,
                                0.068557999999999994,
                                0.030813,
                                312260,
                                384792,
                                0.0,
                                0.0019009999999999999,
                                1741078864.8479879,
                                66353895617332
                            ]
                        }
                    ],
                    "stat": [
                        "doPostDesignResolutionToVir2Vcs",
                        "entry",
                        0.16042113304138184,
                        0.052659999999999998,
                        0.026329999999999999,
                        298164,
                        384792,
                        0.0,
                        0.0,
                        1741078864.8095031,
                        66353799550611
                    ]
                },
                {
                    "sub": [],
                    "stat": [
                        "doPostDesignResolutionToVir2Vcs",
                        "exit",
                        0.198944091796875,
                        0.068597000000000005,
                        0.030813,
                        312260,
                        384792,
                        0.0,
                        0.0019009999999999999,
                        1741078864.848026,
                        66353895651349
                    ]
                },
                {
                    "sub": [
                        {
                            "sub": [],
                            "stat": [
                                "DoPass2",
                                "entry",
                                0.22396516799926758,
                                0.069599999999999995,
                                0.030813,
                                310704,
                                384792,
                                0.016029999999999999,
                                0.0036779999999999998,
                                1741078864.8730471,
                                66353958151354
                            ]
                        },
                        {
                            "sub": [],
                            "stat": [
                                "DoPass2",
                                "exit",
                                0.27606511116027832,
                                0.107154,
                                0.034289,
                                312652,
                                384792,
                                0.016029999999999999,
                                0.0036779999999999998,
                                1741078864.9251471,
                                66354088196702
                            ]
                        }
                    ],
                    "stat": [
                        "doGAToPass2",
                        "entry",
                        0.19895505905151367,
                        0.068609000000000003,
                        0.030813,
                        312260,
                        384792,
                        0.0,
                        0.0019009999999999999,
                        1741078864.848037,
                        66353895676614
                    ]
                },
                {
                    "sub": [],
                    "stat": [
                        "doGAToPass2",
                        "exit",
                        0.27906107902526855,
                        0.107154,
                        0.037276999999999998,
                        312652,
                        384792,
                        0.016029999999999999,
                        0.0036779999999999998,
                        1741078864.928143,
                        66354095678031
                    ]
                }
            ],
            "stat": [
                "main",
                "entry",
                0.016550064086914062,
                0.036609000000000003,
                0.014411999999999999,
                203220,
                204476,
                0.0,
                0.0,
                1741078864.665632,
                66353440459368
            ]
        },
        {
            "sub": [],