{
    "ObjArchives": [
        {
            "archive": "archive.0/_66516_archive_1.a",
            "size": 237318,
            "objects": [
                [
                    "reYIK_d.o",
                    43000
                ],
                [
                    "pSk0y_d.o",
                    28864
                ],
                [
                    "WatCj_d.o",
                    47690
                ],
                [
                    "amcQwB.o",
                    117764
                ]
            ]
        }
    ],
    "reusePaths": {},
    "Modules": {
        "...MASTER...": {
            "nQuads": 0,
            "start_perf": [
                0.24518084526062012,
                0.080022999999999997,
                0.031898999999999997,
                300740,
                385048,
                1740711038.2323599,
                11391211738277
            ],
            "nMops": 0,
            "child_modules": {
                "std": 1,
                "tb_adder64": 1
            },
            "end_perf": [
                0.24727392196655273,
                0.080022999999999997,
                0.033989999999999999,
                304680,
                385048,
                11391217012498,
                0,
                0
            ],
            "nRouts": 5
        },
        "std": {
            "start_perf": [
                0.24736285209655762,
                0.080022999999999997,
                0.034069000000000002,
                304680,
                385048,
                1740711038.2345419,
                11391217188624
            ],
            "nQuads": 218,
            "Compiled Times": 1,
            "nMops": 528,
            "child_modules": {},
            "Compiled": "Yes",
            "end_perf": [
                0.25563597679138184,
                0.085188,
                0.037038000000000001,
                307792,
                385048,
                11391237898106,
                8589934594,
                0
            ],
            "svclass": [
                "$vcs_nba_dyn_obj",
                576,
                35,
                2,
                2,
                0,
                "sigprop$$",
                576,
                35,
                2,
                2,
                0,
                "process",
                2380,
                200,
                8,
                8,
                0,
                "event",
                597,
                34,
                2,
                2,
                0,
                "mailbox",
                1769,
                140,
                9,
                9,
                0,
                "semaphore",
                1119,
                84,
                5,
                5,
                0
            ],
            "nRouts": 33
        },
        "RCA16": {
            "start_perf": [
                0.2556920051574707,
                0.085227999999999998,
                0.037054999999999998,
                307792,
                385048,
                1740711038.242871,
                11391237974428
            ],
            "nQuads": 743,
            "Compiled Times": 1,
            "nMops": 2259,
            "child_modules": {},
            "Compiled": "Yes",
            "end_perf": [
                0.26725292205810547,
                0.095596,
                0.038238000000000001,
                308176,
                385048,
                11391266884561,
                12884901889,
                0
            ],
            "significant_routs": [
                [
                    10,
                    "R_VCSgd_pSk0y_a",
                    3105743,
                    2692,
                    375
                ]
            ],
            "nRouts": 26
        },
        "tb_adder64": {
            "nQuads": 1143,
            "Compiled Times": 1,
            "start_perf": [
                0.26729393005371094,
                0.095626000000000003,
                0.038249999999999999,
                308176,
                385048,
                1740711038.254473,
                11391266932681
            ],
            "nMops": 2500,
            "child_modules": {
                "RCA16": 4
            },
            "Compiled": "Yes",
            "end_perf": [
                0.28657102584838867,
                0.114346,
                0.038249999999999999,
                308752,
                385048,
                11391315111384,
                21474836481,
                0
            ],
            "nRouts": 153
        }
    },
    "CompUnits": {
        "pSk0y_d": {
            "mod": "RCA16",
            "out": "pSk0y_d.o",
            "bytes": 28864,
            "text": 15696,
            "checksum": 0,
            "mode": 4,
            "archive": "archive.0/_66516_archive_1.a"
        },
        "amcQw_d": {
            "mod": "...MASTER...",
            "out": "objs/amcQw_d.o",
            "bytes": 7832,
            "text": 434,
            "checksum": 0,
            "mode": 4
        },
        "reYIK_d": {
            "mod": "std",
            "out": "reYIK_d.o",
            "bytes": 43000,
            "text": 7325,
            "cls": 7017,
            "checksum": 0,
            "mode": 4,
            "archive": "archive.0/_66516_archive_1.a"
        },
        "WatCj_d": {
            "mod": "tb_adder64",
            "out": "WatCj_d.o",
            "bytes": 47690,
            "text": 22793,
            "checksum": 0,
            "mode": 4,
            "archive": "archive.0/_66516_archive_1.a"
        }
    },
    "stat": {
        "ru_childs_end": {
            "ru_majflt": 0,
            "ru_minflt": 2713,
            "ru_utime_sec": 0.014433,
            "ru_stime_sec": 0.0078200000000000006,
            "ru_maxrss_kb": 111716,
            "ru_nvcsw": 20,
            "ru_nivcsw": 31
        },
        "ru_self_end": {
            "ru_majflt": 0,
            "ru_minflt": 13594,
            "ru_utime_sec": 0.11888899999999999,
            "ru_stime_sec": 0.038351000000000003,
            "ru_maxrss_kb": 122028,
            "ru_nvcsw": 16,
            "ru_nivcsw": 140
        },
        "cpu_cycles_end": 11391326905949,
        "peak_mem_kb": 385048
    }
}