{
    "Modules": {
        "std": {
            "start_perf": [
                0.2311549186706543,
                0.071184999999999998,
                0.028473999999999999,
                303364,
                384912,
                1741082330.2646229,
                75003444109842
            ],
            "child_modules": {},
            "Compiled Times": 1,
            "Compiled": "Yes",
            "nQuads": 218,
            "end_perf": [
                0.24011087417602539,
                0.078533000000000006,
                0.028556999999999999,
                305608,
                384912,
                75003466519770,
                8589934594,
                0
            ],
            "svclass": [
                "$vcs_nba_dyn_obj",
                576,
                35,
                2,
                2,
                0,
                "sigprop$$",
                576,
                35,
                2,
                2,
                0,
                "process",
                2380,
                200,
                8,
                8,
                0,
                "event",
                597,
                34,
                2,
                2,
                0,
                "mailbox",
                1769,
                140,
                9,
                9,
                0,
                "semaphore",
                1119,
                84,
                5,
                5,
                0
            ],
            "nMops": 528,
            "nRouts": 33
        },
        "...MASTER...": {
            "start_perf": [
                0.22873401641845703,
                0.070816000000000004,
                0.026516999999999999,
                298896,
                384912,
                1741082330.262202,
                75003438073930
            ],
            "child_modules": {
                "std": 1,
                "testbench": 1
            },
            "nQuads": 0,
            "end_perf": [
                0.23108696937561035,
                0.071136000000000005,
                0.028454,
                303364,
                384912,
                75003443988219,
                0,
                0
            ],
            "nMops": 0,
            "nRouts": 5
        },
        "testbench": {
            "start_perf": [
                0.24016690254211426,
                0.078575000000000006,
                0.028572,
                305608,
                384912,
                1741082330.2736349,
                75003466605097
            ],
            "child_modules": {},
            "Compiled Times": 1,
            "Compiled": "Yes",
            "nQuads": 1069,
            "end_perf": [
                0.2646489143371582,
                0.10222199999999999,
                0.029205999999999999,
                308944,
                384912,
                75003527764608,
                17179869185,
                0
            ],
            "nMops": 2543,
            "nRouts": 122
        }
    },
    "stat": {
        "ru_self_end": {
            "ru_utime_sec": 0.102787,
            "ru_majflt": 0,
            "ru_maxrss_kb": 123032,
            "ru_stime_sec": 0.033037999999999998,
            "ru_minflt": 13957,
            "ru_nvcsw": 19,
            "ru_nivcsw": 80
        },
        "ru_childs_end": {
            "ru_utime_sec": 0.015295,
            "ru_majflt": 0,
            "ru_maxrss_kb": 111560,
            "ru_stime_sec": 0.0055440000000000003,
            "ru_minflt": 2714,
            "ru_nvcsw": 21,
            "ru_nivcsw": 20
        },
        "cpu_cycles_end": 75003538740380,
        "peak_mem_kb": 384912
    },
    "ObjArchives": [
        {
            "archive": "archive.0/_197720_archive_1.a",
            "size": 209062,
            "objects": [
                [
                    "reYIK_d.o",
                    43000
                ],
                [
                    "iAVhC_d.o",
                    49090
                ],
                [
                    "amcQwB.o",
                    116972
                ]
            ]
        }
    ],
    "CompUnits": {
        "amcQw_d": {
            "mode": 4,
            "bytes": 7832,
            "out": "objs/amcQw_d.o",
            "mod": "...MASTER...",
            "text": 434,
            "checksum": 0
        },
        "reYIK_d": {
            "mode": 4,
            "bytes": 43000,
            "out": "reYIK_d.o",
            "mod": "std",
            "text": 7325,
            "checksum": 0,
            "cls": 7017,
            "archive": "archive.0/_197720_archive_1.a"
        },
        "iAVhC_d": {
            "mode": 4,
            "bytes": 49090,
            "out": "iAVhC_d.o",
            "mod": "testbench",
            "text": 25116,
            "checksum": 0,
            "archive": "archive.0/_197720_archive_1.a"
        }
    },
    "reusePaths": {}
}