{
    "cycles_program_begin": 7089298687498,
    "stat": {
        "ru_self_cgstart": {
            "ru_stime_sec": 0.047487000000000001,
            "ru_utime_sec": 0.04734,
            "ru_nivcsw": 66,
            "ru_majflt": 0,
            "ru_maxrss_kb": 111464,
            "ru_minflt": 11659,
            "ru_nvcsw": 8
        },
        "ru_childs_cgstart": {
            "ru_stime_sec": 0.0071939999999999999,
            "ru_utime_sec": 0.010623,
            "ru_nivcsw": 14,
            "ru_majflt": 0,
            "ru_maxrss_kb": 111464,
            "ru_minflt": 2466,
            "ru_nvcsw": 19
        },
        "cpu_cycles_cgstart": 7089829987188,
        "nMops": 3284,
        "nQuads": 1572,
        "quadSpeed": 58514.796203238446,
        "ru_childs_end": {
            "ru_stime_sec": 0.0071939999999999999,
            "ru_utime_sec": 0.010623,
            "ru_nivcsw": 14,
            "ru_majflt": 0,
            "ru_maxrss_kb": 111464,
            "ru_minflt": 2466,
            "ru_nvcsw": 19
        },
        "totalObjSize": 213384,
        "Frontend(%)": 68.330032536426671,
        "ru_self_end": {
            "ru_stime_sec": 0.051943000000000003,
            "ru_utime_sec": 0.074204999999999993,
            "ru_nivcsw": 76,
            "ru_majflt": 0,
            "ru_maxrss_kb": 121860,
            "ru_minflt": 13499,
            "ru_nvcsw": 8
        },
        "realTime": 0.26167988777160645,
        "cpu_cycles_end": 7089912380022,
        "cpu_cycles_total": 613692524,
        "mop/quad": 2.0890585241730282,
        "mopSpeed": 122240.8337986228,
        "outputSizePerQuad": 135.74045801526717,
        "CodeGen(%)": 31.669967463573339,
        "peak_mem_kb": 381696
    },
    "perf": [
        {
            "stat": [
                "main",
                "entry",
                0.015832901000976562,
                0.022828999999999999,
                0.026634000000000001,
                203220,
                204476,
                0.0,
                0.0,
                1751682682.341841,
                7089298891810
            ],
            "sub": [
                {
                    "stat": [
                        "doParsingAndDesignResolution",
                        "entry",
                        0.13890886306762695,
                        0.023570000000000001,
                        0.036783999999999997,
                        212908,
                        213708,
                        0.0,
                        0.0,
                        1751682682.4649169,
                        7089606070632
                    ],
                    "sub": []
                },
                {
                    "stat": [
                        "doParsingAndDesignResolution",
                        "exit",
                        0.1551518440246582,
                        0.031301000000000002,
                        0.038256999999999999,
                        250624,
                        253792,
                        0.0,
                        0.0,
                        1751682682.4811599,
                        7089646609173
                    ],
                    "sub": []
                },
                {
                    "stat": [
                        "doPostDesignResolutionToVir2Vcs",
                        "entry",
                        0.16657781600952148,
                        0.035243999999999998,
                        0.041133000000000003,
                        298156,
                        381696,
                        0.0,
                        0.0,
                        1751682682.4925859,
                        7089675124643
                    ],
                    "sub": [
                        {
                            "stat": [
                                "doUptoVir2VcsNoSepCleanup",
                                "entry",
                                0.16962599754333496,
                                0.036102000000000002,
                                0.043323,
                                298348,
                                381696,
                                0.0,
                                0.0,
                                1751682682.4956341,
                                7089682722989
                            ],
                            "sub": []
                        },
                        {
                            "stat": [
                                "doUptoVir2VcsNoSepCleanup",
                                "exit",
                                0.18149399757385254,
                                0.043808,
                                0.047459000000000001,
                                298476,
                                381696,
                                0.0,
                                0.0,
                                1751682682.5075021,
                                7089712355526
                            ],
                            "sub": []
                        },
                        {
                            "stat": [
                                "doRadify_vir2vcsAll",
                                "entry",
                                0.18154692649841309,
                                0.043833999999999998,
                                0.047487000000000001,
                                298476,
                                381696,
                                0.0,
                                0.0,
                                1751682682.507555,
                                7089712435193
                            ],
                            "sub": []
                        },
                        {
                            "stat": [
                                "doRadify_vir2vcsAll",
                                "exit",
                                0.18397188186645508,
                                0.046258000000000001,
                                0.047487000000000001,
                                300176,
                                381696,
                                0.0,
                                0.0,
                                1751682682.50998,
                                7089718535240
                            ],
                            "sub": []
                        }
                    ]
                },
                {
                    "stat": [
                        "doPostDesignResolutionToVir2Vcs",
                        "exit",
                        0.1840059757232666,
                        0.046293000000000001,
                        0.047487000000000001,
                        300176,
                        381696,
                        0.0,
                        0.0,
                        1751682682.5100141,
                        7089718567753
                    ],
                    "sub": []
                },
                {
                    "stat": [
                        "doGAToPass2",
                        "entry",
                        0.18401694297790527,
                        0.046303999999999998,
                        0.047487000000000001,
                        300176,
                        381696,
                        0.0,
                        0.0,
                        1751682682.510025,
                        7089718595944
                    ],