{
    "Modules": {
        "...MASTER...": {
            "nMops": 0,
            "start_perf": [
                0.2638859748840332,
                0.14946100000000001,
                0.027604,
                311376,
                385388,
                1755718459.973588,
                14408337237121
            ],
            "child_modules": {
                "std": 1,
                "tb_issue_golden": 1
            },
            "nRouts": 5,
            "end_perf": [
                0.26598501205444336,
                0.14946100000000001,
                0.029686000000000001,
                312356,
                385388,
                14408342513259,
                0,
                0
            ],
            "nQuads": 0
        },
        "std": {
            "start_perf": [
                0.2660529613494873,
                0.14946100000000001,
                0.029753999999999999,
                312356,
                385388,
                1755718459.975755,
                14408342637988
            ],
            "nMops": 528,
            "child_modules": {},
            "Compiled": "Yes",
            "nQuads": 218,
            "Compiled Times": 1,
            "end_perf": [
                0.27347397804260254,
                0.155529,
                0.031105000000000001,
                313324,
                385388,
                14408361208500,
                8589934594,
                0
            ],
            "svclass": [
                "$vcs_nba_dyn_obj",
                576,
                35,
                2,
                2,
                0,
                "sigprop$$",
                576,
                35,
                2,
                2,
                0,
                "process",
                2380,
                200,
                8,
                8,
                0,
                "event",
                597,
                34,
                2,
                2,
                0,
                "mailbox",
                1769,
                140,
                9,
                9,
                0,
                "semaphore",
                1119,
                84,
                5,
                5,
                0
            ],
            "nRouts": 33
        },
        "tb_issue_golden": {
            "start_perf": [
                0.27352690696716309,
                0.15557499999999999,
                0.031115,
                313324,
                385388,
                1755718459.9832289,
                14408361288913
            ],
            "nMops": 29604,
            "child_modules": {
                "issue_golden": 1
            },
            "Compiled": "Yes",
            "nQuads": 9197,
            "Compiled Times": 1,
            "significant_routs": [
                [
                    1,
                    "R_VCSgd_e0ZCs_1",
                    11892118,
                    12023,
                    1439
                ],
                [
                    151,
                    "R_VCSgd_e0ZCs_97",
                    7852453,
                    7286,
                    487
                ],
                [
                    153,
                    "R_VCSgd_e0ZCs_99",
                    4329051,
                    3863,
                    459
                ],
                [
                    155,
                    "R_VCSgd_e0ZCs_9b",
                    12733591,
                    13702,
                    1327
                ],
                [
                    156,
                    "R_VCSgd_e0ZCs_9c",
                    3245192,
                    3339,
                    316
                ],
                [
                    677,
                    "R_VCSgd_e0ZCs_2a5",
                    4807227,
                    4301,
                    955
                ],
                [
                    678,
                    "R_VCSgd_e0ZCs_2a6",
                    5018689,
                    4301,
                    955
                ],
                [
                    715,
                    "R_VCSgd_e0ZCs_2cb",
                    4277776,
                    4689,
                    531
                ],
                [
                    753,
                    "R_VCSgd_e0ZCs_2f1",
                    4692216,
                    4689,
                    531
                ]
            ],
            "end_perf": [
                0.4018089771270752,
                0.27929500000000002,
                0.035402999999999997,
                313324,
                385388,
                14408681558408,
                17179869185,
                0
            ],
            "nRouts": 828
        },
        "issue_golden": {
            "start_perf": [
                0.4018709659576416,
                0.27935100000000002,
                0.035409999999999997,
                313324,
                385388,
                1755718460.111573,
                14408681675956
            ],
            "nMops": 10736,
            "child_modules": {},
            "Compiled": "Yes",
            "nQuads": 3014,
            "Compiled Times": 1,
            "significant_routs": [
                [
                    84,
                    "R_VCSgd_xbyYJ_54",
                    11655499,
                    11846,
                    1233
                ],
                [
                    262,
                    "R_VCSgd_xbyYJ_106",
                    4377185,
                    4920,
                    629
                ]
            ],
            "end_perf": [
                0.44568705558776855,
                0.32302399999999998,
                0.035452999999999998,
                313324,
                385388,
                14408791044898,
                21474836481,
                0
            ],
            "nRouts": 268
        }
    },
    "CompUnits": {
        "xbyYJ_d": {
            "mode": 4,
            "text": 78736,
            "mod": "issue_golden",
            "checksum": 0,
            "out": "xbyYJ_d.o",
            "bytes": 111780,
            "archive": "archive.0/_374043_archive_1.a"
        },
        "amcQw_d": {
            "mode": 4,
            "text": 434,
            "mod": "...MASTER...",
            "checksum": 0,
            "out": "objs/amcQw_d.o",
            "bytes": 7832
        },
        "reYIK_d": {
            "mode": 4,
            "text": 7325,
            "mod": "std",
            "checksum": 0,
            "cls": 7017,
            "out": "reYIK_d.o",
            "bytes": 43000,
            "archive": "archive.0/_374043_archive_1.a"
        },
        "e0ZCs_d": {
            "mode": 4,
            "text": 230733,
            "mod": "tb_issue_golden",
            "checksum": 0,
            "out": "e0ZCs_d.o",
            "bytes": 343878,
            "archive": "archive.0/_374043_archive_1.a"
        }
    },
    "reusePaths": {},
    "ObjArchives": [
        {
            "archive": "archive.0/_374043_archive_1.a",
            "objects": [
                [
                    "reYIK_d.o",
                    43000
                ],
                [
                    "e0ZCs_d.o",
                    343878
                ],
                [
                    "xbyYJ_d.o",
                    111780
                ],
                [
                    "amcQwB.o",
                    121064
                ]
            ],
            "size": 619722
        }
    ],
    "stat": {
        "ru_self_end": {
            "ru_minflt": 16040,
            "ru_utime_sec": 0.32777699999999999,
            "ru_majflt": 1,
            "ru_stime_sec": 0.035597999999999998,
            "ru_maxrss_kb": 130412,
            "ru_nvcsw": 57,
            "ru_nivcsw": 106
        },
        "cpu_cycles_end": 14408803216432,
        "ru_childs_end": {
            "ru_minflt": 10458,