{
    "ObjArchives": [
        {
            "archive": "archive.0/_63832_archive_1.a",
            "objects": [
                [
                    "reYIK_d.o",
                    43000
                ],
                [
                    "iAVhC_d.o",
                    121796
                ],
                [
                    "amcQwB.o",
                    117134
                ]
            ],
            "size": 281930
        }
    ],
    "Modules": {
        "...MASTER...": {
            "start_perf": [
                0.21385908126831055,
                0.086803000000000005,
                0.023673,
                310232,
                385396,
                1735810813.812716,
                19197036290626
            ],
            "child_modules": {
                "std": 1,
                "testbench": 1
            },
            "nRouts": 5,
            "nQuads": 0,
            "end_perf": [
                0.21621513366699219,
                0.086803000000000005,
                0.026027999999999999,
                311212,
                385396,
                19197042212191,
                0,
                0
            ],
            "nMops": 0
        },
        "std": {
            "svclass": [
                "$vcs_nba_dyn_obj",
                576,
                35,
                2,
                2,
                0,
                "sigprop$$",
                576,
                35,
                2,
                2,
                0,
                "process",
                2380,
                200,
                8,
                8,
                0,
                "event",
                597,
                34,
                2,
                2,
                0,
                "mailbox",
                1769,
                140,
                9,
                9,
                0,
                "semaphore",
                1119,
                84,
                5,
                5,
                0
            ],
            "start_perf": [
                0.21627712249755859,
                0.086803000000000005,
                0.026091,
                311212,
                385396,
                1735810813.815134,
                19197042326311
            ],
            "Compiled": "Yes",
            "child_modules": {},
            "Compiled Times": 1,
            "significant_routs": [
                [
                    24,
                    "F_VCSgd_reYIK_24_0",
                    3694210,
                    984,
                    90
                ]
            ],
            "nQuads": 218,
            "nRouts": 33,
            "end_perf": [
                0.22669196128845215,
                0.092794000000000001,
                0.028240999999999999,
                312180,
                385396,
                19197068371809,
                8589934594,
                0
            ],
            "nMops": 528
        },
        "testbench": {
            "start_perf": [
                0.22674298286437988,
                0.092832999999999999,
                0.028253,
                312180,
                385396,
                1735810813.8255999,
                19197068447591
            ],
            "Compiled": "Yes",
            "child_modules": {},
            "Compiled Times": 1,
            "significant_routs": [
                [
                    37,
                    "R_VCSgd_iAVhC_25",
                    3744071,
                    2558,
                    353
                ],
                [
                    180,
                    "R_VCSgd_iAVhC_b4",
                    3242042,
                    2584,
                    272
                ]
            ],
            "nQuads": 2893,
            "nRouts": 318,
            "end_perf": [
                0.28764796257019043,
                0.14940400000000001,
                0.028253,
                312180,
                385396,
                19197220518936,
                17179869185,
                0
            ],
            "nMops": 7303
        }
    },
    "CompUnits": {
        "iAVhC_d": {
            "mod": "testbench",
            "checksum": 0,
            "out": "iAVhC_d.o",
            "text": 71522,
            "bytes": 121796,
            "mode": 4,
            "archive": "archive.0/_63832_archive_1.a"
        },
        "amcQw_d": {
            "mod": "...MASTER...",
            "checksum": 0,
            "out": "objs/amcQw_d.o",
            "text": 434,
            "bytes": 7832,
            "mode": 4
        },
        "reYIK_d": {
            "mod": "std",
            "checksum": 0,
            "out": "reYIK_d.o",
            "text": 7325,
            "bytes": 43000,
            "archive": "archive.0/_63832_archive_1.a",
            "cls": 7017,
            "mode": 4
        }
    },
    "reusePaths": {},
    "stat": {
        "peak_mem_kb": 385396,
        "ru_self_end": {
            "ru_stime_sec": 0.028253,
            "ru_utime_sec": 0.15428600000000001,
            "ru_maxrss_kb": 126036,
            "ru_minflt": 14365,
            "ru_majflt": 0,
            "ru_nivcsw": 99,
            "ru_nvcsw": 31
        },
        "ru_childs_end": {
            "ru_stime_sec": 0.0026020000000000001,
            "ru_utime_sec": 0.018228000000000001,
            "ru_maxrss_kb": 112784,
            "ru_minflt": 2715,
            "ru_majflt": 0,
            "ru_nivcsw": 57,
            "ru_nvcsw": 18
        },
        "cpu_cycles_end": 19197232633419
    }
}