{
    "CompUnits": {
        "amcQw_d": {
            "mod": "...MASTER...",
            "mode": 4,
            "bytes": 7832,
            "out": "objs/amcQw_d.o",
            "text": 434,
            "checksum": 0
        },
        "reYIK_d": {
            "mod": "std",
            "mode": 4,
            "cls": 7017,
            "bytes": 43000,
            "out": "reYIK_d.o",
            "text": 7325,
            "checksum": 0,
            "archive": "archive.0/_89441_archive_1.a"
        },
        "iAVhC_d": {
            "mod": "testbench",
            "mode": 4,
            "bytes": 58812,
            "out": "iAVhC_d.o",
            "text": 30582,
            "checksum": 0,
            "archive": "archive.0/_89441_archive_1.a"
        }
    },
    "Modules": {
        "...MASTER...": {
            "start_perf": [
                0.22184920310974121,
                0.067214999999999997,
                0.035583999999999998,
                298912,
                381976,
                1772526008.6432011,
                4765196303153
            ],
            "child_modules": {
                "testbench": 1,
                "std": 1
            },
            "end_perf": [
                0.2246241569519043,
                0.067214999999999997,
                0.037978999999999999,
                303376,
                381976,
                4765203268532,
                0,
                0
            ],
            "nQuads": 0,
            "nMops": 0,
            "nRouts": 5
        },
        "testbench": {
            "start_perf": [
                0.23323416709899902,
                0.074076000000000003,
                0.038987000000000001,
                305608,
                381976,
                1772526008.6545861,
                4765224707612
            ],
            "child_modules": {},
            "nMops": 2906,
            "Compiled": "Yes",
            "Compiled Times": 1,
            "end_perf": [
                0.26436305046081543,
                0.100545,
                0.042537999999999999,
                309064,
                381976,
                4765302461088,
                17179869185,
                0
            ],
            "nQuads": 1295,
            "nRouts": 153
        },
        "std": {
            "start_perf": [
                0.22469711303710938,
                0.067214999999999997,
                0.038052999999999997,
                303376,
                381976,
                1772526008.646049,
                4765203403724
            ],
            "child_modules": {},
            "Compiled": "Yes",
            "nMops": 528,
            "Compiled Times": 1,
            "end_perf": [
                0.2331850528717041,
                0.074042999999999998,
                0.038969999999999998,
                305608,
                381976,
                4765224626610,
                8589934594,
                0
            ],
            "nQuads": 218,
            "svclass": [
                "$vcs_nba_dyn_obj",
                576,
                35,
                2,
                2,
                0,
                "sigprop$$",
                576,
                35,
                2,
                2,
                0,
                "process",
                2380,
                200,
                8,
                8,
                0,
                "event",
                597,
                34,
                2,
                2,
                0,
                "mailbox",
                1769,
                140,
                9,
                9,
                0,
                "semaphore",
                1119,
                84,
                5,
                5,
                0
            ],
            "nRouts": 33
        }
    },
    "reusePaths": {},
    "ObjArchives": [
        {
            "archive": "archive.0/_89441_archive_1.a",
            "size": 218908,
            "objects": [
                [
                    "reYIK_d.o",
                    43000
                ],
                [
                    "iAVhC_d.o",
                    58812
                ],
                [
                    "amcQwB.o",
                    117096
                ]
            ]
        }
    ],
    "stat": {
        "cpu_cycles_end": 4765314138478,
        "ru_self_end": {
            "ru_stime_sec": 0.042914000000000001,
            "ru_utime_sec": 0.104514,
            "ru_maxrss_kb": 123972,
            "ru_minflt": 14020,
            "ru_majflt": 0,
            "ru_nvcsw": 12,
            "ru_nivcsw": 87
        },
        "ru_childs_end": {
            "ru_stime_sec": 0.0044050000000000001,
            "ru_utime_sec": 0.029044,
            "ru_maxrss_kb": 111992,
            "ru_minflt": 4109,
            "ru_majflt": 0,
            "ru_nvcsw": 18,
            "ru_nivcsw": 35
        },
        "peak_mem_kb": 381976
    }
}