{
    "SIMBData": {
        "bytes": 118828,
        "out": "amcQwB.o",
        "text": 0,
        "archive": "archive.1/_142122_archive_1.a"
    },
    "rlimit": {
        "data": -1,
        "stack": -1
    },
    "cycles_program_begin": 36572104897628,
    "PEModules": [],
    "perf": [
        {
            "stat": [
                "main",
                "entry",
                0.016832113265991211,
                0.031613000000000002,
                0.015806000000000001,
                203220,
                204476,
                0.0,
                0.0,
                1751868460.795192,
                36572105115285
            ],
            "sub": [
                {
                    "stat": [
                        "doParsingAndDesignResolution",
                        "entry",
                        0.13098907470703125,
                        0.037643000000000003,
                        0.020913000000000001,
                        212908,
                        213708,
                        0.0,
                        0.0,
                        1751868460.909349,
                        36572390010147
                    ],
                    "sub": []
                },
                {
                    "stat": [
                        "doParsingAndDesignResolution",
                        "exit",
                        0.14558219909667969,
                        0.048381,
                        0.022898999999999999,
                        316464,
                        381072,
                        0.0,
                        0.0,
                        1751868460.9239421,
                        36572426451475
                    ],
                    "sub": []
                },
                {
                    "stat": [
                        "doPostDesignResolutionToVir2Vcs",
                        "entry",
                        0.15151000022888184,
                        0.052101000000000001,
                        0.02605,
                        298100,
                        381072,
                        0.0,
                        0.0,
                        1751868460.9298699,
                        36572441250608
                    ],
                    "sub": [
                        {
                            "stat": [
                                "doUptoVir2VcsNoSepCleanup",
                                "entry",
                                0.15594220161437988,
                                0.056146000000000001,
                                0.02605,
                                298612,
                                381072,
                                0.0,
                                0.0,
                                1751868460.9343021,
                                36572452293799
                            ],
                            "sub": []
                        },
                        {
                            "stat": [
                                "doUptoVir2VcsNoSepCleanup",
                                "exit",
                                0.17630219459533691,
                                0.072491,
                                0.02605,
                                298740,
                                381072,
                                0.0,
                                0.0,
                                1751868460.9546621,
                                36572503135166
                            ],
                            "sub": []
                        },
                        {
                            "stat": [
                                "doRadify_vir2vcsAll",
                                "entry",
                                0.17636609077453613,
                                0.072555999999999995,
                                0.02605,
                                298740,
                                381072,
                                0.0,
                                0.0,
                                1751868460.954726,
                                36572503223021
                            ],
                            "sub": []
                        },
                        {
                            "stat": [
                                "doRadify_vir2vcsAll",
                                "exit",
                                0.18042612075805664,
                                0.076218999999999995,
                                0.02605,
                                300604,
                                381072,
                                0.0,
                                0.0,
                                1751868460.958786,
                                36572513404715
                            ],
                            "sub": []
                        }
                    ]
                },
                {
                    "stat": [
                        "doPostDesignResolutionToVir2Vcs",
                        "exit",
                        0.18046021461486816,
                        0.076255000000000003,
                        0.02605,
                        300604,
                        381072,
                        0.0,
                        0.0,
                        1751868460.9588201,
                        36572513429996
                    ],
                    "sub": []
                },
                {
                    "stat": [
                        "doGAToPass2",
                        "entry",
                        0.18046808242797852,
                        0.076262999999999997,
                        0.02605,
                        300604,
                        381072,
                        0.0,
                        0.0,
                        1751868460.958828,
                        36572513447233
                    ],
                    "sub": [
                        {
                            "stat": [
                                "DoPass2",
                                "entry",
                                0.21712017059326172,
                                0.077437000000000006,
                                0.02605,
                                299048,
                                381072,
                                0.010521000000000001,
                                0.0083610000000000004,
                                1751868460.9954801,
                                36572604982695
                            ],
                            "sub": []
                        },
                        {
                            "stat": [
                                "DoPass2",
                                "exit",
                                0.24001312255859375,
                                0.086913000000000004,
                                0.037248000000000003,
                                307948,
                                381072,
                                0.012465,
                                0.0083610000000000004,
                                1751868461.018373,
                                36572662115257
                            ],
                            "sub": []
                        }
                    ]
                },
                {
                    "stat": [
                        "doGAToPass2",
                        "exit",
                        0.24440121650695801,
                        0.090330999999999995,
                        0.037248000000000003,
                        309880,
                        381072,
                        0.012465,
                        0.0083610000000000004,
                        1751868461.0227611,
                        36572673092628
                    ],