{
    "Modules": {
        "std": {
            "start_perf": [
                0.20750093460083008,
                0.086851999999999999,
                0.027633999999999999,
                310792,
                384084,
                1740973075.557307,
                14099049751809
            ],
            "end_perf": [
                0.20993590354919434,
                0.089286000000000004,
                0.027633999999999999,
                310792,
                384084,
                14099055878954,
                8589934594,
                0
            ],
            "child_modules": {},
            "nMops": 528,
            "Compiled": "Yes",
            "Compiled Times": 2,
            "nQuads": 218,
            "svclass": [
                "$vcs_nba_dyn_obj",
                0,
                35,
                2,
                2,
                0,
                "sigprop$$",
                0,
                35,
                2,
                2,
                0,
                "process",
                0,
                200,
                8,
                8,
                0,
                "event",
                0,
                34,
                2,
                2,
                0,
                "mailbox",
                0,
                140,
                9,
                9,
                0,
                "semaphore",
                0,
                84,
                5,
                5,
                0
            ],
            "nRouts": 33
        },
        "...MASTER...": {
            "end_perf": [
                0.20744204521179199,
                0.086806999999999995,
                0.027619999999999999,
                310792,
                384084,
                14099049652732,
                0,
                0
            ],
            "start_perf": [
                0.20400595664978027,
                0.085677000000000003,
                0.02726,
                310792,
                384084,
                1740973075.553812,
                14099041031823
            ],
            "nMops": 0,
            "child_modules": {
                "std": 1,
                "tb": 1
            },
            "nQuads": 0,
            "nRouts": 5
        },
        "tb": {
            "end_perf": [
                0.22362995147705078,
                0.10284,
                0.027687,
                310792,
                384084,
                14099090053147,
                21474836481,
                0
            ],
            "start_perf": [
                0.20997881889343262,
                0.089330999999999994,
                0.027633999999999999,
                310792,
                384084,
                1740973075.5597849,
                14099055937958
            ],
            "nMops": 3897,
            "child_modules": {},
            "nQuads": 1404,
            "Compiled Times": 2,
            "Compiled": "Yes",
            "nRouts": 146
        }
    },
    "CompUnits": {},
    "reusePaths": {
        "amcQw_d": {
            "icPath": "csrc"
        },
        "g7hgQ_d": {
            "icPath": "csrc"
        },
        "reYIK_d": {
            "icPath": "csrc"
        }
    },
    "ObjArchives": [
        {
            "objects": [
                [
                    "amcQwB.o",
                    118790
                ]
            ],
            "archive": "archive.1/_35884_archive_1.a",
            "size": 118790
        }
    ],
    "stat": {
        "ru_self_end": {
            "ru_nivcsw": 175,
            "ru_utime_sec": 0.10284,
            "ru_stime_sec": 0.033189000000000003,
            "ru_maxrss_kb": 127000,
            "ru_nvcsw": 22,
            "ru_minflt": 14021,
            "ru_majflt": 0
        },
        "peak_mem_kb": 384084,
        "ru_childs_end": {
            "ru_nivcsw": 13,
            "ru_utime_sec": 0.013977,
            "ru_stime_sec": 0.006633,
            "ru_maxrss_kb": 115864,
            "ru_nvcsw": 19,
            "ru_minflt": 2728,
            "ru_majflt": 0
        },
        "cpu_cycles_end": 14099114646633
    }
}