{
    "Modules": {
        "...MASTER...": {
            "start_perf": [
                0.19705891609191895,
                0.066477999999999995,
                0.031282999999999998,
                298904,
                384112,
                1755716106.145577,
                8533161102920
            ],
            "child_modules": {
                "std": 1,
                "testbench": 1
            },
            "nMops": 0,
            "end_perf": [
                0.19925785064697266,
                0.066477999999999995,
                0.033463,
                303372,
                384112,
                8533166622169,
                0,
                0
            ],
            "nQuads": 0,
            "nRouts": 5
        },
        "std": {
            "svclass": [
                "$vcs_nba_dyn_obj",
                576,
                35,
                2,
                2,
                0,
                "sigprop$$",
                576,
                35,
                2,
                2,
                0,
                "process",
                2380,
                200,
                8,
                8,
                0,
                "event",
                597,
                34,
                2,
                2,
                0,
                "mailbox",
                1769,
                140,
                9,
                9,
                0,
                "semaphore",
                1119,
                84,
                5,
                5,
                0
            ],
            "start_perf": [
                0.19931292533874512,
                0.066477999999999995,
                0.033520000000000001,
                303372,
                384112,
                1755716106.147831,
                8533166726336
            ],
            "Compiled": "Yes",
            "child_modules": {},
            "Compiled Times": 1,
            "end_perf": [
                0.20737290382385254,
                0.072878999999999999,
                0.034521999999999997,
                305524,
                384112,
                8533186886072,
                8589934594,
                0
            ],
            "nMops": 528,
            "nQuads": 218,
            "nRouts": 33
        },
        "testbench": {
            "start_perf": [
                0.20742392539978027,
                0.072914000000000007,
                0.034537999999999999,
                305524,
                384112,
                1755716106.155942,
                8533186967726
            ],
            "Compiled": "Yes",
            "child_modules": {},
            "significant_routs": [
                [
                    77,
                    "R_VCSgd_iAVhC_4d",
                    9049804,
                    241,
                    15
                ]
            ],
            "Compiled Times": 1,
            "end_perf": [
                0.23989486694335938,
                0.100172,
                0.034537999999999999,
                309052,
                384112,
                8533268074409,
                17179869185,
                0
            ],
            "nMops": 2845,
            "nQuads": 1262,
            "nRouts": 149
        }
    },
    "stat": {
        "ru_self_end": {
            "ru_utime_sec": 0.104715,
            "ru_minflt": 14003,
            "ru_stime_sec": 0.034537999999999999,
            "ru_maxrss_kb": 123500,
            "ru_majflt": 0,
            "ru_nvcsw": 34,
            "ru_nivcsw": 80
        },
        "ru_childs_end": {
            "ru_utime_sec": 0.0095530000000000007,
            "ru_minflt": 2709,
            "ru_stime_sec": 0.010123,
            "ru_maxrss_kb": 111772,
            "ru_majflt": 0,
            "ru_nvcsw": 20,
            "ru_nivcsw": 22
        },
        "cpu_cycles_end": 8533291621518,
        "peak_mem_kb": 384112
    },
    "reusePaths": {},
    "CompUnits": {
        "amcQw_d": {
            "mod": "...MASTER...",
            "out": "objs/amcQw_d.o",
            "bytes": 7832,
            "text": 434,
            "mode": 4,
            "checksum": 0
        },
        "reYIK_d": {
            "mod": "std",
            "archive": "archive.0/_149899_archive_1.a",
            "out": "reYIK_d.o",
            "bytes": 43000,
            "text": 7325,
            "cls": 7017,
            "mode": 4,
            "checksum": 0
        },
        "iAVhC_d": {
            "mod": "testbench",
            "archive": "archive.0/_149899_archive_1.a",
            "out": "iAVhC_d.o",
            "bytes": 57786,
            "text": 29938,
            "mode": 4,
            "checksum": 0
        }
    },
    "ObjArchives": [
        {
            "archive": "archive.0/_149899_archive_1.a",
            "size": 217882,
            "objects": [
                [
                    "reYIK_d.o",
                    43000
                ],
                [
                    "iAVhC_d.o",
                    57786
                ],
                [
                    "amcQwB.o",
                    117096
                ]
            ]
        }
    ]
}