{
    "stat": {
        "cpu_cycles_end": 41361470992803,
        "ru_childs_end": {
            "ru_nivcsw": 33,
            "ru_maxrss_kb": 115980,
            "ru_utime_sec": 0.011769,
            "ru_nvcsw": 22,
            "ru_stime_sec": 0.0084030000000000007,
            "ru_minflt": 2710,
            "ru_majflt": 1
        },
        "ru_self_end": {
            "ru_nivcsw": 80,
            "ru_maxrss_kb": 127944,
            "ru_utime_sec": 0.105947,
            "ru_nvcsw": 24,
            "ru_stime_sec": 0.045830000000000003,
            "ru_minflt": 14301,
            "ru_majflt": 0
        },
        "peak_mem_kb": 382012
    },
    "ObjArchives": [
        {
            "archive": "archive.0/_171964_archive_1.a",
            "objects": [
                [
                    "reYIK_d.o",
                    43000
                ],
                [
                    "g7hgQ_d.o",
                    74104
                ],
                [
                    "amcQwB.o",
                    119704
                ]
            ],
            "size": 236808
        }
    ],
    "Modules": {
        "...MASTER...": {
            "nMops": 0,
            "start_perf": [
                0.20171999931335449,
                0.062082999999999999,
                0.040170999999999998,
                310756,
                382012,
                1751870379.5783811,
                41361308589970
            ],
            "child_modules": {
                "tb": 1,
                "std": 1
            },
            "end_perf": [
                0.20394682884216309,
                0.062082999999999999,
                0.042396999999999997,
                311736,
                382012,
                41361314180161,
                0,
                0
            ],
            "nQuads": 0,
            "nRouts": 5
        },
        "tb": {
            "nMops": 3727,
            "start_perf": [
                0.21172785758972168,
                0.068750000000000006,
                0.043421000000000001,
                312704,
                382012,
                1751870379.5883889,
                41361333566350
            ],
            "child_modules": {},
            "Compiled": "Yes",
            "Compiled Times": 1,
            "significant_routs": [
                [
                    2,
                    "R_VCSgd_g7hgQ_2",
                    4080062,
                    3505,
                    443
                ],
                [
                    63,
                    "R_VCSgd_g7hgQ_3f",
                    2341239,
                    1642,
                    209
                ]
            ],
            "end_perf": [
                0.2621610164642334,
                0.101882,
                0.045280000000000001,
                312704,
                382012,
                41361459533459,
                21474836481,
                0
            ],
            "nQuads": 1672,
            "nRouts": 152
        },
        "std": {
            "nMops": 528,
            "start_perf": [
                0.20410299301147461,
                0.062082999999999999,
                0.042464000000000002,
                311736,
                382012,
                1751870379.5807641,
                41361314541489
            ],
            "svclass": [
                "$vcs_nba_dyn_obj",
                576,
                35,
                2,
                2,
                0,
                "sigprop$$",
                576,
                35,
                2,
                2,
                0,
                "process",
                2380,
                200,
                8,
                8,
                0,
                "event",
                597,
                34,
                2,
                2,
                0,
                "mailbox",
                1769,
                140,
                9,
                9,
                0,
                "semaphore",
                1119,
                84,
                5,
                5,
                0
            ],
            "child_modules": {},
            "Compiled": "Yes",
            "Compiled Times": 1,
            "end_perf": [
                0.21167588233947754,
                0.068719000000000002,
                0.043401000000000002,
                312704,
                382012,
                41361333486619,
                8589934594,
                0
            ],
            "nQuads": 218,
            "nRouts": 33
        }
    },
    "CompUnits": {
        "amcQw_d": {
            "mod": "...MASTER...",
            "checksum": 0,
            "out": "objs/amcQw_d.o",
            "text": 434,
            "bytes": 7824,
            "mode": 4
        },
        "reYIK_d": {
            "mod": "std",
            "checksum": 0,
            "out": "reYIK_d.o",
            "cls": 7017,
            "text": 7325,
            "bytes": 43000,
            "mode": 4,
            "archive": "archive.0/_171964_archive_1.a"
        },
        "g7hgQ_d": {
            "mod": "tb",
            "checksum": 0,
            "out": "g7hgQ_d.o",
            "text": 35210,
            "bytes": 74104,
            "mode": 4,
            "archive": "archive.0/_171964_archive_1.a"
        }
    },
    "reusePaths": {}
}