{
    "Modules": {
        "...MASTER...": {
            "start_perf": [
                0.22789192199707031,
                0.075244000000000005,
                0.023761000000000001,
                298796,
                381284,
                1741080095.326174,
                69425197371246
            ],
            "nRouts": 5,
            "child_modules": {
                "std": 1,
                "testbench": 1
            },
            "end_perf": [
                0.23025298118591309,
                0.075244000000000005,
                0.025916999999999999,
                303344,
                381284,
                69425203298541,
                0,
                0
            ],
            "nQuads": 0,
            "nMops": 0
        },
        "std": {
            "svclass": [
                "$vcs_nba_dyn_obj",
                576,
                35,
                2,
                2,
                0,
                "sigprop$$",
                576,
                35,
                2,
                2,
                0,
                "process",
                2380,
                200,
                8,
                8,
                0,
                "event",
                597,
                34,
                2,
                2,
                0,
                "mailbox",
                1769,
                140,
                9,
                9,
                0,
                "semaphore",
                1119,
                84,
                5,
                5,
                0
            ],
            "start_perf": [
                0.23154783248901367,
                0.075244000000000005,
                0.025995999999999998,
                303344,
                381284,
                1741080095.3298299,
                69425206535816
            ],
            "nRouts": 33,
            "child_modules": {},
            "Compiled Times": 1,
            "nQuads": 218,
            "Compiled": "Yes",
            "significant_routs": [
                [
                    11,
                    "F_VCSgd_reYIK_11_0",
                    2922356,
                    462,
                    25
                ]
            ],
            "end_perf": [
                0.24059391021728516,
                0.076484999999999997,
                0.032204000000000003,
                305596,
                381284,
                69425229128298,
                8589934594,
                0
            ],
            "nMops": 528
        },
        "testbench": {
            "start_perf": [
                0.2406458854675293,
                0.076522999999999994,
                0.032219999999999999,
                305596,
                381284,
                1741080095.338928,
                69425229202055
            ],
            "nRouts": 150,
            "child_modules": {},
            "nQuads": 1311,
            "Compiled Times": 1,
            "Compiled": "Yes",
            "end_perf": [
                0.26706981658935547,
                0.10219200000000001,
                0.032219999999999999,
                309036,
                381284,
                69425295209630,
                17179869185,
                0
            ],
            "nMops": 2760
        }
    },
    "CompUnits": {
        "amcQw_d": {
            "bytes": 7832,
            "mod": "...MASTER...",
            "text": 434,
            "out": "objs/amcQw_d.o",
            "mode": 4,
            "checksum": 0
        },
        "reYIK_d": {
            "bytes": 43000,
            "mod": "std",
            "archive": "archive.0/_149092_archive_1.a",
            "text": 7325,
            "out": "reYIK_d.o",
            "cls": 7017,
            "mode": 4,
            "checksum": 0
        },
        "iAVhC_d": {
            "bytes": 55428,
            "mod": "testbench",
            "archive": "archive.0/_149092_archive_1.a",
            "text": 29774,
            "out": "iAVhC_d.o",
            "mode": 4,
            "checksum": 0
        }
    },
    "reusePaths": {},
    "stat": {
        "ru_self_end": {
            "ru_utime_sec": 0.107059,
            "ru_minflt": 13949,
            "ru_stime_sec": 0.032219999999999999,
            "ru_maxrss_kb": 123608,
            "ru_nvcsw": 8,
            "ru_majflt": 0,
            "ru_nivcsw": 206
        },
        "peak_mem_kb": 381284,
        "ru_childs_end": {
            "ru_utime_sec": 0.020638,
            "ru_minflt": 2714,
            "ru_stime_sec": 0.0,
            "ru_maxrss_kb": 112120,
            "ru_nvcsw": 19,
            "ru_majflt": 0,
            "ru_nivcsw": 30
        },
        "cpu_cycles_end": 69425318849561
    },
    "ObjArchives": [
        {
            "archive": "archive.0/_149092_archive_1.a",
            "objects": [
                [
                    "reYIK_d.o",
                    43000
                ],
                [
                    "iAVhC_d.o",
                    55428
                ],
                [
                    "amcQwB.o",
                    116846
                ]
            ],
            "size": 215274
        }
    ]
}