{
    "CompileProcesses": [
        "cgproc.56405.json"
    ],
    "cycles_program_begin": 11793913588928,
    "cpu_cycles_pass2_start": 11794804098913,
    "PEModules": [],
    "perf": [
        {
            "stat": [
                "main",
                "entry",
                0.047929048538208008,
                0.039939000000000002,
                0.010892000000000001,
                203220,
                204476,
                0.0,
                0.0,
                1740823381.65817,
                11793915146023
            ],
            "sub": [
                {
                    "stat": [
                        "doParsingAndDesignResolution",
                        "entry",
                        0.17949604988098145,
                        0.048341000000000002,
                        0.014874,
                        212908,
                        213708,
                        0.0,
                        0.0,
                        1740823381.789737,
                        11794243513846
                    ],
                    "sub": []
                },
                {
                    "stat": [
                        "doParsingAndDesignResolution",
                        "exit",
                        0.2484581470489502,
                        0.064523999999999998,
                        0.018977000000000001,
                        312148,
                        383852,
                        0.0,
                        0.0,
                        1740823381.8586991,
                        11794415655586
                    ],
                    "sub": []
                },
                {
                    "stat": [
                        "doPostDesignResolutionToVir2Vcs",
                        "entry",
                        0.25154399871826172,
                        0.066331000000000001,
                        0.019508999999999999,
                        298132,
                        383852,
                        0.0,
                        0.0,
                        1740823381.8617849,
                        11794423355417
                    ],
                    "sub": [
                        {
                            "stat": [
                                "doUptoVir2VcsNoSepCleanup",
                                "entry",
                                0.26312613487243652,
                                0.069144999999999998,
                                0.020336,
                                298324,
                                383852,
                                0.0,
                                0.0,
                                1740823381.8733671,
                                11794452253476
                            ],
                            "sub": []
                        },
                        {
                            "stat": [
                                "doUptoVir2VcsNoSepCleanup",
                                "exit",
                                0.32367610931396484,
                                0.081027000000000002,
                                0.02315,
                                298452,
                                383852,
                                0.001805,
                                0.0,
                                1740823381.933917,
                                11794603382486
                            ],
                            "sub": []
                        },
                        {
                            "stat": [
                                "doRadify_vir2vcsAll",
                                "entry",
                                0.32460212707519531,
                                0.081106999999999999,
                                0.023172999999999999,
                                298452,
                                383852,
                                0.001805,
                                0.0,
                                1740823381.9348431,
                                11794605667486
                            ],
                            "sub": []
                        },
                        {
                            "stat": [
                                "doRadify_vir2vcsAll",
                                "exit",
                                0.33009910583496094,
                                0.083105999999999999,
                                0.023744000000000001,
                                300144,
                                383852,
                                0.001805,
                                0.0,
                                1740823381.94034,
                                11794619399784
                            ],
                            "sub": []
                        }
                    ]
                },
                {
                    "stat": [
                        "doPostDesignResolutionToVir2Vcs",
                        "exit",
                        0.33012795448303223,
                        0.083128999999999995,
                        0.023751000000000001,
                        300144,
                        383852,
                        0.001805,
                        0.0,
                        1740823381.9403689,
                        11794619433645
                    ],
                    "sub": []
                },
                {
                    "stat": [
                        "doGAToPass2",
                        "entry",
                        0.33013916015625,
                        0.083138000000000004,
                        0.023753,
                        300144,
                        383852,
                        0.001805,
                        0.0,
                        1740823381.9403801,
                        11794619459487
                    ],
                    "sub": [
                        {
                            "stat": [
                                "DoPass2",
                                "entry",
                                0.40408515930175781,
                                0.083138000000000004,
                                0.024888,
                                298588,
                                383852,
                                0.020094999999999998,
                                0.003356,
                                1740823382.0143261,
                                11794804088464
                            ],
                            "sub": []
                        },
                        {
                            "stat": [
                                "DoPass2",
                                "exit",
                                0.44231915473937988,
                                0.098720000000000002,
                                0.034172000000000001,
                                308152,
                                383852,
                                0.020094999999999998,
                                0.003356,
                                1740823382.0525601,
                                11794899498554
                            ],
                            "sub": []
                        }
                    ]
                },
                {
                    "stat": [
                        "doGAToPass2",
                        "exit",
                        0.44545507431030273,
                        0.10183,
                        0.034172000000000001,
                        308152,
                        383852,
                        0.020094999999999998,
                        0.003356,
                        1740823382.055696,
                        11794907323695
                    ],