{
    "cycles_program_begin": 101133530988580,
    "stat": {
        "totalObjSize": 147300,
        "cpu_cycles_end": 101133976793351,
        "mop/quad": 2.2620087336244543,
        "outputSizePerQuad": 160.80786026200875,
        "ru_self_cgstart": {
            "ru_majflt": 1,
            "ru_utime_sec": 0.044860999999999998,
            "ru_stime_sec": 0.026128999999999999,
            "ru_nvcsw": 38,
            "ru_minflt": 11625,
            "ru_maxrss_kb": 113744,
            "ru_nivcsw": 8
        },
        "ru_self_end": {
            "ru_majflt": 1,
            "ru_utime_sec": 0.063225000000000003,
            "ru_stime_sec": 0.027779000000000002,
            "ru_nvcsw": 40,
            "ru_minflt": 13630,
            "ru_maxrss_kb": 122988,
            "ru_nivcsw": 8
        },
        "ru_childs_cgstart": {
            "ru_majflt": 0,
            "ru_utime_sec": 0.011081000000000001,
            "ru_stime_sec": 0.0020799999999999998,
            "ru_nvcsw": 17,
            "ru_minflt": 2468,
            "ru_maxrss_kb": 113744,
            "ru_nivcsw": 0
        },
        "cpu_cycles_cgstart": 101133923023594,
        "nMops": 2072,
        "ru_childs_end": {
            "ru_majflt": 0,
            "ru_utime_sec": 0.012623000000000001,
            "ru_stime_sec": 0.0020799999999999998,
            "ru_nvcsw": 18,
            "ru_minflt": 2727,
            "ru_maxrss_kb": 113744,
            "ru_nivcsw": 0
        },
        "quadSpeed": 46016.276499547872,
        "nQuads": 916,
        "cpu_cycles_total": 445804771,
        "mopSpeed": 104089.21933085502,
        "Frontend(%)": 73.755405547937983,
        "CodeGen(%)": 26.244594452062017,
        "peak_mem_kb": 383632,
        "realTime": 0.18932604789733887
    },
    "perf": [
        {
            "stat": [
                "main",
                "entry",
                0.010734081268310547,
                0.020603,
                0.009221,
                203220,
                204476,
                0.0,
                0.0,
                1735129418.544976,
                101133531121515
            ],
            "sub": [
                {
                    "stat": [
                        "doParsingAndDesignResolution",
                        "entry",
                        0.1311790943145752,
                        0.037196,
                        0.009299,
                        212908,
                        213708,
                        0.0,
                        0.0,
                        1735129418.665421,
                        101133831799265
                    ],
                    "sub": []
                },
                {
                    "stat": [
                        "doParsingAndDesignResolution",
                        "exit",
                        0.13790011405944824,
                        0.037399000000000002,
                        0.015821000000000002,
                        316032,
                        383632,
                        0.0,
                        0.0,
                        1735129418.672142,
                        101133848530378
                    ],
                    "sub": []
                },
                {
                    "stat": [
                        "doPostDesignResolutionToVir2Vcs",
                        "entry",
                        0.14177703857421875,
                        0.037463999999999997,
                        0.020458,
                        298004,
                        383632,
                        0.0,
                        0.0,
                        1735129418.676019,
                        101133858203565
                    ],
                    "sub": [
                        {
                            "stat": [
                                "doUptoVir2VcsNoSepCleanup",
                                "entry",
                                0.14369106292724609,
                                0.037463999999999997,
                                0.022343999999999999,
                                298388,
                                383632,
                                0.0,
                                0.0,
                                1735129418.677933,
                                101133862953547
                            ],
                            "sub": []
                        },
                        {
                            "stat": [
                                "doUptoVir2VcsNoSepCleanup",
                                "exit",
                                0.15112209320068359,
                                0.044825999999999998,
                                0.022412999999999999,
                                311780,
                                383632,
                                0.0,
                                0.0,
                                1735129418.685364,
                                101133881588192
                            ],
                            "sub": []
                        },
                        {
                            "stat": [
                                "doRadify_vir2vcsAll",
                                "entry",
                                0.15118908882141113,
                                0.044860999999999998,
                                0.022429999999999999,
                                311780,
                                383632,
                                0.0,
                                0.0,
                                1735129418.685431,
                                101133881647474
                            ],
                            "sub": []
                        },
                        {
                            "stat": [
                                "doRadify_vir2vcsAll",
                                "exit",
                                0.15378499031066895,
                                0.044860999999999998,
                                0.025010000000000001,
                                311780,
                                383632,
                                0.0,
                                0.0,
                                1735129418.6880269,
                                101133888168469
                            ],
                            "sub": []
                        }
                    ]
                },
                {
                    "stat": [
                        "doPostDesignResolutionToVir2Vcs",
                        "exit",
                        0.15381312370300293,
                        0.044860999999999998,
                        0.025038999999999999,
                        311780,
                        383632,
                        0.0,
                        0.0,
                        1735129418.688055,
                        101133888191711
                    ],
                    "sub": []
                },
                {
                    "stat": [
                        "doGAToPass2",
                        "entry",
                        0.15382099151611328,
                        0.044860999999999998,
                        0.025045999999999999,
                        311780,
                        383632,
                        0.0,
                        0.0,
                        1735129418.6880629,
                        101133888207825
                    ],