{
    "Modules": {
        "std": {
            "start_perf": [
                0.17049598693847656,
                0.045116999999999997,
                0.02707,
                300260,
                383632,
                1735129418.7047379,
                101133929833296
            ],
            "child_modules": {},
            "end_perf": [
                0.17235612869262695,
                0.046279000000000001,
                0.027767,
                300416,
                383632,
                101133934514812,
                8589934594,
                0
            ],
            "Compiled": "Yes",
            "Compiled Times": 22,
            "nMops": 528,
            "svclass": [
                "$vcs_nba_dyn_obj",
                0,
                35,
                2,
                2,
                0,
                "sigprop$$",
                0,
                35,
                2,
                2,
                0,
                "process",
                0,
                200,
                8,
                8,
                0,
                "event",
                0,
                34,
                2,
                2,
                0,
                "mailbox",
                0,
                140,
                9,
                9,
                0,
                "semaphore",
                0,
                84,
                5,
                5,
                0
            ],
            "nQuads": 218,
            "nRouts": 33
        },
        "...MASTER...": {
            "start_perf": [
                0.16779899597167969,
                0.044860999999999998,
                0.026159999999999999,
                298852,
                383632,
                1735129418.7020409,
                101133923105815
            ],
            "end_perf": [
                0.1704561710357666,
                0.045090999999999999,
                0.027054000000000002,
                300260,
                383632,
                101133929757141,
                0,
                0
            ],
            "child_modules": {
                "tb_multi_pipe": 1,
                "std": 1
            },
            "nMops": 0,
            "nQuads": 0,
            "nRouts": 5
        },
        "tb_multi_pipe": {
            "start_perf": [
                0.17238712310791016,
                0.046297999999999999,
                0.027779000000000002,
                300416,
                383632,
                1735129418.706629,
                101133934552672
            ],
            "child_modules": {},
            "end_perf": [
                0.18589305877685547,
                0.059804000000000003,
                0.027779000000000002,
                308796,
                383632,
                101133968346083,
                17179869185,
                0
            ],
            "Compiled": "Yes",
            "nRouts": 77,
            "significant_routs": [
                [
                    44,
                    "R_VCSgd_t2BSw_2c",
                    3453668,
                    3742,
                    399
                ]
            ],
            "Compiled Times": 22,
            "nMops": 1544,
            "nQuads": 698
        }
    },
    "CompUnits": {
        "t2BSw_d": {
            "mod": "tb_multi_pipe",
            "out": "t2BSw_d.o",
            "bytes": 30920,
            "mode": 4,
            "text": 14714,
            "checksum": 0,
            "archive": "archive.21/_120970_archive_1.a"
        }
    },
    "reusePaths": {
        "amcQw_d": {
            "icPath": "csrc"
        },
        "reYIK_d": {
            "icPath": "csrc"
        }
    },
    "ObjArchives": [
        {
            "archive": "archive.21/_120970_archive_1.a",
            "objects": [
                [
                    "t2BSw_d.o",
                    30920
                ],
                [
                    "amcQwB.o",
                    116380
                ]
            ],
            "size": 147300
        }
    ],
    "stat": {
        "ru_self_end": {
            "ru_majflt": 1,
            "ru_utime_sec": 0.063108999999999998,
            "ru_stime_sec": 0.027779000000000002,
            "ru_nvcsw": 40,
            "ru_minflt": 13630,
            "ru_maxrss_kb": 122988,
            "ru_nivcsw": 8
        },
        "ru_childs_end": {
            "ru_majflt": 0,
            "ru_utime_sec": 0.012623000000000001,
            "ru_stime_sec": 0.0020799999999999998,
            "ru_nvcsw": 18,
            "ru_minflt": 2727,
            "ru_maxrss_kb": 113744,
            "ru_nivcsw": 0
        },
        "cpu_cycles_end": 101133976506175,
        "peak_mem_kb": 383632
    }
}