{
    "Modules": {
        "std": {
            "svclass": [
                "$vcs_nba_dyn_obj",
                576,
                35,
                2,
                2,
                0,
                "sigprop$$",
                576,
                35,
                2,
                2,
                0,
                "process",
                2380,
                200,
                8,
                8,
                0,
                "event",
                597,
                34,
                2,
                2,
                0,
                "mailbox",
                1769,
                140,
                9,
                9,
                0,
                "semaphore",
                1119,
                84,
                5,
                5,
                0
            ],
            "start_perf": [
                0.22720909118652344,
                0.079030000000000003,
                0.024955999999999999,
                311712,
                381988,
                1754305403.23034,
                84145858733207
            ],
            "child_modules": {},
            "end_perf": [
                0.23425197601318359,
                0.082191,
                0.028767000000000001,
                312680,
                381988,
                84145876354343,
                8589934594,
                0
            ],
            "Compiled": "Yes",
            "Compiled Times": 1,
            "nRouts": 33,
            "nQuads": 218,
            "nMops": 528
        },
        "...MASTER...": {
            "start_perf": [
                0.22484016418457031,
                0.077317999999999998,
                0.024416,
                310732,
                381988,
                1754305403.2279711,
                84145852817929
            ],
            "child_modules": {
                "std": 1,
                "tb": 1
            },
            "end_perf": [
                0.22703719139099121,
                0.078974000000000003,
                0.024938999999999999,
                311712,
                381988,
                84145858338657,
                0,
                0
            ],
            "nRouts": 5,
            "nQuads": 0,
            "nMops": 0
        },
        "tb": {
            "start_perf": [
                0.23430418968200684,
                0.082230999999999999,
                0.028781000000000001,
                312680,
                381988,
                1754305403.2374351,
                84145876433347
            ],
            "child_modules": {},
            "end_perf": [
                0.26842498779296875,
                0.104861,
                0.037749999999999999,
                312680,
                381988,
                84145961634766,
                21474836481,
                0
            ],
            "Compiled": "Yes",
            "Compiled Times": 1,
            "significant_routs": [
                [
                    85,
                    "R_VCSgd_g7hgQ_55",
                    5738356,
                    1915,
                    146
                ],
                [
                    99,
                    "R_VCSgd_g7hgQ_63",
                    2869659,
                    3104,
                    410
                ]
            ],
            "nRouts": 150,
            "nQuads": 1427,
            "nMops": 3923
        }
    },
    "ObjArchives": [
        {
            "archive": "archive.0/_105179_archive_1.a",
            "objects": [
                [
                    "reYIK_d.o",
                    43000
                ],
                [
                    "g7hgQ_d.o",
                    70314
                ],
                [
                    "amcQwB.o",
                    119666
                ]
            ],
            "size": 232980
        }
    ],
    "reusePaths": {},
    "CompUnits": {
        "reYIK_d": {
            "cls": 7017,
            "mod": "std",
            "out": "reYIK_d.o",
            "archive": "archive.0/_105179_archive_1.a",
            "checksum": 0,
            "text": 7325,
            "bytes": 43000,
            "mode": 4
        },
        "amcQw_d": {
            "mod": "...MASTER...",
            "out": "objs/amcQw_d.o",
            "checksum": 0,
            "text": 434,
            "bytes": 7824,
            "mode": 4
        },
        "g7hgQ_d": {
            "mod": "tb",
            "out": "g7hgQ_d.o",
            "archive": "archive.0/_105179_archive_1.a",
            "checksum": 0,
            "text": 33878,
            "bytes": 70314,
            "mode": 4
        }
    },
    "stat": {
        "ru_self_end": {
            "ru_nvcsw": 23,
            "ru_minflt": 14304,
            "ru_utime_sec": 0.10942399999999999,
            "ru_nivcsw": 131,
            "ru_majflt": 0,
            "ru_stime_sec": 0.038232000000000002,
            "ru_maxrss_kb": 127872
        },
        "ru_childs_end": {
            "ru_nvcsw": 22,
            "ru_minflt": 2708,
            "ru_utime_sec": 0.018088,
            "ru_nivcsw": 29,
            "ru_majflt": 0,
            "ru_stime_sec": 0.002078,
            "ru_maxrss_kb": 115548
        },
        "cpu_cycles_end": 84145993343602,
        "peak_mem_kb": 381988
    }
}