{
    "Modules": {
        "std": {
            "start_perf": [
                0.21987080574035645,
                0.074954000000000007,
                0.033394,
                311704,
                381980,
                1755718242.7728789,
                13866202424306
            ],
            "child_modules": {},
            "Compiled": "Yes",
            "Compiled Times": 1,
            "significant_routs": [
                [
                    14,
                    "F_VCSgd_reYIK_14_0",
                    9529780,
                    181,
                    16
                ],
                [
                    20,
                    "F_VCSgd_reYIK_20_0",
                    5688686,
                    407,
                    20
                ]
            ],
            "end_perf": [
                0.23385381698608398,
                0.082219,
                0.034618000000000003,
                312672,
                381980,
                13866237377517,
                8589934594,
                0
            ],
            "nRouts": 33,
            "svclass": [
                "$vcs_nba_dyn_obj",
                576,
                35,
                2,
                2,
                0,
                "sigprop$$",
                576,
                35,
                2,
                2,
                0,
                "process",
                2380,
                200,
                8,
                8,
                0,
                "event",
                597,
                34,
                2,
                2,
                0,
                "mailbox",
                1769,
                140,
                9,
                9,
                0,
                "semaphore",
                1119,
                84,
                5,
                5,
                0
            ],
            "nQuads": 218,
            "nMops": 528
        },
        "...MASTER...": {
            "start_perf": [
                0.21749782562255859,
                0.074954000000000007,
                0.031118,
                310724,
                381980,
                1755718242.7705059,
                13866196504423
            ],
            "child_modules": {
                "std": 1,
                "tb": 1
            },
            "end_perf": [
                0.21970987319946289,
                0.074954000000000007,
                0.033328999999999998,
                311704,
                381980,
                13866202051088,
                0,
                0
            ],
            "nQuads": 0,
            "nMops": 0,
            "nRouts": 5
        },
        "tb": {
            "start_perf": [
                0.23390889167785645,
                0.082257999999999998,
                0.034634999999999999,
                312672,
                381980,
                1755718242.786917,
                13866237452696
            ],
            "child_modules": {},
            "Compiled": "Yes",
            "Compiled Times": 1,
            "significant_routs": [
                [
                    2,
                    "R_VCSgd_g7hgQ_2",
                    10244762,
                    1875,
                    247
                ],
                [
                    85,
                    "R_VCSgd_g7hgQ_55",
                    2491454,
                    1915,
                    146
                ],
                [
                    87,
                    "R_VCSgd_g7hgQ_57",
                    4854907,
                    182,
                    27
                ],
                [
                    96,
                    "R_VCSgd_g7hgQ_60",
                    3473631,
                    3104,
                    410
                ]
            ],
            "end_perf": [
                0.2764890193939209,
                0.11976199999999999,
                0.034634999999999999,
                312672,
                381980,
                13866343797926,
                21474836481,
                0
            ],
            "nQuads": 1427,
            "nMops": 3923,
            "nRouts": 149
        }
    },
    "CompUnits": {
        "amcQw_d": {
            "mod": "...MASTER...",
            "out": "objs/amcQw_d.o",
            "bytes": 7824,
            "text": 434,
            "mode": 4,
            "checksum": 0
        },
        "reYIK_d": {
            "cls": 7017,
            "mod": "std",
            "out": "reYIK_d.o",
            "bytes": 43000,
            "text": 7325,
            "mode": 4,
            "checksum": 0,
            "archive": "archive.0/_353423_archive_1.a"
        },
        "g7hgQ_d": {
            "mod": "tb",
            "out": "g7hgQ_d.o",
            "bytes": 70638,
            "text": 34098,
            "mode": 4,
            "checksum": 0,
            "archive": "archive.0/_353423_archive_1.a"
        }
    },
    "stat": {
        "ru_self_end": {
            "ru_nvcsw": 24,
            "ru_majflt": 0,
            "ru_utime_sec": 0.11976199999999999,
            "ru_stime_sec": 0.039774999999999998,
            "ru_nivcsw": 162,
            "ru_maxrss_kb": 127744,
            "ru_minflt": 14331
        },
        "cpu_cycles_end": 13866356573439,
        "ru_childs_end": {
            "ru_nvcsw": 23,
            "ru_majflt": 0,
            "ru_utime_sec": 0.018880999999999998,
            "ru_stime_sec": 0.0018680000000000001,
            "ru_nivcsw": 27,
            "ru_maxrss_kb": 115296,
            "ru_minflt": 2710
        },
        "peak_mem_kb": 381980
    },
    "reusePaths": {},
    "ObjArchives": [
        {
            "archive": "archive.0/_353423_archive_1.a",
            "objects": [
                [
                    "reYIK_d.o",
                    43000
                ],
                [
                    "g7hgQ_d.o",
                    70638
                ],
                [
                    "amcQwB.o",
                    119682
                ]
            ],
            "size": 233320
        }
    ]
}