{
    "reusePaths": {},
    "CompUnits": {
        "amcQw_d": {
            "mod": "...MASTER...",
            "out": "objs/amcQw_d.o",
            "mode": 4,
            "bytes": 7824,
            "checksum": 0,
            "text": 434
        },
        "reYIK_d": {
            "cls": 7017,
            "mod": "std",
            "out": "reYIK_d.o",
            "archive": "archive.0/_24052_archive_1.a",
            "mode": 4,
            "bytes": 43000,
            "checksum": 0,
            "text": 7325
        },
        "x9Hvb_d": {
            "mod": "test",
            "out": "x9Hvb_d.o",
            "archive": "archive.0/_24052_archive_1.a",
            "mode": 4,
            "bytes": 25834,
            "checksum": 0,
            "text": 11542
        }
    },
    "Modules": {
        "std": {
            "start_perf": [
                0.20938897132873535,
                0.065488000000000005,
                0.030986,
                303156,
                381268,
                1751700126.9395671,
                1801782727085
            ],
            "child_modules": {},
            "nQuads": 218,
            "Compiled": "Yes",
            "nMops": 528,
            "Compiled Times": 1,
            "svclass": [
                "$vcs_nba_dyn_obj",
                576,
                35,
                2,
                2,
                0,
                "sigprop$$",
                576,
                35,
                2,
                2,
                0,
                "process",
                2380,
                200,
                8,
                8,
                0,
                "event",
                597,
                34,
                2,
                2,
                0,
                "mailbox",
                1769,
                140,
                9,
                9,
                0,
                "semaphore",
                1119,
                84,
                5,
                5,
                0
            ],
            "end_perf": [
                0.21696376800537109,
                0.067969000000000002,
                0.035984000000000002,
                305468,
                381268,
                1801801681900,
                8589934594,
                0
            ],
            "nRouts": 33
        },
        "...MASTER...": {
            "start_perf": [
                0.20716595649719238,
                0.065488000000000005,
                0.028763,
                298624,
                381268,
                1751700126.9373441,
                1801777183361
            ],
            "child_modules": {
                "std": 1,
                "test": 1
            },
            "end_perf": [
                0.20932483673095703,
                0.065488000000000005,
                0.030922000000000002,
                303156,
                381268,
                1801782608899,
                0,
                0
            ],
            "nQuads": 0,
            "nMops": 0,
            "nRouts": 5
        },
        "test": {
            "start_perf": [
                0.21701478958129883,
                0.068002999999999994,
                0.036001999999999999,
                305468,
                381268,
                1751700126.9471929,
                1801801759098
            ],
            "child_modules": {},
            "nQuads": 525,
            "Compiled": "Yes",
            "nMops": 1086,
            "Compiled Times": 1,
            "significant_routs": [
                [
                    28,
                    "R_VCSgd_x9Hvb_1c",
                    2478457,
                    781,
                    68
                ]
            ],
            "end_perf": [
                0.22960090637207031,
                0.079281000000000004,
                0.036001999999999999,
                307132,
                381268,
                1801833232065,
                17179869185,
                0
            ],
            "nRouts": 59
        }
    },
    "ObjArchives": [
        {
            "archive": "archive.0/_24052_archive_1.a",
            "objects": [
                [
                    "reYIK_d.o",
                    43000
                ],
                [
                    "x9Hvb_d.o",
                    25834
                ],
                [
                    "amcQwB.o",
                    116788
                ]
            ],
            "size": 185622
        }
    ],
    "stat": {
        "ru_self_end": {
            "ru_utime_sec": 0.083705000000000002,
            "ru_stime_sec": 0.036259,
            "ru_maxrss_kb": 121216,
            "ru_nvcsw": 39,
            "ru_minflt": 13443,
            "ru_majflt": 0,
            "ru_nivcsw": 79
        },
        "ru_childs_end": {
            "ru_utime_sec": 0.017038000000000001,
            "ru_stime_sec": 0.0049090000000000002,
            "ru_maxrss_kb": 111364,
            "ru_nvcsw": 20,
            "ru_minflt": 2707,
            "ru_majflt": 0,
            "ru_nivcsw": 19
        },
        "cpu_cycles_end": 1801844879116,
        "peak_mem_kb": 381268
    }
}