{
    "stat": {
        "ru_childs_cgstart": {
            "ru_minflt": 2710,
            "ru_stime_sec": 0.0026410000000000001,
            "ru_utime_sec": 0.016920000000000001,
            "ru_maxrss_kb": 112352,
            "ru_majflt": 0,
            "ru_nvcsw": 22,
            "ru_nivcsw": 23
        },
        "cpu_cycles_total": 613775965,
        "ru_self_cgstart": {
            "ru_minflt": 11844,
            "ru_stime_sec": 0.030145000000000002,
            "ru_utime_sec": 0.071595000000000006,
            "ru_maxrss_kb": 112352,
            "ru_majflt": 0,
            "ru_nvcsw": 25,
            "ru_nivcsw": 75
        },
        "quadSpeed": 39956.849141213315,
        "peak_mem_kb": 381976,
        "cpu_cycles_cgstart": 10688356989243,
        "nQuads": 1889,
        "nMops": 5175,
        "ru_self_end": {
            "ru_minflt": 14224,
            "ru_stime_sec": 0.033568000000000001,
            "ru_utime_sec": 0.118871,
            "ru_maxrss_kb": 124784,
            "ru_majflt": 0,
            "ru_nvcsw": 25,
            "ru_nivcsw": 100
        },
        "mop/quad": 2.7395447326627846,
        "CodeGen(%)": 34.815267580325639,
        "cpu_cycles_end": 10688495079777,
        "totalObjSize": 241942,
        "ru_childs_end": {
            "ru_minflt": 2710,
            "ru_stime_sec": 0.0026410000000000001,
            "ru_utime_sec": 0.016920000000000001,
            "ru_maxrss_kb": 112352,
            "ru_majflt": 0,
            "ru_nvcsw": 22,
            "ru_nivcsw": 23
        },
        "mopSpeed": 109463.57559861244,
        "outputSizePerQuad": 128.07940709370038,
        "Frontend(%)": 65.184732419674361,
        "realTime": 0.26180195808410645
    },
    "cycles_program_begin": 10687881303812,
    "Misc": {
        "vcs_version": "O-2018.09-SP2_Full64",
        "master_pid": 237513,
        "csrc_abs": "/home/kai/ChiselProject/Benchmarks/_Benchmark_my/_chisel-util/Queue_testcase/_test/_chisel-ds/t5/csrc",
        "vcs_build_date": "Build Date = Feb 28 2019 22:34:30",
        "VCS_HOME": "/home/kai/synopsys_tools/VCS_2018_SP2/vcs-mx/O-2018.09-SP2",
        "csrc": "csrc",
        "hostname": "",
        "cwd": "/home/kai/ChiselProject/Benchmarks/_Benchmark_my/_chisel-util/Queue_testcase/_test/_chisel-ds/t5",
        "daidir": "simv.daidir",
        "default_output_dir": "csrc",
        "daidir_abs": "/home/kai/ChiselProject/Benchmarks/_Benchmark_my/_chisel-util/Queue_testcase/_test/_chisel-ds/t5/simv.daidir",
        "archive_dir": "archive.0"
    },
    "PEModules": [],
    "PrevCompiledModules": {},
    "perf": [
        {
            "stat": [
                "main",
                "entry",
                0.015928983688354492,
                0.037700999999999998,
                0.011310000000000001,
                203220,
                204476,
                0.0,
                0.0,
                1755716969.415195,
                10687881509279
            ],
            "sub": [
                {
                    "stat": [
                        "doParsingAndDesignResolution",
                        "entry",
                        0.13173604011535645,
                        0.041251000000000003,
                        0.018749999999999999,
                        212908,
                        213708,
                        0.0,
                        0.0,
                        1755716969.531002,
                        10688170542496
                    ],
                    "sub": []
                },
                {
                    "stat": [
                        "doParsingAndDesignResolution",
                        "exit",
                        0.14316391944885254,
                        0.047791,
                        0.023455,
                        250904,
                        254040,
                        0.0,
                        0.0,
                        1755716969.5424299,
                        10688199095598
                    ],
                    "sub": []
                },
                {
                    "stat": [
                        "doPostDesignResolutionToVir2Vcs",
                        "entry",
                        0.15233302116394043,
                        0.053459,
                        0.025950999999999998,
                        298180,
                        381976,
                        0.0,
                        0.0,
                        1755716969.551599,
                        10688221958879
                    ],
                    "sub": [
                        {
                            "stat": [
                                "doUptoVir2VcsNoSepCleanup",
                                "entry",
                                0.15585899353027344,
                                0.053459,
                                0.02946,
                                298404,
                                381976,
                                0.0,
                                0.0,
                                1755716969.555125,
                                10688230758057
                            ],
                            "sub": []
                        },
                        {
                            "stat": [
                                "doUptoVir2VcsNoSepCleanup",
                                "exit",
                                0.17258095741271973,
                                0.067646999999999999,
                                0.030065000000000001,
                                298660,
                                381976,
                                0.0017819999999999999,
                                0.0,
                                1755716969.571847,
                                10688272496261
                            ],
                            "sub": []
                        },
                        {
                            "stat": [
                                "doRadify_vir2vcsAll",
                                "entry",
                                0.17263293266296387,
                                0.067683999999999994,
                                0.030081,
                                298660,
                                381976,
                                0.0017819999999999999,
                                0.0,
                                1755716969.5718989,
                                10688272573896
                            ],
                            "sub": []
                        },
                        {
                            "stat": [
                                "doRadify_vir2vcsAll",
                                "exit",
                                0.1755681037902832,
                                0.070511000000000004,
                                0.030081,
                                300392,
                                381976,
                                0.0017819999999999999,
                                0.0,
                                1755716969.5748341,
                                10688279954006
                            ],
                            "sub": []
                        }
                    ]
                },
                {
                    "stat": [
                        "doPostDesignResolutionToVir2Vcs",
                        "exit",
                        0.17560505867004395,
                        0.070548,
                        0.030081,
                        300392,
                        381976,
                        0.0017819999999999999,
                        0.0,
                        1755716969.5748711,
                        10688279986738
                    ],