{
    "CompileStatus": "Successful",
    "NameTable": {
        "std": [
            "std",
            "reYIK",
            "module",
            1
        ],
        "tb_Control": [
            "tb_Control",
            "TMLsG",
            "module",
            2
        ],
        "...MASTER...": [
            "SIM",
            "amcQw",
            "module",
            3
        ]
    },
    "cycles_program_begin": 6291637764395,
    "MlibObjs": {},
    "LVLData": [
        "SIM"
    ],
    "cpu_cycles_pass2_start": 6292174001123,
    "perf": [
        {
            "stat": [
                "main",
                "entry",
                0.016461849212646484,
                0.036708999999999999,
                0.014683,
                203220,
                204476,
                0.0,
                0.0,
                1754395705.1185379,
                6291637974353
            ],
            "sub": [
                {
                    "stat": [
                        "doParsingAndDesignResolution",
                        "entry",
                        0.13206791877746582,
                        0.048529999999999997,
                        0.014932000000000001,
                        212908,
                        213708,
                        0.0,
                        0.0,
                        1754395705.234144,
                        6291926495622
                    ],
                    "sub": []
                },
                {
                    "stat": [
                        "doParsingAndDesignResolution",
                        "exit",
                        0.14734101295471191,
                        0.057077000000000003,
                        0.02283,
                        317276,
                        385368,
                        0.0,
                        0.0,
                        1754395705.2494171,
                        6291964642570
                    ],
                    "sub": []
                },
                {
                    "stat": [
                        "doPostDesignResolutionToVir2Vcs",
                        "entry",
                        0.15427589416503906,
                        0.057450000000000001,
                        0.029356,
                        298224,
                        385368,
                        0.0,
                        0.0,
                        1754395705.2563519,
                        6291981918118
                    ],
                    "sub": [
                        {
                            "stat": [
                                "doUptoVir2VcsNoSepCleanup",
                                "entry",
                                0.15989589691162109,
                                0.061355,
                                0.030676999999999999,
                                298416,
                                385368,
                                0.0,
                                0.0,
                                1754395705.261972,
                                6291995956968
                            ],
                            "sub": []
                        },
                        {
                            "stat": [
                                "doUptoVir2VcsNoSepCleanup",
                                "exit",
                                0.20546293258666992,
                                0.084703000000000001,
                                0.033144,
                                311908,
                                385368,
                                0.001853,
                                0.0,
                                1754395705.307539,
                                6292109684397
                            ],
                            "sub": []
                        },
                        {
                            "stat": [
                                "doRadify_vir2vcsAll",
                                "entry",
                                0.20551705360412598,
                                0.084742999999999999,
                                0.033160000000000002,
                                311908,
                                385368,
                                0.013011999999999999,
                                0.019997999999999998,
                                1754395705.3075931,
                                6292109763876
                            ],
                            "sub": []
                        },
                        {
                            "stat": [
                                "doRadify_vir2vcsAll",
                                "exit",
                                0.2085728645324707,
                                0.087720999999999993,
                                0.033160000000000002,
                                311908,
                                385368,
                                0.013011999999999999,
                                0.019997999999999998,
                                1754395705.3106489,
                                6292117442443
                            ],
                            "sub": []
                        }
                    ]
                },
                {
                    "stat": [
                        "doPostDesignResolutionToVir2Vcs",
                        "exit",
                        0.20860886573791504,
                        0.087757000000000002,
                        0.033160000000000002,
                        311908,
                        385368,
                        0.013011999999999999,
                        0.019997999999999998,
                        1754395705.3106849,
                        6292117477503
                    ],
                    "sub": []
                },
                {
                    "stat": [
                        "doGAToPass2",
                        "entry",
                        0.20861983299255371,
                        0.087769,
                        0.033160000000000002,
                        311908,
                        385368,
                        0.013011999999999999,
                        0.019997999999999998,
                        1754395705.3106959,
                        6292117502631
                    ],
                    "sub": [
                        {
                            "stat": [
                                "DoPass2",
                                "entry",
                                0.23121285438537598,
                                0.088818999999999995,
                                0.033307000000000003,
                                310352,
                                385368,
                                0.023888,
                                0.026669000000000002,
                                1754395705.3332889,
                                6292173986461
                            ],
                            "sub": []
                        },
                        {
                            "stat": [
                                "DoPass2",
                                "exit",
                                0.31633496284484863,
                                0.153424,
                                0.042190999999999999,
                                312300,
                                385368,
                                0.023888,
                                0.026669000000000002,
                                1754395705.418411,
                                6292386400038
                            ],