{
    "reusePaths": {},
    "Modules": {
        "...MASTER...": {
            "nRouts": 5,
            "nMops": 0,
            "start_perf": [
                0.21139311790466309,
                0.078588000000000005,
                0.027505999999999999,
                298988,
                381872,
                1740725561.6192861,
                47641601935434
            ],
            "child_modules": {
                "std": 1,
                "tb": 1
            },
            "end_perf": [
                0.21350598335266113,
                0.080153000000000002,
                0.028053000000000002,
                303428,
                381872,
                47641607237208,
                0,
                0
            ],
            "nQuads": 0
        },
        "std": {
            "nRouts": 33,
            "nMops": 528,
            "start_perf": [
                0.21358799934387207,
                0.080203999999999998,
                0.028070999999999999,
                303428,
                381872,
                1740725561.6214809,
                47641607405497
            ],
            "significant_routs": [
                [
                    24,
                    "F_VCSgd_reYIK_24_0",
                    3680736,
                    984,
                    90
                ]
            ],
            "Compiled": "Yes",
            "child_modules": {},
            "Compiled Times": 1,
            "end_perf": [
                0.2228090763092041,
                0.085071999999999995,
                0.030935000000000001,
                305640,
                381872,
                47641630473950,
                8589934594,
                0
            ],
            "svclass": [
                "$vcs_nba_dyn_obj",
                576,
                35,
                2,
                2,
                0,
                "sigprop$$",
                576,
                35,
                2,
                2,
                0,
                "process",
                2380,
                200,
                8,
                8,
                0,
                "event",
                597,
                34,
                2,
                2,
                0,
                "mailbox",
                1769,
                140,
                9,
                9,
                0,
                "semaphore",
                1119,
                84,
                5,
                5,
                0
            ],
            "nQuads": 218
        },
        "tb": {
            "nRouts": 154,
            "start_perf": [
                0.22286295890808105,
                0.085111999999999993,
                0.030949999999999998,
                305640,
                381872,
                1740725561.6307559,
                47641630556376
            ],
            "significant_routs": [
                [
                    2,
                    "R_VCSgd_g7hgQ_2",
                    4376864,
                    3505,
                    443
                ],
                [
                    63,
                    "R_VCSgd_g7hgQ_3f",
                    2474812,
                    1642,
                    209
                ]
            ],
            "nMops": 3702,
            "Compiled": "Yes",
            "child_modules": {},
            "Compiled Times": 1,
            "end_perf": [
                0.26177716255187988,
                0.11887300000000001,
                0.031698999999999998,
                309428,
                381872,
                47641727730604,
                21474836481,
                0
            ],
            "nQuads": 1696
        }
    },
    "CompUnits": {
        "amcQw_d": {
            "checksum": 0,
            "mod": "...MASTER...",
            "out": "objs/amcQw_d.o",
            "bytes": 7824,
            "text": 434,
            "mode": 4
        },
        "reYIK_d": {
            "checksum": 0,
            "mod": "std",
            "out": "reYIK_d.o",
            "bytes": 43000,
            "cls": 7017,
            "text": 7325,
            "mode": 4,
            "archive": "archive.0/_113624_archive_1.a"
        },
        "g7hgQ_d": {
            "checksum": 0,
            "mod": "tb",
            "out": "g7hgQ_d.o",
            "bytes": 75282,
            "text": 35354,
            "mode": 4,
            "archive": "archive.0/_113624_archive_1.a"
        }
    },
    "ObjArchives": [
        {
            "size": 237994,
            "objects": [
                [
                    "reYIK_d.o",
                    43000
                ],
                [
                    "g7hgQ_d.o",
                    75282
                ],
                [
                    "amcQwB.o",
                    119712
                ]
            ],
            "archive": "archive.0/_113624_archive_1.a"
        }
    ],
    "stat": {
        "cpu_cycles_end": 47641739509669,
        "ru_childs_end": {
            "ru_majflt": 0,
            "ru_maxrss_kb": 112272,
            "ru_utime_sec": 0.017149999999999999,
            "ru_nivcsw": 21,
            "ru_stime_sec": 0.0036129999999999999,
            "ru_minflt": 2711,
            "ru_nvcsw": 20
        },
        "ru_self_end": {
            "ru_majflt": 0,
            "ru_maxrss_kb": 124016,
            "ru_utime_sec": 0.123179,
            "ru_nivcsw": 87,
            "ru_stime_sec": 0.031787999999999997,
            "ru_minflt": 14255,
            "ru_nvcsw": 16
        },
        "peak_mem_kb": 381872
    }
}