{
    "stat": {
        "ru_childs_end": {
            "ru_utime_sec": 0.014987,
            "ru_majflt": 0,
            "ru_stime_sec": 0.0,
            "ru_nivcsw": 2,
            "ru_maxrss_kb": 112540,
            "ru_minflt": 2727,
            "ru_nvcsw": 18
        },
        "cpu_cycles_total": 463141024,
        "ru_self_cgstart": {
            "ru_utime_sec": 0.065082000000000001,
            "ru_majflt": 2,
            "ru_stime_sec": 0.012362,
            "ru_nivcsw": 6,
            "ru_maxrss_kb": 112080,
            "ru_minflt": 11720,
            "ru_nvcsw": 50
        },
        "ru_childs_cgstart": {
            "ru_utime_sec": 0.013676000000000001,
            "ru_majflt": 0,
            "ru_stime_sec": 0.0,
            "ru_nivcsw": 2,
            "ru_maxrss_kb": 112080,
            "ru_minflt": 2468,
            "ru_nvcsw": 17
        },
        "nMops": 3043,
        "quadSpeed": 99376.604327099369,
        "mop/quad": 2.8071955719557193,
        "nQuads": 1084,
        "cpu_cycles_cgstart": 101116772369373,
        "Frontend(%)": 87.834853790734513,
        "totalObjSize": 154652,
        "ru_self_end": {
            "ru_utime_sec": 0.074678999999999995,
            "ru_majflt": 2,
            "ru_stime_sec": 0.023893000000000001,
            "ru_nivcsw": 9,
            "ru_maxrss_kb": 123036,
            "ru_minflt": 13701,
            "ru_nvcsw": 52
        },
        "cpu_cycles_end": 101116828452179,
        "mopSpeed": 278969.56362302892,
        "outputSizePerQuad": 142.6678966789668,
        "CodeGen(%)": 12.165146209265499,
        "peak_mem_kb": 381304,
        "realTime": 0.19611692428588867
    },
    "MlibObjs": {},
    "LVLData": [
        "SIM"
    ],
    "CurCompileUdps": {},
    "cycles_program_begin": 101116365311155,
    "perf": [
        {
            "stat": [
                "main",
                "entry",
                0.010579109191894531,
                0.021908,
                0.0073020000000000003,
                203220,
                204476,
                0.0,
                0.0,
                1735129411.6676941,
                101116365446678
            ],
            "sub": [
                {
                    "stat": [
                        "doParsingAndDesignResolution",
                        "entry",
                        0.12958407402038574,
                        0.036683,
                        0.0081510000000000003,
                        212908,
                        213708,
                        0.0,
                        0.0,
                        1735129411.7866991,
                        101116662526543
                    ],
                    "sub": []
                },
                {
                    "stat": [
                        "doParsingAndDesignResolution",
                        "exit",
                        0.14095091819763184,
                        0.044152999999999998,
                        0.012041,
                        316212,
                        381304,
                        0.0,
                        0.0,
                        1735129411.7980659,
                        101116690848128
                    ],
                    "sub": []
                },
                {
                    "stat": [
                        "doPostDesignResolutionToVir2Vcs",
                        "entry",
                        0.14454293251037598,
                        0.049447999999999999,
                        0.012362,
                        298148,
                        381304,
                        0.0,
                        0.0,
                        1735129411.8016579,
                        101116699820303
                    ],
                    "sub": [
                        {
                            "stat": [
                                "doUptoVir2VcsNoSepCleanup",
                                "entry",
                                0.1474909782409668,
                                0.052395999999999998,
                                0.012362,
                                298436,
                                381304,
                                0.0,
                                0.0,
                                1735129411.804606,
                                101116707158897
                            ],
                            "sub": []
                        },
                        {
                            "stat": [
                                "doUptoVir2VcsNoSepCleanup",
                                "exit",
                                0.15650701522827148,
                                0.061411,
                                0.012362,
                                298692,
                                381304,
                                0.0,
                                0.0,
                                1735129411.813622,
                                101116729685563
                            ],
                            "sub": []
                        },
                        {
                            "stat": [
                                "doRadify_vir2vcsAll",
                                "entry",
                                0.1565549373626709,
                                0.061461000000000002,
                                0.012362,
                                298692,
                                381304,
                                0.0,
                                0.0,
                                1735129411.8136699,
                                101116729746929
                            ],
                            "sub": []
                        },
                        {
                            "stat": [
                                "doRadify_vir2vcsAll",
                                "exit",
                                0.15908408164978027,
                                0.063988000000000003,
                                0.012362,
                                300536,
                                381304,
                                0.0,
                                0.0,
                                1735129411.8161991,
                                101116736107027
                            ],
                            "sub": []
                        }
                    ]
                },
                {
                    "stat": [
                        "doPostDesignResolutionToVir2Vcs",
                        "exit",
                        0.15911293029785156,
                        0.064019000000000006,
                        0.012362,
                        300536,
                        381304,
                        0.0,
                        0.0,
                        1735129411.8162279,
                        101116736134325
                    ],
                    "sub": []
                },
                {
                    "stat": [
                        "doGAToPass2",
                        "entry",
                        0.15912294387817383,
                        0.064028000000000002,
                        0.012362,
                        300536,
                        381304,
                        0.0,
                        0.0,
                        1735129411.8162379,
                        101116736151083
                    ],