{
    "cpu_cycles_pass2_start": 25685441704518,
    "cycles_program_begin": 25684936603112,
    "perf": [
        {
            "stat": [
                "main",
                "entry",
                0.019004106521606445,
                0.035209999999999998,
                0.015649,
                203220,
                204476,
                0.0,
                0.0,
                1736855047.697191,
                25684936817079
            ],
            "sub": [
                {
                    "stat": [
                        "doParsingAndDesignResolution",
                        "entry",
                        0.13396811485290527,
                        0.044939,
                        0.016341000000000001,
                        212908,
                        213708,
                        0.0,
                        0.0,
                        1736855047.812155,
                        25685223729791
                    ],
                    "sub": []
                },
                {
                    "stat": [
                        "doParsingAndDesignResolution",
                        "exit",
                        0.14975810050964355,
                        0.051887000000000003,
                        0.021347999999999999,
                        316460,
                        384112,
                        0.0,
                        0.0,
                        1736855047.827945,
                        25685263146407
                    ],
                    "sub": []
                },
                {
                    "stat": [
                        "doPostDesignResolutionToVir2Vcs",
                        "entry",
                        0.15773200988769531,
                        0.058701999999999997,
                        0.022401999999999998,
                        298176,
                        384112,
                        0.0,
                        0.0,
                        1736855047.8359189,
                        25685283064046
                    ],
                    "sub": [
                        {
                            "stat": [
                                "doUptoVir2VcsNoSepCleanup",
                                "entry",
                                0.16213417053222656,
                                0.062218000000000002,
                                0.023098,
                                298400,
                                384112,
                                0.0,
                                0.0,
                                1736855047.8403211,
                                25685294055519
                            ],
                            "sub": []
                        },
                        {
                            "stat": [
                                "doUptoVir2VcsNoSepCleanup",
                                "exit",
                                0.18552112579345703,
                                0.076805999999999999,
                                0.026882,
                                298656,
                                384112,
                                0.0019870000000000001,
                                0.0,
                                1736855047.863708,
                                25685352449267
                            ],
                            "sub": []
                        },
                        {
                            "stat": [
                                "doRadify_vir2vcsAll",
                                "entry",
                                0.18558812141418457,
                                0.076805999999999999,
                                0.026950000000000002,
                                298656,
                                384112,
                                0.0019870000000000001,
                                0.0,
                                1736855047.863775,
                                25685352530651
                            ],
                            "sub": []
                        },
                        {
                            "stat": [
                                "doRadify_vir2vcsAll",
                                "exit",
                                0.18848013877868652,
                                0.076805999999999999,
                                0.029840999999999999,
                                300496,
                                384112,
                                0.0019870000000000001,
                                0.0,
                                1736855047.866667,
                                25685359798746
                            ],
                            "sub": []
                        }
                    ]
                },
                {
                    "stat": [
                        "doPostDesignResolutionToVir2Vcs",
                        "exit",
                        0.18851613998413086,
                        0.076805999999999999,
                        0.029877999999999998,
                        300496,
                        384112,
                        0.0019870000000000001,
                        0.0,
                        1736855047.866703,
                        25685359834453
                    ],
                    "sub": []
                },
                {
                    "stat": [
                        "doGAToPass2",
                        "entry",
                        0.18852806091308594,
                        0.076805999999999999,
                        0.02989,
                        300496,
                        384112,
                        0.0019870000000000001,
                        0.0,
                        1736855047.866715,
                        25685359861546
                    ],
                    "sub": [
                        {
                            "stat": [
                                "DoPass2",
                                "entry",
                                0.22129011154174805,
                                0.076982999999999996,
                                0.030793000000000001,
                                298940,
                                384112,
                                0.019715,
                                0.0027109999999999999,
                                1736855047.899477,
                                25685441693393
                            ],
                            "sub": []
                        },
                        {
                            "stat": [
                                "DoPass2",
                                "exit",
                                0.28185915946960449,
                                0.120613,
                                0.035735000000000003,
                                311700,
                                384112,
                                0.019715,
                                0.0027109999999999999,
                                1736855047.9600461,
                                25685592880119
                            ],
                            "sub": []
                        }
                    ]
                },
                {
                    "stat": [
                        "doGAToPass2",
                        "exit",
                        0.28967809677124023,
                        0.123345,
                        0.035810000000000002,
                        311700,
                        384112,
                        0.019715,
                        0.0027109999999999999,
                        1736855047.967865,
                        25685612390618
                    ],