{
    "Modules": {
        "...MASTER...": {
            "start_perf": [
                0.18843603134155273,
                0.066198000000000007,
                0.025007000000000001,
                298884,
                384896,
                1772525546.8519959,
                3612490636577
            ],
            "nRouts": 5,
            "child_modules": {
                "std": 1,
                "testbench": 1
            },
            "nMops": 0,
            "end_perf": [
                0.19062209129333496,
                0.066198000000000007,
                0.027192999999999998,
                303348,
                384896,
                3612496136848,
                0,
                0
            ],
            "nQuads": 0
        },
        "std": {
            "start_perf": [
                0.19068717956542969,
                0.066198999999999994,
                0.027258000000000001,
                303348,
                384896,
                1772525546.8542471,
                3612496256759
            ],
            "nRouts": 33,
            "child_modules": {},
            "Compiled Times": 1,
            "Compiled": "Yes",
            "nMops": 528,
            "end_perf": [
                0.19857215881347656,
                0.073953000000000005,
                0.027258000000000001,
                305532,
                384896,
                3612515983361,
                8589934594,
                0
            ],
            "svclass": [
                "$vcs_nba_dyn_obj",
                576,
                35,
                2,
                2,
                0,
                "sigprop$$",
                576,
                35,
                2,
                2,
                0,
                "process",
                2380,
                200,
                8,
                8,
                0,
                "event",
                597,
                34,
                2,
                2,
                0,
                "mailbox",
                1769,
                140,
                9,
                9,
                0,
                "semaphore",
                1119,
                84,
                5,
                5,
                0
            ],
            "nQuads": 218
        },
        "testbench": {
            "start_perf": [
                0.19862198829650879,
                0.073998999999999995,
                0.027262999999999999,
                305532,
                384896,
                1772525546.8621819,
                3612516066470
            ],
            "nRouts": 130,
            "child_modules": {},
            "Compiled Times": 1,
            "Compiled": "Yes",
            "nMops": 2277,
            "end_perf": [
                0.22608804702758789,
                0.101151,
                0.027262999999999999,
                308944,
                384896,
                3612584741424,
                17179869185,
                0
            ],
            "nQuads": 1098
        }
    },
    "ObjArchives": [
        {
            "objects": [
                [
                    "reYIK_d.o",
                    43000
                ],
                [
                    "iAVhC_d.o",
                    53014
                ],
                [
                    "amcQwB.o",
                    116778
                ]
            ],
            "archive": "archive.0/_51104_archive_1.a",
            "size": 212792
        }
    ],
    "CompUnits": {
        "iAVhC_d": {
            "checksum": 0,
            "mod": "testbench",
            "archive": "archive.0/_51104_archive_1.a",
            "bytes": 53014,
            "out": "iAVhC_d.o",
            "text": 25866,
            "mode": 4
        },
        "amcQw_d": {
            "checksum": 0,
            "mod": "...MASTER...",
            "bytes": 7832,
            "out": "objs/amcQw_d.o",
            "text": 434,
            "mode": 4
        },
        "reYIK_d": {
            "checksum": 0,
            "mod": "std",
            "archive": "archive.0/_51104_archive_1.a",
            "bytes": 43000,
            "out": "reYIK_d.o",
            "text": 7325,
            "mode": 4,
            "cls": 7017
        }
    },
    "stat": {
        "ru_self_end": {
            "ru_maxrss_kb": 123132,
            "ru_utime_sec": 0.105628,
            "ru_nvcsw": 50,
            "ru_stime_sec": 0.027532000000000001,
            "ru_minflt": 13929,
            "ru_majflt": 0,
            "ru_nivcsw": 71
        },
        "ru_childs_end": {
            "ru_maxrss_kb": 111520,
            "ru_utime_sec": 0.017894,
            "ru_nvcsw": 20,
            "ru_stime_sec": 0.010330000000000001,
            "ru_minflt": 4114,
            "ru_majflt": 0,
            "ru_nivcsw": 24
        },
        "cpu_cycles_end": 3612596511746,
        "peak_mem_kb": 384896
    },
    "reusePaths": {}
}