{
    "Modules": {
        "...MASTER...": {
            "end_perf": [
                0.21270084381103516,
                0.054988000000000002,
                0.041404999999999997,
                303172,
                383844,
                3453066188372,
                0,
                0
            ],
            "start_perf": [
                0.21040892601013184,
                0.052697000000000001,
                0.041404999999999997,
                298680,
                383844,
                1772235952.273474,
                3453060426136
            ],
            "nMops": 0,
            "child_modules": {
                "testbench": 1,
                "std": 1
            },
            "nRouts": 5,
            "nQuads": 0
        },
        "testbench": {
            "end_perf": [
                0.25099897384643555,
                0.088949,
                0.041404999999999997,
                308840,
                383844,
                3453161776562,
                17179869185,
                0
            ],
            "start_perf": [
                0.22062301635742188,
                0.062774999999999997,
                0.041404999999999997,
                305432,
                383844,
                1772235952.2836881,
                3453085916996
            ],
            "Compiled Times": 1,
            "nMops": 3464,
            "child_modules": {},
            "Compiled": "Yes",
            "significant_routs": [
                [
                    2,
                    "R_VCSgd_iAVhC_2",
                    4789416,
                    128,
                    19
                ],
                [
                    48,
                    "R_VCSgd_iAVhC_30",
                    2439528,
                    376,
                    83
                ]
            ],
            "nRouts": 97,
            "nQuads": 867
        },
        "std": {
            "end_perf": [
                0.22057294845581055,
                0.062724000000000002,
                0.041404999999999997,
                305432,
                383844,
                3453085837927,
                8589934594,
                0
            ],
            "start_perf": [
                0.21278691291809082,
                0.055058999999999997,
                0.041404999999999997,
                303172,
                383844,
                1772235952.275852,
                3453066360259
            ],
            "Compiled Times": 1,
            "nMops": 528,
            "child_modules": {},
            "Compiled": "Yes",
            "svclass": [
                "$vcs_nba_dyn_obj",
                576,
                35,
                2,
                2,
                0,
                "sigprop$$",
                576,
                35,
                2,
                2,
                0,
                "process",
                2380,
                200,
                8,
                8,
                0,
                "event",
                597,
                34,
                2,
                2,
                0,
                "mailbox",
                1769,
                140,
                9,
                9,
                0,
                "semaphore",
                1119,
                84,
                5,
                5,
                0
            ],
            "nRouts": 33,
            "nQuads": 218
        }
    },
    "CompUnits": {
        "reYIK_d": {
            "checksum": 0,
            "mod": "std",
            "archive": "archive.0/_26296_archive_1.a",
            "out": "reYIK_d.o",
            "text": 7325,
            "bytes": 43000,
            "mode": 4,
            "cls": 7017
        },
        "amcQw_d": {
            "checksum": 0,
            "mod": "...MASTER...",
            "out": "objs/amcQw_d.o",
            "text": 434,
            "bytes": 7832,
            "mode": 4
        },
        "iAVhC_d": {
            "checksum": 0,
            "mod": "testbench",
            "archive": "archive.0/_26296_archive_1.a",
            "out": "iAVhC_d.o",
            "text": 28576,
            "bytes": 52358,
            "mode": 4
        }
    },
    "stat": {
        "peak_mem_kb": 383844,
        "ru_self_end": {
            "ru_nvcsw": 22,
            "ru_stime_sec": 0.043727000000000002,
            "ru_utime_sec": 0.091098999999999999,
            "ru_maxrss_kb": 122940,
            "ru_minflt": 13824,
            "ru_majflt": 0,
            "ru_nivcsw": 155
        },
        "ru_childs_end": {
            "ru_nvcsw": 16,
            "ru_stime_sec": 0.015445,
            "ru_utime_sec": 0.016521999999999998,
            "ru_maxrss_kb": 111444,
            "ru_minflt": 4113,
            "ru_majflt": 0,
            "ru_nivcsw": 31
        },
        "cpu_cycles_end": 3453175937496
    },
    "reusePaths": {},
    "ObjArchives": [
        {
            "archive": "archive.0/_26296_archive_1.a",
            "objects": [
                [
                    "reYIK_d.o",
                    43000
                ],
                [
                    "iAVhC_d.o",
                    52358
                ],
                [
                    "amcQwB.o",
                    117168
                ]
            ],
            "size": 212526
        }
    ]
}