{
    "Modules": {
        "...MASTER...": {
            "start_perf": [
                0.21662282943725586,
                0.073652999999999996,
                0.031012000000000001,
                298944,
                381976,
                1740471091.0328889,
                52205804359490
            ],
            "end_perf": [
                0.21943283081054688,
                0.075942999999999997,
                0.031012000000000001,
                303412,
                381976,
                52205811407033,
                0,
                0
            ],
            "child_modules": {
                "std": 1,
                "testbench": 1
            },
            "nRouts": 5,
            "nQuads": 0,
            "nMops": 0
        },
        "std": {
            "svclass": [
                "$vcs_nba_dyn_obj",
                576,
                35,
                2,
                2,
                0,
                "sigprop$$",
                576,
                35,
                2,
                2,
                0,
                "process",
                2380,
                200,
                8,
                8,
                0,
                "event",
                597,
                34,
                2,
                2,
                0,
                "mailbox",
                1769,
                140,
                9,
                9,
                0,
                "semaphore",
                1119,
                84,
                5,
                5,
                0
            ],
            "start_perf": [
                0.21949291229248047,
                0.076004000000000002,
                0.031012000000000001,
                303412,
                381976,
                1740471091.035759,
                52205811515797
            ],
            "end_perf": [
                0.2282869815826416,
                0.083657999999999996,
                0.031012000000000001,
                305620,
                381976,
                52205833532205,
                8589934594,
                0
            ],
            "child_modules": {},
            "Compiled": "Yes",
            "Compiled Times": 1,
            "nRouts": 33,
            "nQuads": 218,
            "significant_routs": [
                [
                    1,
                    "T_VCSgd_reYIK_1_0",
                    3853671,
                    138,
                    13
                ]
            ],
            "nMops": 528
        },
        "testbench": {
            "start_perf": [
                0.22834491729736328,
                0.083718000000000001,
                0.031012000000000001,
                305620,
                381976,
                1740471091.044611,
                52205833611058
            ],
            "end_perf": [
                0.2652888298034668,
                0.12016400000000001,
                0.031012000000000001,
                310036,
                381976,
                52205925877353,
                17179869185,
                0
            ],
            "child_modules": {},
            "Compiled": "Yes",
            "Compiled Times": 1,
            "nRouts": 167,
            "nQuads": 1932,
            "nMops": 5387
        }
    },
    "CompUnits": {
        "amcQw_d": {
            "mod": "...MASTER...",
            "out": "objs/amcQw_d.o",
            "bytes": 7832,
            "checksum": 0,
            "text": 434,
            "mode": 4
        },
        "reYIK_d": {
            "archive": "archive.0/_160623_archive_1.a",
            "cls": 7017,
            "mod": "std",
            "out": "reYIK_d.o",
            "bytes": 43000,
            "checksum": 0,
            "text": 7325,
            "mode": 4
        },
        "iAVhC_d": {
            "archive": "archive.0/_160623_archive_1.a",
            "mod": "testbench",
            "out": "iAVhC_d.o",
            "bytes": 78960,
            "checksum": 0,
            "text": 48012,
            "mode": 4
        }
    },
    "reusePaths": {},
    "ObjArchives": [
        {
            "size": 238916,
            "archive": "archive.0/_160623_archive_1.a",
            "objects": [
                [
                    "reYIK_d.o",
                    43000
                ],
                [
                    "iAVhC_d.o",
                    78960
                ],
                [
                    "amcQwB.o",
                    116956
                ]
            ]
        }
    ],
    "stat": {
        "peak_mem_kb": 381976,
        "ru_self_end": {
            "ru_majflt": 0,
            "ru_utime_sec": 0.12148299999999999,
            "ru_nivcsw": 115,
            "ru_stime_sec": 0.033779999999999998,
            "ru_maxrss_kb": 124620,
            "ru_minflt": 14260,
            "ru_nvcsw": 9
        },
        "ru_childs_end": {
            "ru_majflt": 0,
            "ru_utime_sec": 0.014683999999999999,
            "ru_nivcsw": 16,
            "ru_stime_sec": 0.0057819999999999998,
            "ru_maxrss_kb": 111996,
            "ru_minflt": 2712,
            "ru_nvcsw": 19
        },
        "cpu_cycles_end": 52205936012724
    }
}