{
    "ObjArchives": [
        {
            "archive": "archive.0/_110621_archive_1.a",
            "objects": [
                [
                    "reYIK_d.o",
                    43000
                ],
                [
                    "iAVhC_d.o",
                    47890
                ],
                [
                    "amcQwB.o",
                    117410
                ]
            ],
            "size": 208300
        }
    ],
    "Modules": {
        "...MASTER...": {
            "nQuads": 0,
            "start_perf": [
                0.26270198822021484,
                0.060002,
                0.048751999999999997,
                298896,
                381704,
                1741078865.7881949,
                66356242360909
            ],
            "child_modules": {
                "std": 1,
                "testbench": 1
            },
            "end_perf": [
                0.26499605178833008,
                0.061267000000000002,
                0.049778999999999997,
                303364,
                381704,
                66356248115260,
                0,
                0
            ],
            "nMops": 0,
            "nRouts": 5
        },
        "std": {
            "start_perf": [
                0.26619410514831543,
                0.061321000000000001,
                0.049822999999999999,
                303364,
                381704,
                1741078865.791687,
                66356251125365
            ],
            "nQuads": 218,
            "child_modules": {},
            "Compiled": "Yes",
            "nMops": 528,
            "Compiled Times": 1,
            "end_perf": [
                0.27518320083618164,
                0.069611000000000006,
                0.050275,
                305608,
                381704,
                66356273562866,
                8589934594,
                0
            ],
            "svclass": [
                "$vcs_nba_dyn_obj",
                576,
                35,
                2,
                2,
                0,
                "sigprop$$",
                576,
                35,
                2,
                2,
                0,
                "process",
                2380,
                200,
                8,
                8,
                0,
                "event",
                597,
                34,
                2,
                2,
                0,
                "mailbox",
                1769,
                140,
                9,
                9,
                0,
                "semaphore",
                1119,
                84,
                5,
                5,
                0
            ],
            "nRouts": 33
        },
        "testbench": {
            "nQuads": 1025,
            "start_perf": [
                0.27523899078369141,
                0.069643999999999998,
                0.050298000000000002,
                305608,
                381704,
                1741078865.8007319,
                66356273643681
            ],
            "Compiled": "Yes",
            "child_modules": {},
            "nMops": 2450,
            "Compiled Times": 1,
            "end_perf": [
                0.30527019500732422,
                0.094225000000000003,
                0.054965,
                309016,
                381704,
                66356348694062,
                17179869185,
                0
            ],
            "nRouts": 123
        }
    },
    "reusePaths": {},
    "CompUnits": {
        "amcQw_d": {
            "bytes": 7832,
            "mod": "...MASTER...",
            "checksum": 0,
            "out": "objs/amcQw_d.o",
            "text": 434,
            "mode": 4
        },
        "iAVhC_d": {
            "archive": "archive.0/_110621_archive_1.a",
            "bytes": 47890,
            "mod": "testbench",
            "checksum": 0,
            "out": "iAVhC_d.o",
            "text": 23735,
            "mode": 4
        },
        "reYIK_d": {
            "archive": "archive.0/_110621_archive_1.a",
            "bytes": 43000,
            "mod": "std",
            "checksum": 0,
            "out": "reYIK_d.o",
            "text": 7325,
            "cls": 7017,
            "mode": 4
        }
    },
    "stat": {
        "ru_childs_end": {
            "ru_utime_sec": 0.010794,
            "ru_majflt": 0,
            "ru_stime_sec": 0.012012999999999999,
            "ru_minflt": 2714,
            "ru_maxrss_kb": 112160,
            "ru_nvcsw": 18,
            "ru_nivcsw": 16
        },
        "ru_self_end": {
            "ru_utime_sec": 0.099217,
            "ru_majflt": 0,
            "ru_stime_sec": 0.055621999999999998,
            "ru_minflt": 13955,
            "ru_maxrss_kb": 124004,
            "ru_nvcsw": 7,
            "ru_nivcsw": 228
        },
        "cpu_cycles_end": 66356389353169,
        "peak_mem_kb": 381704
    }
}