{
    "MlibObjs": {},
    "cycles_program_begin": 4704690924473,
    "cpu_cycles_pass2_start": 4705328431958,
    "perf": [
        {
            "sub": [
                {
                    "sub": [],
                    "stat": [
                        "doParsingAndDesignResolution",
                        "entry",
                        0.15285801887512207,
                        0.048409000000000001,
                        0.018619,
                        212908,
                        213708,
                        0.0,
                        0.0,
                        1755714572.407228,
                        4705003399611
                    ]
                },
                {
                    "sub": [],
                    "stat": [
                        "doParsingAndDesignResolution",
                        "exit",
                        0.18028903007507324,
                        0.053988000000000001,
                        0.022801999999999999,
                        250600,
                        253776,
                        0.0,
                        0.0,
                        1755714572.434659,
                        4705071894836
                    ]
                },
                {
                    "sub": [
                        {
                            "sub": [],
                            "stat": [
                                "doUptoVir2VcsNoSepCleanup",
                                "entry",
                                0.1986689567565918,
                                0.061154,
                                0.026255000000000001,
                                298356,
                                381672,
                                0.0,
                                0.0,
                                1755714572.4530389,
                                4705117764694
                            ]
                        },
                        {
                            "sub": [],
                            "stat": [
                                "doUptoVir2VcsNoSepCleanup",
                                "exit",
                                0.22515106201171875,
                                0.074507000000000004,
                                0.026255000000000001,
                                298612,
                                381672,
                                0.0,
                                0.002297,
                                1755714572.479521,
                                4705183852404
                            ]
                        },
                        {
                            "sub": [],
                            "stat": [
                                "doRadify_vir2vcsAll",
                                "entry",
                                0.22994208335876465,
                                0.074574000000000001,
                                0.026255000000000001,
                                298612,
                                381672,
                                0.0,
                                0.002297,
                                1755714572.4843121,
                                4705195797053
                            ]
                        },
                        {
                            "sub": [],
                            "stat": [
                                "doRadify_vir2vcsAll",
                                "exit",
                                0.23277497291564941,
                                0.075034000000000003,
                                0.028583999999999998,
                                300212,
                                381672,
                                0.0,
                                0.002297,
                                1755714572.4871449,
                                4705202901742
                            ]
                        }
                    ],
                    "stat": [
                        "doPostDesignResolutionToVir2Vcs",
                        "entry",
                        0.19530606269836426,
                        0.061154,
                        0.022932999999999999,
                        298132,
                        381672,
                        0.0,
                        0.0,
                        1755714572.449676,
                        4705109357606
                    ]
                },
                {
                    "sub": [],
                    "stat": [
                        "doPostDesignResolutionToVir2Vcs",
                        "exit",
                        0.23282003402709961,
                        0.075066999999999995,
                        0.028597000000000001,
                        300212,
                        381672,
                        0.0,
                        0.002297,
                        1755714572.48719,
                        4705202935924
                    ]
                },
                {
                    "sub": [
                        {
                            "sub": [],
                            "stat": [
                                "DoPass2",
                                "entry",
                                0.28307008743286133,
                                0.075843999999999995,
                                0.028892000000000001,
                                298656,
                                381672,
                                0.016094000000000001,
                                0.0072129999999999998,
                                1755714572.5374401,
                                4705328421443
                            ]
                        },
                        {
                            "sub": [],
                            "stat": [
                                "DoPass2",
                                "exit",
                                0.36195206642150879,
                                0.117787,
                                0.033126999999999997,
                                310540,
                                381672,
                                0.016094000000000001,
                                0.0072129999999999998,
                                1755714572.616322,
                                4705525320485
                            ]
                        }
                    ],
                    "stat": [
                        "doGAToPass2",
                        "entry",
                        0.23283195495605469,
                        0.075076000000000004,
                        0.0286,
                        300212,
                        381672,
                        0.0,
                        0.002297,
                        1755714572.4872019,
                        4705202963775
                    ]
                },
                {
                    "sub": [],
                    "stat": [
                        "doGAToPass2",
                        "exit",
                        0.36573100090026855,
                        0.121544,
                        0.033147999999999997,
                        310540,
                        381672,
                        0.016094000000000001,
                        0.0072129999999999998,
                        1755714572.620101,
                        4705534745570
                    ]
                }
            ],
            "stat": [
                "main",
                "entry",
                0.02774500846862793,
                0.043187000000000003,
                0.011778,
                203220,
                204476,
                0.0,
                0.0,
                1755714572.282115,
                4704691176446
            ]
        },
        {
            "sub": [],