{
    "ObjArchives": [
        {
            "size": 232146,
            "archive": "archive.0/_45559_archive_1.a",
            "objects": [
                [
                    "reYIK_d.o",
                    43000
                ],
                [
                    "iAVhC_d.o",
                    72014
                ],
                [
                    "amcQwB.o",
                    117132
                ]
            ]
        }
    ],
    "reusePaths": {},
    "Modules": {
        "...MASTER...": {
            "start_perf": [
                0.2348320484161377,
                0.089062000000000002,
                0.017826999999999999,
                298880,
                381520,
                1738980856.3015151,
                6498736478711
            ],
            "end_perf": [
                0.23704099655151367,
                0.089062000000000002,
                0.020035000000000001,
                303368,
                381520,
                6498742030301,
                0,
                0
            ],
            "child_modules": {
                "std": 1,
                "testbench": 1
            },
            "nQuads": 0,
            "nMops": 0,
            "nRouts": 5
        },
        "std": {
            "start_perf": [
                0.2371208667755127,
                0.089062000000000002,
                0.020104,
                303368,
                381520,
                1738980856.3038039,
                6498742190190
            ],
            "child_modules": {},
            "end_perf": [
                0.24483990669250488,
                0.096009999999999998,
                0.020871000000000001,
                305608,
                381520,
                6498761505919,
                8589934594,
                0
            ],
            "nMops": 528,
            "Compiled": "Yes",
            "Compiled Times": 1,
            "nQuads": 218,
            "svclass": [
                "$vcs_nba_dyn_obj",
                576,
                35,
                2,
                2,
                0,
                "sigprop$$",
                576,
                35,
                2,
                2,
                0,
                "process",
                2380,
                200,
                8,
                8,
                0,
                "event",
                597,
                34,
                2,
                2,
                0,
                "mailbox",
                1769,
                140,
                9,
                9,
                0,
                "semaphore",
                1119,
                84,
                5,
                5,
                0
            ],
            "nRouts": 33
        },
        "testbench": {
            "start_perf": [
                0.24489092826843262,
                0.096054,
                0.020881,
                305608,
                381520,
                1738980856.311574,
                6498761579396
            ],
            "child_modules": {},
            "end_perf": [
                0.28588104248046875,
                0.12911400000000001,
                0.024208,
                310008,
                381520,
                6498863962360,
                17179869185,
                0
            ],
            "nMops": 4445,
            "Compiled": "Yes",
            "Compiled Times": 1,
            "significant_routs": [
                [
                    126,
                    "R_VCSgd_iAVhC_7e",
                    8715858,
                    220,
                    33
                ]
            ],
            "nQuads": 1624,
            "nRouts": 180
        }
    },
    "CompUnits": {
        "amcQw_d": {
            "mod": "...MASTER...",
            "out": "objs/amcQw_d.o",
            "checksum": 0,
            "mode": 4,
            "bytes": 7832,
            "text": 434
        },
        "reYIK_d": {
            "mod": "std",
            "cls": 7017,
            "out": "reYIK_d.o",
            "archive": "archive.0/_45559_archive_1.a",
            "checksum": 0,
            "mode": 4,
            "bytes": 43000,
            "text": 7325
        },
        "iAVhC_d": {
            "mod": "testbench",
            "out": "iAVhC_d.o",
            "archive": "archive.0/_45559_archive_1.a",
            "checksum": 0,
            "mode": 4,
            "bytes": 72014,
            "text": 41129
        }
    },
    "stat": {
        "ru_self_end": {
            "ru_majflt": 0,
            "ru_utime_sec": 0.13029199999999999,
            "ru_stime_sec": 0.027498999999999999,
            "ru_maxrss_kb": 124196,
            "ru_minflt": 14219,
            "ru_nvcsw": 25,
            "ru_nivcsw": 87
        },
        "ru_childs_end": {
            "ru_majflt": 0,
            "ru_utime_sec": 0.021448999999999999,
            "ru_stime_sec": 0.0,
            "ru_maxrss_kb": 111596,
            "ru_minflt": 2712,
            "ru_nvcsw": 20,
            "ru_nivcsw": 20
        },
        "cpu_cycles_end": 6498875055770,
        "peak_mem_kb": 381520
    }
}