{
    "reusePaths": {},
    "Modules": {
        "...MASTER...": {
            "end_perf": [
                0.25021195411682129,
                0.064568,
                0.041466000000000003,
                303124,
                381672,
                15414196435821,
                0,
                0
            ],
            "start_perf": [
                0.24784207344055176,
                0.062198999999999997,
                0.041466000000000003,
                298588,
                381672,
                1740824832.075942,
                15414190482349
            ],
            "child_modules": {
                "std": 1,
                "tb": 1
            },
            "nQuads": 0,
            "nMops": 0,
            "nRouts": 5
        },
        "std": {
            "start_perf": [
                0.25842094421386719,
                0.064671999999999993,
                0.041466000000000003,
                303124,
                381672,
                1740824832.0865209,
                15414216964364
            ],
            "end_perf": [
                0.27695894241333008,
                0.075919,
                0.042176999999999999,
                305460,
                381672,
                15414263218246,
                8589934594,
                0
            ],
            "svclass": [
                "$vcs_nba_dyn_obj",
                576,
                35,
                2,
                2,
                0,
                "sigprop$$",
                576,
                35,
                2,
                2,
                0,
                "process",
                2380,
                200,
                8,
                8,
                0,
                "event",
                597,
                34,
                2,
                2,
                0,
                "mailbox",
                1769,
                140,
                9,
                9,
                0,
                "semaphore",
                1119,
                84,
                5,
                5,
                0
            ],
            "child_modules": {},
            "significant_routs": [
                [
                    2,
                    "T_VCSgd_reYIK_2_0",
                    3347713,
                    138,
                    12
                ],
                [
                    20,
                    "F_VCSgd_reYIK_20_0",
                    10617742,
                    407,
                    20
                ],
                [
                    29,
                    "M_VCSgd_reYIK",
                    5239896,
                    185,
                    0
                ]
            ],
            "Compiled": "Yes",
            "Compiled Times": 1,
            "nQuads": 218,
            "nMops": 528,
            "nRouts": 33
        },
        "tb": {
            "start_perf": [
                0.27702093124389648,
                0.07596,
                0.042200000000000001,
                305460,
                381672,
                1740824832.1051209,
                15414263310035
            ],
            "end_perf": [
                0.29502105712890625,
                0.085662000000000002,
                0.047114000000000003,
                307124,
                381672,
                15414308309760,
                17179869185,
                0
            ],
            "child_modules": {},
            "significant_routs": [
                [
                    3,
                    "R_VCSgd_g7hgQ_3",
                    4207773,
                    32,
                    1
                ],
                [
                    52,
                    "R_VCSgd_g7hgQ_34",
                    6072369,
                    893,
                    74
                ]
            ],
            "Compiled": "Yes",
            "Compiled Times": 1,
            "nQuads": 626,
            "nMops": 1313,
            "nRouts": 75
        }
    },
    "CompUnits": {
        "amcQw_d": {
            "mod": "...MASTER...",
            "text": 434,
            "out": "objs/amcQw_d.o",
            "mode": 4,
            "bytes": 7824,
            "checksum": 0
        },
        "reYIK_d": {
            "mod": "std",
            "text": 7325,
            "out": "reYIK_d.o",
            "mode": 4,
            "bytes": 43000,
            "checksum": 0,
            "cls": 7017,
            "archive": "archive.0/_97544_archive_1.a"
        },
        "g7hgQ_d": {
            "mod": "tb",
            "text": 14399,
            "out": "g7hgQ_d.o",
            "mode": 4,
            "bytes": 30612,
            "checksum": 0,
            "archive": "archive.0/_97544_archive_1.a"
        }
    },
    "stat": {
        "peak_mem_kb": 381672,
        "ru_self_end": {
            "ru_utime_sec": 0.090220999999999996,
            "ru_nivcsw": 82,
            "ru_stime_sec": 0.047660000000000001,
            "ru_majflt": 0,
            "ru_minflt": 13340,
            "ru_maxrss_kb": 120900,
            "ru_nvcsw": 28
        },
        "ru_childs_end": {
            "ru_utime_sec": 0.017468999999999998,
            "ru_nivcsw": 44,
            "ru_stime_sec": 0.0074920000000000004,
            "ru_majflt": 0,
            "ru_minflt": 2712,
            "ru_maxrss_kb": 111260,
            "ru_nvcsw": 22
        },
        "cpu_cycles_end": 15414321010608
    },
    "ObjArchives": [
        {
            "archive": "archive.0/_97544_archive_1.a",
            "objects": [
                [
                    "reYIK_d.o",
                    43000
                ],
                [
                    "g7hgQ_d.o",
                    30612
                ],
                [
                    "amcQwB.o",
                    116788
                ]
            ],
            "size": 190400
        }
    ]
}