{
    "Modules": {
        "...MASTER...": {
            "child_modules": {
                "std": 1,
                "tb": 1
            },
            "start_perf": [
                0.23046302795410156,
                0.068526000000000004,
                0.036277999999999998,
                310732,
                383832,
                1741142214.0337889,
                8424458561281
            ],
            "end_perf": [
                0.23280501365661621,
                0.068526000000000004,
                0.038599000000000001,
                311712,
                383832,
                8424464442270,
                0,
                0
            ],
            "nRouts": 5,
            "nQuads": 0,
            "nMops": 0
        },
        "std": {
            "Compiled Times": 1,
            "start_perf": [
                0.23286819458007812,
                0.068526000000000004,
                0.038663999999999997,
                311712,
                383832,
                1741142214.0361941,
                8424464560391
            ],
            "child_modules": {},
            "Compiled": "Yes",
            "end_perf": [
                0.24142718315124512,
                0.075129000000000001,
                0.039541,
                312680,
                383832,
                8424485979738,
                8589934594,
                0
            ],
            "svclass": [
                "$vcs_nba_dyn_obj",
                576,
                35,
                2,
                2,
                0,
                "sigprop$$",
                576,
                35,
                2,
                2,
                0,
                "process",
                2380,
                200,
                8,
                8,
                0,
                "event",
                597,
                34,
                2,
                2,
                0,
                "mailbox",
                1769,
                140,
                9,
                9,
                0,
                "semaphore",
                1119,
                84,
                5,
                5,
                0
            ],
            "nRouts": 33,
            "nQuads": 218,
            "nMops": 528
        },
        "tb": {
            "Compiled Times": 1,
            "start_perf": [
                0.24148201942443848,
                0.075164999999999996,
                0.039559999999999998,
                312680,
                383832,
                1741142214.0448079,
                8424486059434
            ],
            "child_modules": {},
            "Compiled": "Yes",
            "significant_routs": [
                [
                    2,
                    "R_VCSgd_g7hgQ_2",
                    2613002,
                    1875,
                    247
                ],
                [
                    100,
                    "R_VCSgd_g7hgQ_64",
                    2872187,
                    3104,
                    410
                ]
            ],
            "end_perf": [
                0.27794718742370605,
                0.105839,
                0.039559999999999998,
                312680,
                383832,
                8424577129000,
                21474836481,
                0
            ],
            "nRouts": 141,
            "nQuads": 1395,
            "nMops": 3499
        }
    },
    "CompUnits": {
        "amcQw_d": {
            "text": 434,
            "mod": "...MASTER...",
            "checksum": 0,
            "bytes": 7824,
            "out": "objs/amcQw_d.o",
            "mode": 4
        },
        "g7hgQ_d": {
            "archive": "archive.0/_91862_archive_1.a",
            "text": 31642,
            "mod": "tb",
            "checksum": 0,
            "bytes": 68226,
            "out": "g7hgQ_d.o",
            "mode": 4
        },
        "reYIK_d": {
            "archive": "archive.0/_91862_archive_1.a",
            "text": 7325,
            "mod": "std",
            "checksum": 0,
            "bytes": 43000,
            "out": "reYIK_d.o",
            "cls": 7017,
            "mode": 4
        }
    },
    "stat": {
        "ru_self_end": {
            "ru_majflt": 0,
            "ru_utime_sec": 0.11099199999999999,
            "ru_stime_sec": 0.039559999999999998,
            "ru_nvcsw": 29,
            "ru_minflt": 14307,
            "ru_maxrss_kb": 128340,
            "ru_nivcsw": 165
        },
        "peak_mem_kb": 383832,
        "cpu_cycles_end": 8424598614894,
        "ru_childs_end": {
            "ru_majflt": 0,
            "ru_utime_sec": 0.014246,
            "ru_stime_sec": 0.0050029999999999996,
            "ru_nvcsw": 22,
            "ru_minflt": 2709,
            "ru_maxrss_kb": 115840,
            "ru_nivcsw": 20
        }
    },
    "reusePaths": {},
    "ObjArchives": [
        {
            "archive": "archive.0/_91862_archive_1.a",
            "objects": [
                [
                    "reYIK_d.o",
                    43000
                ],
                [
                    "g7hgQ_d.o",
                    68226
                ],
                [
                    "amcQwB.o",
                    119572
                ]
            ],
            "size": 230798
        }
    ]
}