{
    "CompUnits": {
        "iAVhC_d": {
            "mod": "testbench",
            "checksum": 0,
            "out": "iAVhC_d.o",
            "bytes": 70442,
            "text": 39785,
            "mode": 4,
            "archive": "archive.0/_47837_archive_1.a"
        },
        "reYIK_d": {
            "mod": "std",
            "checksum": 0,
            "out": "reYIK_d.o",
            "bytes": 43000,
            "text": 7325,
            "archive": "archive.0/_47837_archive_1.a",
            "cls": 7017,
            "mode": 4
        },
        "amcQw_d": {
            "mod": "...MASTER...",
            "checksum": 0,
            "out": "objs/amcQw_d.o",
            "bytes": 7832,
            "text": 434,
            "mode": 4
        }
    },
    "Modules": {
        "...MASTER...": {
            "start_perf": [
                0.19010400772094727,
                0.067968000000000001,
                0.031737000000000001,
                298880,
                384084,
                1738980857.218029,
                6501024106505
            ],
            "child_modules": {
                "testbench": 1,
                "std": 1
            },
            "nQuads": 0,
            "end_perf": [
                0.19211506843566895,
                0.069977999999999999,
                0.031737000000000001,
                303364,
                384084,
                6501029146496,
                0,
                0
            ],
            "nMops": 0,
            "nRouts": 5
        },
        "testbench": {
            "start_perf": [
                0.19889497756958008,
                0.076758999999999994,
                0.031737000000000001,
                305608,
                384084,
                1738980857.22682,
                6501046040633
            ],
            "Compiled": "Yes",
            "child_modules": {},
            "Compiled Times": 1,
            "significant_routs": [
                [
                    103,
                    "R_VCSgd_iAVhC_67",
                    3449119,
                    362,
                    26
                ],
                [
                    171,
                    "R_VCSgd_iAVhC_ab",
                    2219516,
                    1279,
                    163
                ]
            ],
            "end_perf": [
                0.2345740795135498,
                0.106736,
                0.035577999999999999,
                309744,
                384084,
                6501135170685,
                17179869185,
                0
            ],
            "nQuads": 1597,
            "nMops": 4259,
            "nRouts": 177
        },
        "std": {
            "start_perf": [
                0.19216203689575195,
                0.070026000000000005,
                0.031737000000000001,
                303364,
                384084,
                1738980857.2200871,
                6501029238536
            ],
            "Compiled": "Yes",
            "svclass": [
                "$vcs_nba_dyn_obj",
                576,
                35,
                2,
                2,
                0,
                "sigprop$$",
                576,
                35,
                2,
                2,
                0,
                "process",
                2380,
                200,
                8,
                8,
                0,
                "event",
                597,
                34,
                2,
                2,
                0,
                "mailbox",
                1769,
                140,
                9,
                9,
                0,
                "semaphore",
                1119,
                84,
                5,
                5,
                0
            ],
            "child_modules": {},
            "Compiled Times": 1,
            "end_perf": [
                0.19884705543518066,
                0.076708999999999999,
                0.031737000000000001,
                305608,
                384084,
                6501045972970,
                8589934594,
                0
            ],
            "nQuads": 218,
            "nMops": 528,
            "nRouts": 33
        }
    },
    "stat": {
        "ru_self_end": {
            "ru_majflt": 0,
            "ru_minflt": 14224,
            "ru_utime_sec": 0.110681,
            "ru_nvcsw": 30,
            "ru_stime_sec": 0.035930999999999998,
            "ru_maxrss_kb": 124396,
            "ru_nivcsw": 89
        },
        "ru_childs_end": {
            "ru_majflt": 0,
            "ru_minflt": 2711,
            "ru_utime_sec": 0.013846000000000001,
            "ru_nvcsw": 18,
            "ru_stime_sec": 0.003862,
            "ru_maxrss_kb": 111620,
            "ru_nivcsw": 29
        },
        "cpu_cycles_end": 6501145806251,
        "peak_mem_kb": 384084
    },
    "reusePaths": {},
    "ObjArchives": [
        {
            "objects": [
                [
                    "reYIK_d.o",
                    43000
                ],
                [
                    "iAVhC_d.o",
                    70442
                ],
                [
                    "amcQwB.o",
                    117132
                ]
            ],
            "archive": "archive.0/_47837_archive_1.a",
            "size": 230574
        }
    ]
}