{
    "cycles_program_begin": 5388350349471,
    "MlibObjs": {},
    "stat": {
        "nMops": 4419,
        "ru_self_cgstart": {
            "ru_maxrss_kb": 114664,
            "ru_utime_sec": 0.078323000000000004,
            "ru_majflt": 0,
            "ru_stime_sec": 0.025044,
            "ru_minflt": 11953,
            "ru_nvcsw": 25,
            "ru_nivcsw": 96
        },
        "cpu_cycles_total": 654301358,
        "mop/quad": 2.6684782608695654,
        "ru_childs_cgstart": {
            "ru_maxrss_kb": 114664,
            "ru_utime_sec": 0.030734000000000001,
            "ru_majflt": 1,
            "ru_stime_sec": 0.0018029999999999999,
            "ru_minflt": 4114,
            "ru_nvcsw": 20,
            "ru_nivcsw": 17
        },
        "totalObjSize": 241232,
        "cpu_cycles_cgstart": 5388851002783,
        "nQuads": 1656,
        "ru_self_end": {
            "ru_maxrss_kb": 127132,
            "ru_utime_sec": 0.128252,
            "ru_majflt": 0,
            "ru_stime_sec": 0.027370999999999999,
            "ru_minflt": 14307,
            "ru_nvcsw": 25,
            "ru_nivcsw": 128
        },
        "ru_childs_end": {
            "ru_maxrss_kb": 114664,
            "ru_utime_sec": 0.030734000000000001,
            "ru_majflt": 1,
            "ru_stime_sec": 0.0018029999999999999,
            "ru_minflt": 4114,
            "ru_nvcsw": 20,
            "ru_nivcsw": 17
        },
        "quadSpeed": 33167.097278134941,
        "cpu_cycles_end": 5389004650829,
        "mopSpeed": 88505.678062849212,
        "outputSizePerQuad": 145.67149758454107,
        "Frontend(%)": 68.59534801806447,
        "CodeGen(%)": 31.404651981935523,
        "peak_mem_kb": 385108,
        "realTime": 0.27911186218261719
    },
    "perf": [
        {
            "sub": [
                {
                    "sub": [],
                    "stat": [
                        "doParsingAndDesignResolution",
                        "entry",
                        0.13210201263427734,
                        0.043369999999999999,
                        0.017347999999999999,
                        212912,
                        213712,
                        0.0,
                        0.0,
                        1772236727.7090001,
                        5388637847099
                    ]
                },
                {
                    "sub": [],
                    "stat": [
                        "doParsingAndDesignResolution",
                        "exit",
                        0.15032196044921875,
                        0.055162999999999997,
                        0.021895999999999999,
                        317044,
                        385108,
                        0.0,
                        0.0,
                        1772236727.7272201,
                        5388683341284
                    ]
                },
                {
                    "sub": [
                        {
                            "sub": [],
                            "stat": [
                                "doUptoVir2VcsNoSepCleanup",
                                "entry",
                                0.15867090225219727,
                                0.058965999999999998,
                                0.025044,
                                298408,
                                385108,
                                0.0,
                                0.0,
                                1772236727.735569,
                                5388704173623
                            ]
                        },
                        {
                            "sub": [],
                            "stat": [
                                "doUptoVir2VcsNoSepCleanup",
                                "exit",
                                0.17650580406188965,
                                0.074347999999999997,
                                0.025044,
                                312284,
                                385108,
                                0.0,
                                0.0018029999999999999,
                                1772236727.7534039,
                                5388748671478
                            ]
                        },
                        {
                            "sub": [],
                            "stat": [
                                "doRadify_vir2vcsAll",
                                "entry",
                                0.17655682563781738,
                                0.074399999999999994,
                                0.025044,
                                312284,
                                385108,
                                0.0,
                                0.0018029999999999999,
                                1772236727.7534549,
                                5388748747861
                            ]
                        },
                        {
                            "sub": [],
                            "stat": [
                                "doRadify_vir2vcsAll",
                                "exit",
                                0.17937588691711426,
                                0.077201000000000006,
                                0.025044,
                                312284,
                                385108,
                                0.0,
                                0.0018029999999999999,
                                1772236727.756274,
                                5388755840549
                            ]
                        }
                    ],
                    "stat": [
                        "doPostDesignResolutionToVir2Vcs",
                        "entry",
                        0.15450692176818848,
                        0.056236000000000001,
                        0.024101000000000001,
                        298184,
                        385108,
                        0.0,
                        0.0,
                        1772236727.731405,
                        5388693770068
                    ]
                },
                {
                    "sub": [],
                    "stat": [
                        "doPostDesignResolutionToVir2Vcs",
                        "exit",
                        0.179412841796875,
                        0.077239000000000002,
                        0.025044,
                        312284,
                        385108,
                        0.0,
                        0.0018029999999999999,
                        1772236727.7563109,
                        5388755873222
                    ]
                },
                {
                    "sub": [
                        {
                            "sub": [],
                            "stat": [
                                "DoPass2",
                                "entry",
                                0.21746993064880371,
                                0.078259999999999996,
                                0.025044,
                                310728,
                                385108,
                                0.030734000000000001,
                                0.0018029999999999999,
                                1772236727.794368,
                                5388850938571
                            ]
                        },
                        {
                            "sub": [],