{
    "cpu_cycles_pass2_start": 183763365561040,
    "cycles_program_begin": 183762117847724,
    "CompileStrategy": "fullobj",
    "perf": [
        {
            "stat": [
                "main",
                "entry",
                0.046708106994628906,
                0.034244999999999998,
                0.034244999999999998,
                203220,
                204476,
                0.0,
                0.0,
                1751944808.8119321,
                183762119345381
            ],
            "sub": [
                {
                    "stat": [
                        "doParsingAndDesignResolution",
                        "entry",
                        0.17977690696716309,
                        0.041689999999999998,
                        0.038216,
                        212908,
                        213708,
                        0.0,
                        0.0,
                        1751944808.9450009,
                        183762451462138
                    ],
                    "sub": []
                },
                {
                    "stat": [
                        "doParsingAndDesignResolution",
                        "exit",
                        0.28849911689758301,
                        0.100045,
                        0.059285999999999998,
                        318744,
                        385704,
                        0.0,
                        0.0,
                        1751944809.0537231,
                        183762722824662
                    ],
                    "sub": []
                },
                {
                    "stat": [
                        "doPostDesignResolutionToVir2Vcs",
                        "entry",
                        0.29248499870300293,
                        0.103536,
                        0.059762999999999997,
                        298860,
                        385704,
                        0.0,
                        0.0,
                        1751944809.057709,
                        183762732786304
                    ],
                    "sub": [
                        {
                            "stat": [
                                "doUptoVir2VcsNoSepCleanup",
                                "entry",
                                0.31600594520568848,
                                0.121447,
                                0.060722999999999999,
                                299052,
                                385704,
                                0.0,
                                0.0,
                                1751944809.0812299,
                                183762791494927
                            ],
                            "sub": []
                        },
                        {
                            "stat": [
                                "doUptoVir2VcsNoSepCleanup",
                                "exit",
                                0.47665905952453613,
                                0.22389000000000001,
                                0.064509999999999998,
                                314720,
                                385704,
                                0.0021480000000000002,
                                0.0,
                                1751944809.241883,
                                183763192471457
                            ],
                            "sub": []
                        },
                        {
                            "stat": [
                                "doRadify_vir2vcsAll",
                                "entry",
                                0.4767301082611084,
                                0.22394600000000001,
                                0.064526,
                                314720,
                                385704,
                                0.034952999999999998,
                                0.013785,
                                1751944809.2419541,
                                183763192589588
                            ],
                            "sub": []
                        },
                        {
                            "stat": [
                                "doRadify_vir2vcsAll",
                                "exit",
                                0.48738312721252441,
                                0.233624,
                                0.065107999999999999,
                                314720,
                                385704,
                                0.034952999999999998,
                                0.013785,
                                1751944809.2526071,
                                183763219229012
                            ],
                            "sub": []
                        }
                    ]
                },
                {
                    "stat": [
                        "doPostDesignResolutionToVir2Vcs",
                        "exit",
                        0.48742008209228516,
                        0.233654,
                        0.065115999999999993,
                        314720,
                        385704,
                        0.034952999999999998,
                        0.013785,
                        1751944809.2526441,
                        183763219271995
                    ],
                    "sub": []
                },
                {
                    "stat": [
                        "doGAToPass2",
                        "entry",
                        0.48743391036987305,
                        0.23366600000000001,
                        0.065119999999999997,
                        314720,
                        385704,
                        0.034952999999999998,
                        0.013785,
                        1751944809.2526579,
                        183763219302697
                    ],
                    "sub": [
                        {
                            "stat": [
                                "DoPass2",
                                "entry",
                                0.54600405693054199,
                                0.235093,
                                0.065517000000000006,
                                313164,
                                385704,
                                0.053339999999999999,
                                0.017298000000000001,
                                1751944809.311228,
                                183763365549762
                            ],
                            "sub": []
                        },
                        {
                            "stat": [
                                "DoPass2",
                                "exit",
                                0.91602110862731934,
                                0.528277,
                                0.083612000000000006,
                                317796,
                                385704,
                                0.053339999999999999,
                                0.017298000000000001,
                                1751944809.6812451,
                                183764289057237
                            ],
                            "sub": []
                        }
                    ]
                },
                {
                    "stat": [
                        "doGAToPass2",
                        "exit",
                        0.91917610168457031,
                        0.53139599999999998,
                        0.083612000000000006,
                        317796,
                        385704,
                        0.053339999999999999,
                        0.017298000000000001,
                        1751944809.6844001,
                        183764296946641
                    ],