{
    "cycles_program_begin": 14895484399963,
    "MlibObjs": {},
    "LVLData": [
        "SIM"
    ],
    "stat": {
        "ru_childs_end": {
            "ru_nvcsw": 20,
            "ru_maxrss_kb": 114000,
            "ru_utime_sec": 0.017967,
            "ru_stime_sec": 0.003947,
            "ru_minflt": 2707,
            "ru_majflt": 0,
            "ru_nivcsw": 41
        },
        "cpu_cycles_end": 14896183542076,
        "CodeGen(%)": 20.794255422837079,
        "ru_self_cgstart": {
            "ru_nvcsw": 8,
            "ru_maxrss_kb": 114000,
            "ru_utime_sec": 0.061671999999999998,
            "ru_stime_sec": 0.032975999999999998,
            "ru_minflt": 11576,
            "ru_majflt": 0,
            "ru_nivcsw": 116
        },
        "cpu_cycles_total": 699142113,
        "ru_childs_cgstart": {
            "ru_nvcsw": 20,
            "ru_maxrss_kb": 114000,
            "ru_utime_sec": 0.017967,
            "ru_stime_sec": 0.003947,
            "ru_minflt": 2707,
            "ru_majflt": 0,
            "ru_nivcsw": 41
        },
        "outputSizePerQuad": 210.99790356394129,
        "cpu_cycles_cgstart": 14896084789175,
        "ru_self_end": {
            "ru_nvcsw": 9,
            "ru_maxrss_kb": 125392,
            "ru_utime_sec": 0.082580000000000001,
            "ru_stime_sec": 0.047301999999999997,
            "ru_minflt": 13703,
            "ru_majflt": 0,
            "ru_nivcsw": 136
        },
        "nMops": 2398,
        "totalObjSize": 201292,
        "nQuads": 954,
        "mopSpeed": 114692.94050124356,
        "quadSpeed": 45628.467572221169,
        "mop/quad": 2.5136268343815513,
        "Frontend(%)": 79.205744577162918,
        "peak_mem_kb": 381672,
        "realTime": 0.29674291610717773
    },
    "perf": [
        {
            "stat": [
                "main",
                "entry",
                0.016656875610351562,
                0.040481999999999997,
                0.0080960000000000008,
                203220,
                204476,
                0.0,
                0.0,
                1751685809.8365769,
                14895484609759
            ],
            "sub": [
                {
                    "stat": [
                        "doParsingAndDesignResolution",
                        "entry",
                        0.13241291046142578,
                        0.048050000000000002,
                        0.012012,
                        212908,
                        213708,
                        0.0,
                        0.0,
                        1751685809.952333,
                        14895773512822
                    ],
                    "sub": []
                },
                {
                    "stat": [
                        "doParsingAndDesignResolution",
                        "exit",
                        0.14476585388183594,
                        0.050694000000000003,
                        0.018234,
                        250600,
                        253808,
                        0.0,
                        0.0,
                        1751685809.9646859,
                        14895804362396
                    ],
                    "sub": []
                },
                {
                    "stat": [
                        "doPostDesignResolutionToVir2Vcs",
                        "entry",
                        0.15453886985778809,
                        0.051811999999999997,
                        0.023913,
                        298132,
                        381672,
                        0.0,
                        0.0,
                        1751685809.9744589,
                        14895828738048
                    ],
                    "sub": [
                        {
                            "stat": [
                                "doUptoVir2VcsNoSepCleanup",
                                "entry",
                                0.15723586082458496,
                                0.051811999999999997,
                                0.026575999999999999,
                                298324,
                                381672,
                                0.0,
                                0.0,
                                1751685809.9771559,
                                14895835451521
                            ],
                            "sub": []
                        },
                        {
                            "stat": [
                                "doUptoVir2VcsNoSepCleanup",
                                "exit",
                                0.19942402839660645,
                                0.057671,
                                0.032953999999999997,
                                311640,
                                381672,
                                0.0022699999999999999,
                                0.0,
                                1751685810.0193441,
                                14895940773407
                            ],
                            "sub": []
                        },
                        {
                            "stat": [
                                "doRadify_vir2vcsAll",
                                "entry",
                                0.19948196411132812,
                                0.057708000000000002,
                                0.032975999999999998,
                                311640,
                                381672,
                                0.0022699999999999999,
                                0.0,
                                1751685810.019402,
                                14895940855807
                            ],
                            "sub": []
                        },
                        {
                            "stat": [
                                "doRadify_vir2vcsAll",
                                "exit",
                                0.20217084884643555,
                                0.060394999999999997,
                                0.032975999999999998,
                                311640,
                                381672,
                                0.0022699999999999999,
                                0.0,
                                1751685810.0220909,
                                14895947641553
                            ],
                            "sub": []
                        }
                    ]
                },
                {
                    "stat": [
                        "doPostDesignResolutionToVir2Vcs",
                        "exit",
                        0.20221590995788574,
                        0.060442000000000003,
                        0.032975999999999998,
                        311640,
                        381672,
                        0.0022699999999999999,
                        0.0,
                        1751685810.022136,
                        14895947677978
                    ],
                    "sub": []
                },
                {
                    "stat": [
                        "doGAToPass2",
                        "entry",
                        0.20222902297973633,
                        0.060455000000000002,
                        0.032975999999999998,
                        311640,
                        381672,
                        0.0022699999999999999,
                        0.0,
                        1751685810.0221491,
                        14895947705265
                    ],