{
    "Modules": {
        "...MASTER...": {
            "start_perf": [
                0.16369009017944336,
                0.063278000000000001,
                0.0042180000000000004,
                298792,
                381264,
                1735203670.230195,
                32155807288228
            ],
            "child_modules": {
                "tb_multi_pipe": 1,
                "std": 1
            },
            "end_perf": [
                0.16520905494689941,
                0.064700999999999995,
                0.004313,
                303212,
                381264,
                32155811096700,
                0,
                0
            ],
            "nQuads": 0,
            "nMops": 0,
            "nRouts": 5
        },
        "std": {
            "start_perf": [
                0.1652519702911377,
                0.064741999999999994,
                0.0043160000000000004,
                303212,
                381264,
                1735203670.2317569,
                32155811180395
            ],
            "child_modules": {},
            "nRouts": 33,
            "Compiled": "Yes",
            "Compiled Times": 1,
            "end_perf": [
                0.16980504989624023,
                0.064936999999999995,
                0.0086580000000000008,
                305484,
                381264,
                32155822578013,
                8589934594,
                0
            ],
            "svclass": [
                "$vcs_nba_dyn_obj",
                576,
                35,
                2,
                2,
                0,
                "sigprop$$",
                576,
                35,
                2,
                2,
                0,
                "process",
                2380,
                200,
                8,
                8,
                0,
                "event",
                597,
                34,
                2,
                2,
                0,
                "mailbox",
                1769,
                140,
                9,
                9,
                0,
                "semaphore",
                1119,
                84,
                5,
                5,
                0
            ],
            "nMops": 528,
            "nQuads": 218
        },
        "tb_multi_pipe": {
            "start_perf": [
                0.16983509063720703,
                0.064963000000000007,
                0.0086610000000000003,
                305484,
                381264,
                1735203670.23634,
                32155822618636
            ],
            "significant_routs": [
                [
                    102,
                    "R_VCSgd_t2BSw_66",
                    2212041,
                    4480,
                    555
                ]
            ],
            "child_modules": {},
            "nRouts": 108,
            "Compiled": "Yes",
            "Compiled Times": 1,
            "end_perf": [
                0.18538594245910645,
                0.080452999999999997,
                0.0086610000000000003,
                308868,
                381264,
                32155861485421,
                17179869185,
                0
            ],
            "nQuads": 1042,
            "nMops": 3225
        }
    },
    "stat": {
        "ru_self_end": {
            "ru_majflt": 0,
            "ru_utime_sec": 0.083554000000000003,
            "ru_stime_sec": 0.0086610000000000003,
            "ru_maxrss_kb": 123132,
            "ru_minflt": 13719,
            "ru_nvcsw": 41,
            "ru_nivcsw": 3
        },
        "ru_childs_end": {
            "ru_majflt": 0,
            "ru_utime_sec": 0.004496,
            "ru_stime_sec": 0.010484,
            "ru_maxrss_kb": 111836,
            "ru_minflt": 2711,
            "ru_nvcsw": 18,
            "ru_nivcsw": 1
        },
        "cpu_cycles_end": 32155869408336,
        "peak_mem_kb": 381264
    },
    "CompUnits": {
        "amcQw_d": {
            "text": 434,
            "mod": "...MASTER...",
            "mode": 4,
            "out": "objs/amcQw_d.o",
            "bytes": 7832,
            "checksum": 0
        },
        "reYIK_d": {
            "text": 7325,
            "mod": "std",
            "mode": 4,
            "cls": 7017,
            "out": "reYIK_d.o",
            "bytes": 43000,
            "checksum": 0,
            "archive": "archive.0/_77607_archive_1.a"
        },
        "t2BSw_d": {
            "text": 27487,
            "mod": "tb_multi_pipe",
            "mode": 4,
            "out": "t2BSw_d.o",
            "bytes": 46322,
            "checksum": 0,
            "archive": "archive.0/_77607_archive_1.a"
        }
    },
    "reusePaths": {},
    "ObjArchives": [
        {
            "archive": "archive.0/_77607_archive_1.a",
            "size": 206918,
            "objects": [
                [
                    "reYIK_d.o",
                    43000
                ],
                [
                    "t2BSw_d.o",
                    46322
                ],
                [
                    "amcQwB.o",
                    117596
                ]
            ]
        }
    ]
}