{
    "cycles_program_begin": 8424325636344,
    "incremental": "on",
    "CurCompileUdps": {},
    "stat": {
        "realTime": 0.24626302719116211,
        "cpu_cycles_cgstart": 8424774573628,
        "ru_self_cgstart": {
            "ru_nivcsw": 158,
            "ru_utime_sec": 0.079149999999999998,
            "ru_nvcsw": 31,
            "ru_majflt": 0,
            "ru_stime_sec": 0.019628,
            "ru_maxrss_kb": 111592,
            "ru_minflt": 11761
        },
        "ru_childs_cgstart": {
            "ru_nivcsw": 16,
            "ru_utime_sec": 0.016500999999999998,
            "ru_nvcsw": 18,
            "ru_majflt": 0,
            "ru_stime_sec": 0.0041229999999999999,
            "ru_maxrss_kb": 111592,
            "ru_minflt": 2713
        },
        "mopSpeed": 82790.697674418625,
        "ru_self_end": {
            "ru_nivcsw": 185,
            "ru_utime_sec": 0.118925,
            "ru_nvcsw": 31,
            "ru_majflt": 0,
            "ru_stime_sec": 0.022023000000000001,
            "ru_maxrss_kb": 123072,
            "ru_minflt": 13935
        },
        "totalObjSize": 223010,
        "nMops": 3293,
        "cpu_cycles_end": 8424885982161,
        "nQuads": 1514,
        "outputSizePerQuad": 147.2985468956407,
        "ru_childs_end": {
            "ru_nivcsw": 16,
            "ru_utime_sec": 0.016500999999999998,
            "ru_nvcsw": 18,
            "ru_majflt": 0,
            "ru_stime_sec": 0.0041229999999999999,
            "ru_maxrss_kb": 111592,
            "ru_minflt": 2713
        },
        "cpu_cycles_total": 560345817,
        "quadSpeed": 38064.110622250169,
        "mop/quad": 2.1750330250990753,
        "CodeGen(%)": 29.370283402005519,
        "Frontend(%)": 70.629716597994474,
        "peak_mem_kb": 383844
    },
    "perf": [
        {
            "stat": [
                "main",
                "entry",
                0.02178502082824707,
                0.038446000000000001,
                0.010508999999999999,
                203220,
                204476,
                0.0,
                0.0,
                1737426579.9494481,
                8424325832470
            ],
            "sub": [
                {
                    "stat": [
                        "doParsingAndDesignResolution",
                        "entry",
                        0.13559794425964355,
                        0.044563999999999999,
                        0.014853999999999999,
                        212908,
                        213708,
                        0.0,
                        0.0,
                        1737426580.063261,
                        8424609882072
                    ],
                    "sub": []
                },
                {
                    "stat": [
                        "doParsingAndDesignResolution",
                        "exit",
                        0.14929580688476562,
                        0.051418999999999999,
                        0.019628,
                        316212,
                        383844,
                        0.0,
                        0.0,
                        1737426580.0769589,
                        8424644087241
                    ],
                    "sub": []
                },
                {
                    "stat": [
                        "doPostDesignResolutionToVir2Vcs",
                        "entry",
                        0.15592598915100098,
                        0.058005000000000001,
                        0.019628,
                        298168,
                        383844,
                        0.0,
                        0.0,
                        1737426580.0835891,
                        8424660641183
                    ],
                    "sub": [
                        {
                            "stat": [
                                "doUptoVir2VcsNoSepCleanup",
                                "entry",
                                0.15910792350769043,
                                0.061187999999999999,
                                0.019628,
                                298392,
                                383844,
                                0.0,
                                0.0,
                                1737426580.086771,
                                8424668563716
                            ],
                            "sub": []
                        },
                        {
                            "stat": [
                                "doUptoVir2VcsNoSepCleanup",
                                "exit",
                                0.17614889144897461,
                                0.075146000000000004,
                                0.019628,
                                298648,
                                383844,
                                0.00198,
                                0.0,
                                1737426580.103812,
                                8424711116923
                            ],
                            "sub": []
                        },
                        {
                            "stat": [
                                "doRadify_vir2vcsAll",
                                "entry",
                                0.17620587348937988,
                                0.075203999999999993,
                                0.019628,
                                298648,
                                383844,
                                0.00198,
                                0.0,
                                1737426580.103869,
                                8424711196030
                            ],
                            "sub": []
                        },
                        {
                            "stat": [
                                "doRadify_vir2vcsAll",
                                "exit",
                                0.17908287048339844,
                                0.078079999999999997,
                                0.019628,
                                300440,
                                383844,
                                0.00198,
                                0.0,
                                1737426580.106746,
                                8424718430331
                            ],
                            "sub": []
                        }
                    ]
                },
                {
                    "stat": [
                        "doPostDesignResolutionToVir2Vcs",
                        "exit",
                        0.17912101745605469,
                        0.078118999999999994,
                        0.019628,
                        300440,
                        383844,
                        0.00198,
                        0.0,
                        1737426580.1067841,
                        8424718467036
                    ],
                    "sub": []
                },
                {
                    "stat": [
                        "doGAToPass2",
                        "entry",
                        0.17913389205932617,
                        0.078131999999999993,
                        0.019628,
                        300440,
                        383844,
                        0.00198,
                        0.0,
                        1737426580.106797,
                        8424718493832
                    ],