{
    "Modules": {
        "...MASTER...": {
            "nQuads": 0,
            "start_perf": [
                0.23188591003417969,
                0.049526000000000001,
                0.039208,
                298864,
                381592,
                1737358703.170563,
                644067994965
            ],
            "child_modules": {
                "std": 1,
                "testbench": 1
            },
            "end_perf": [
                0.2339630126953125,
                0.049526000000000001,
                0.041269,
                303344,
                381592,
                644073197640,
                0,
                0
            ],
            "nRouts": 5,
            "nMops": 0
        },
        "std": {
            "nQuads": 218,
            "start_perf": [
                0.23401188850402832,
                0.049526000000000001,
                0.041319000000000002,
                303344,
                381592,
                1737358703.172689,
                644073295971
            ],
            "child_modules": {},
            "Compiled Times": 1,
            "svclass": [
                "$vcs_nba_dyn_obj",
                576,
                35,
                2,
                2,
                0,
                "sigprop$$",
                576,
                35,
                2,
                2,
                0,
                "process",
                2380,
                200,
                8,
                8,
                0,
                "event",
                597,
                34,
                2,
                2,
                0,
                "mailbox",
                1769,
                140,
                9,
                9,
                0,
                "semaphore",
                1119,
                84,
                5,
                5,
                0
            ],
            "nRouts": 33,
            "nMops": 528,
            "Compiled": "Yes",
            "significant_routs": [
                [
                    25,
                    "F_VCSgd_reYIK_25_0",
                    5837219,
                    169,
                    15
                ]
            ],
            "end_perf": [
                0.24514484405517578,
                0.056807999999999997,
                0.041659000000000002,
                305600,
                381592,
                644101114073,
                8589934594,
                0
            ]
        },
        "testbench": {
            "nQuads": 936,
            "start_perf": [
                0.24518990516662598,
                0.056834999999999997,
                0.041679000000000001,
                305600,
                381592,
                1737358703.183867,
                644101184915
            ],
            "child_modules": {},
            "nRouts": 107,
            "nMops": 2429,
            "Compiled Times": 1,
            "Compiled": "Yes",
            "end_perf": [
                0.26626682281494141,
                0.072857000000000005,
                0.046015,
                308960,
                381592,
                644153826333,
                17179869185,
                0
            ]
        }
    },
    "CompUnits": {
        "amcQw_d": {
            "mod": "...MASTER...",
            "out": "objs/amcQw_d.o",
            "bytes": 7832,
            "text": 434,
            "mode": 4,
            "checksum": 0
        },
        "reYIK_d": {
            "archive": "archive.0/_14801_archive_1.a",
            "mod": "std",
            "out": "reYIK_d.o",
            "bytes": 43000,
            "cls": 7017,
            "text": 7325,
            "mode": 4,
            "checksum": 0
        },
        "iAVhC_d": {
            "archive": "archive.0/_14801_archive_1.a",
            "mod": "testbench",
            "out": "iAVhC_d.o",
            "bytes": 46636,
            "text": 23219,
            "mode": 4,
            "checksum": 0
        }
    },
    "ObjArchives": [
        {
            "size": 206762,
            "archive": "archive.0/_14801_archive_1.a",
            "objects": [
                [
                    "reYIK_d.o",
                    43000
                ],
                [
                    "iAVhC_d.o",
                    46636
                ],
                [
                    "amcQwB.o",
                    117126
                ]
            ]
        }
    ],
    "reusePaths": {},
    "stat": {
        "ru_childs_end": {
            "ru_majflt": 0,
            "ru_utime_sec": 0.017808000000000001,
            "ru_maxrss_kb": 111620,
            "ru_stime_sec": 0.001688,
            "ru_minflt": 2711,
            "ru_nvcsw": 19,
            "ru_nivcsw": 20
        },
        "ru_self_end": {
            "ru_majflt": 0,
            "ru_utime_sec": 0.075593999999999995,
            "ru_maxrss_kb": 123056,
            "ru_stime_sec": 0.046355,
            "ru_minflt": 13889,
            "ru_nvcsw": 13,
            "ru_nivcsw": 77
        },
        "cpu_cycles_end": 644161443506,
        "peak_mem_kb": 381592
    }
}