{
    "PrevCompiledModules": {},
    "SIMBData": {
        "out": "amcQwB.o",
        "text": 0,
        "bytes": 116956,
        "archive": "archive.0/_133058_archive_1.a"
    },
    "cycles_program_begin": 7920973314242,
    "NameTable": {
        "std": [
            "std",
            "reYIK",
            "module",
            1
        ],
        "...MASTER...": [
            "SIM",
            "amcQw",
            "module",
            3
        ],
        "testbench": [
            "testbench",
            "iAVhC",
            "module",
            2
        ]
    },
    "rlimit": {
        "data": -1,
        "stack": -1
    },
    "perf": [
        {
            "stat": [
                "main",
                "entry",
                0.038816213607788086,
                0.039411000000000002,
                0.0087580000000000002,
                203220,
                204476,
                0.0,
                0.0,
                1755715860.8768711,
                7920973527078
            ],
            "sub": [
                {
                    "stat": [
                        "doParsingAndDesignResolution",
                        "entry",
                        0.15173912048339844,
                        0.049438999999999997,
                        0.0089890000000000005,
                        212908,
                        213708,
                        0.0,
                        0.0,
                        1755715860.989794,
                        7921255339667
                    ],
                    "sub": []
                },
                {
                    "stat": [
                        "doParsingAndDesignResolution",
                        "exit",
                        0.16330099105834961,
                        0.055404000000000002,
                        0.012784999999999999,
                        316484,
                        384148,
                        0.0,
                        0.0,
                        1755715861.0013559,
                        7921284213660
                    ],
                    "sub": []
                },
                {
                    "stat": [
                        "doPostDesignResolutionToVir2Vcs",
                        "entry",
                        0.16991519927978516,
                        0.058834999999999998,
                        0.017367,
                        298176,
                        384148,
                        0.0,
                        0.0,
                        1755715861.0079701,
                        7921300697993
                    ],
                    "sub": [
                        {
                            "stat": [
                                "doUptoVir2VcsNoSepCleanup",
                                "entry",
                                0.17407703399658203,
                                0.058834999999999998,
                                0.020822,
                                298396,
                                384148,
                                0.0,
                                0.0,
                                1755715861.0121319,
                                7921311087477
                            ],
                            "sub": []
                        },
                        {
                            "stat": [
                                "doUptoVir2VcsNoSepCleanup",
                                "exit",
                                0.19432210922241211,
                                0.075070999999999999,
                                0.020853,
                                298652,
                                384148,
                                0.0020140000000000002,
                                0.0,
                                1755715861.032377,
                                7921361646856
                            ],
                            "sub": []
                        },
                        {
                            "stat": [
                                "doRadify_vir2vcsAll",
                                "entry",
                                0.19437909126281738,
                                0.075116000000000002,
                                0.020865000000000002,
                                298652,
                                384148,
                                0.0020140000000000002,
                                0.0,
                                1755715861.032434,
                                7921361719205
                            ],
                            "sub": []
                        },
                        {
                            "stat": [
                                "doRadify_vir2vcsAll",
                                "exit",
                                0.19727206230163574,
                                0.077988000000000002,
                                0.020865000000000002,
                                300492,
                                384148,
                                0.0020140000000000002,
                                0.0,
                                1755715861.035327,
                                7921369006810
                            ],
                            "sub": []
                        }
                    ]
                },
                {
                    "stat": [
                        "doPostDesignResolutionToVir2Vcs",
                        "exit",
                        0.1973121166229248,
                        0.078029000000000001,
                        0.020865000000000002,
                        300492,
                        384148,
                        0.0020140000000000002,
                        0.0,
                        1755715861.035367,
                        7921369037628
                    ],
                    "sub": []
                },
                {
                    "stat": [
                        "doGAToPass2",
                        "entry",
                        0.19732213020324707,
                        0.078038999999999997,
                        0.020865000000000002,
                        300492,
                        384148,
                        0.0020140000000000002,
                        0.0,
                        1755715861.035377,
                        7921369061144
                    ],
                    "sub": [
                        {
                            "stat": [
                                "DoPass2",
                                "entry",
                                0.2219541072845459,
                                0.079112000000000002,
                                0.020865000000000002,
                                298936,
                                384148,
                                0.014101000000000001,
                                0.0063150000000000003,
                                1755715861.060009,
                                7921430610058
                            ],
                            "sub": []
                        },
                        {
                            "stat": [
                                "DoPass2",
                                "exit",
                                0.27235507965087891,
                                0.11901100000000001,
                                0.030953999999999999,
                                311696,
                                384148,
                                0.014101000000000001,
                                0.0063150000000000003,
                                1755715861.11041,
                                7921556380943
                            ],