{
    "Modules": {
        "...MASTER...": {
            "start_perf": [
                0.25123095512390137,
                0.065556000000000003,
                0.030855,
                298904,
                384116,
                1755716107.539083,
                8536639280758
            ],
            "nMops": 0,
            "child_modules": {
                "std": 1,
                "testbench": 1
            },
            "nRouts": 5,
            "end_perf": [
                0.25353503227233887,
                0.067125000000000004,
                0.031587999999999998,
                303372,
                384116,
                8536645109824,
                0,
                0
            ],
            "nQuads": 0
        },
        "std": {
            "svclass": [
                "$vcs_nba_dyn_obj",
                576,
                35,
                2,
                2,
                0,
                "sigprop$$",
                576,
                35,
                2,
                2,
                0,
                "process",
                2380,
                200,
                8,
                8,
                0,
                "event",
                597,
                34,
                2,
                2,
                0,
                "mailbox",
                1769,
                140,
                9,
                9,
                0,
                "semaphore",
                1119,
                84,
                5,
                5,
                0
            ],
            "start_perf": [
                0.25362896919250488,
                0.067183000000000007,
                0.031614999999999997,
                303372,
                384116,
                1755716107.541481,
                8536645261420
            ],
            "nMops": 528,
            "child_modules": {},
            "Compiled": "Yes",
            "nQuads": 218,
            "Compiled Times": 1,
            "nRouts": 33,
            "end_perf": [
                0.26151204109191895,
                0.074345999999999995,
                0.031614999999999997,
                305604,
                384116,
                8536664990649,
                8589934594,
                0
            ]
        },
        "testbench": {
            "start_perf": [
                0.26156306266784668,
                0.074398000000000006,
                0.031614999999999997,
                305604,
                384116,
                1755716107.5494151,
                8536665058566
            ],
            "nMops": 2845,
            "child_modules": {},
            "Compiled": "Yes",
            "nQuads": 1262,
            "Compiled Times": 1,
            "nRouts": 149,
            "end_perf": [
                0.29703998565673828,
                0.099028000000000005,
                0.034278999999999997,
                309052,
                384116,
                8536753672680,
                17179869185,
                0
            ]
        }
    },
    "CompUnits": {
        "amcQw_d": {
            "text": 434,
            "mod": "...MASTER...",
            "checksum": 0,
            "out": "objs/amcQw_d.o",
            "bytes": 7832,
            "mode": 4
        },
        "reYIK_d": {
            "text": 7325,
            "mod": "std",
            "checksum": 0,
            "out": "reYIK_d.o",
            "bytes": 43000,
            "cls": 7017,
            "mode": 4,
            "archive": "archive.0/_153632_archive_1.a"
        },
        "iAVhC_d": {
            "text": 29938,
            "mod": "testbench",
            "checksum": 0,
            "out": "iAVhC_d.o",
            "bytes": 57786,
            "mode": 4,
            "archive": "archive.0/_153632_archive_1.a"
        }
    },
    "reusePaths": {},
    "ObjArchives": [
        {
            "archive": "archive.0/_153632_archive_1.a",
            "objects": [
                [
                    "reYIK_d.o",
                    43000
                ],
                [
                    "iAVhC_d.o",
                    57786
                ],
                [
                    "amcQwB.o",
                    117096
                ]
            ],
            "size": 217882
        }
    ],
    "stat": {
        "ru_self_end": {
            "ru_nvcsw": 31,
            "ru_utime_sec": 0.102912,
            "ru_nivcsw": 129,
            "ru_stime_sec": 0.034591999999999998,
            "ru_maxrss_kb": 123092,
            "ru_minflt": 13995,
            "ru_majflt": 0
        },
        "peak_mem_kb": 384116,
        "ru_childs_end": {
            "ru_nvcsw": 20,
            "ru_utime_sec": 0.016237000000000001,
            "ru_nivcsw": 79,
            "ru_stime_sec": 0.0044869999999999997,
            "ru_maxrss_kb": 111364,
            "ru_minflt": 2711,
            "ru_majflt": 0
        },
        "cpu_cycles_end": 8536764081359
    }
}