{
    "Modules": {
        "...MASTER...": {
            "nRouts": 5,
            "child_modules": {
                "asyn_fifo_tb": 1,
                "std": 1
            },
            "start_perf": [
                0.1619870662689209,
                0.037560999999999997,
                0.034729000000000003,
                310752,
                383376,
                1729262607.139781,
                48564246071527
            ],
            "end_perf": [
                0.16461801528930664,
                0.038739000000000003,
                0.034729000000000003,
                310752,
                383376,
                48564252669762,
                0,
                0
            ],
            "nQuads": 0,
            "nMops": 0
        },
        "std": {
            "nRouts": 33,
            "child_modules": {},
            "svclass": [
                "$vcs_nba_dyn_obj",
                0,
                35,
                2,
                2,
                0,
                "sigprop$$",
                0,
                35,
                2,
                2,
                0,
                "process",
                0,
                200,
                8,
                8,
                0,
                "event",
                0,
                34,
                2,
                2,
                0,
                "mailbox",
                0,
                140,
                9,
                9,
                0,
                "semaphore",
                0,
                84,
                5,
                5,
                0
            ],
            "start_perf": [
                0.1646721363067627,
                0.038794000000000002,
                0.034729000000000003,
                310752,
                383376,
                1729262607.1424661,
                48564252774079
            ],
            "Compiled": "Yes",
            "Compiled Times": 15,
            "nMops": 528,
            "end_perf": [
                0.16649007797241211,
                0.040611000000000001,
                0.034729000000000003,
                310752,
                383376,
                48564257344723,
                8589934594,
                0
            ],
            "nQuads": 218
        },
        "asyn_fifo_tb": {
            "nRouts": 132,
            "Compiled": "Yes",
            "child_modules": {},
            "start_perf": [
                0.16652107238769531,
                0.040642999999999999,
                0.034729000000000003,
                310752,
                383376,
                1729262607.144315,
                48564257389457
            ],
            "nMops": 2172,
            "Compiled Times": 15,
            "end_perf": [
                0.17924308776855469,
                0.053332999999999998,
                0.034729000000000003,
                312700,
                383376,
                48564289188633,
                21474836481,
                0
            ],
            "nQuads": 991
        }
    },
    "CompUnits": {
        "Nwsu7_d": {
            "mod": "asyn_fifo_tb",
            "archive": "archive.14/_799214_archive_1.a",
            "out": "Nwsu7_d.o",
            "bytes": 41860,
            "mode": 4,
            "text": 19688,
            "checksum": 0
        }
    },
    "stat": {
        "ru_self_end": {
            "ru_utime_sec": 0.056585000000000003,
            "ru_minflt": 13410,
            "ru_stime_sec": 0.034729000000000003,
            "ru_maxrss_kb": 124976,
            "ru_majflt": 0,
            "ru_nvcsw": 46,
            "ru_nivcsw": 8
        },
        "ru_childs_end": {
            "ru_utime_sec": 0.0061590000000000004,
            "ru_minflt": 2733,
            "ru_stime_sec": 0.0086400000000000001,
            "ru_maxrss_kb": 115760,
            "ru_majflt": 0,
            "ru_nvcsw": 17,
            "ru_nivcsw": 4
        },
        "cpu_cycles_end": 48564297297003,
        "peak_mem_kb": 383376
    },
    "reusePaths": {
        "amcQw_d": {
            "icPath": "csrc"
        },
        "reYIK_d": {
            "icPath": "csrc"
        }
    },
    "ObjArchives": [
        {
            "archive": "archive.14/_799214_archive_1.a",
            "objects": [
                [
                    "Nwsu7_d.o",
                    41860
                ],
                [
                    "amcQwB.o",
                    116688
                ]
            ],
            "size": 158548
        }
    ]
}