{
    "cycles_program_begin": 43839392217713,
    "CompileProcesses": [
        "cgproc.62985.json"
    ],
    "CompileStatus": "Successful",
    "stat": {
        "ru_self_cgstart": {
            "ru_utime_sec": 0.055902,
            "ru_minflt": 11717,
            "ru_stime_sec": 0.040322999999999998,
            "ru_majflt": 0,
            "ru_maxrss_kb": 111108,
            "ru_nivcsw": 115,
            "ru_nvcsw": 16
        },
        "outputSizePerQuad": 138.80416156670748,
        "ru_childs_end": {
            "ru_utime_sec": 0.019314000000000001,
            "ru_minflt": 4108,
            "ru_stime_sec": 0.012687,
            "ru_majflt": 0,
            "ru_maxrss_kb": 111108,
            "ru_nivcsw": 23,
            "ru_nvcsw": 18
        },
        "ru_childs_cgstart": {
            "ru_utime_sec": 0.019314000000000001,
            "ru_minflt": 4108,
            "ru_stime_sec": 0.012687,
            "ru_majflt": 0,
            "ru_maxrss_kb": 111108,
            "ru_nivcsw": 23,
            "ru_nvcsw": 18
        },
        "mopSpeed": 124613.54884200252,
        "totalObjSize": 226806,
        "nQuads": 1634,
        "ru_self_end": {
            "ru_utime_sec": 0.092775999999999997,
            "ru_minflt": 13487,
            "ru_stime_sec": 0.040587999999999999,
            "ru_majflt": 0,
            "ru_maxrss_kb": 121324,
            "ru_nivcsw": 118,
            "ru_nvcsw": 16
        },
        "cpu_cycles_cgstart": 43839875817488,
        "Frontend(%)": 67.10322062628245,
        "nMops": 4595,
        "mop/quad": 2.8121175030599757,
        "cpu_cycles_end": 43839968633163,
        "quadSpeed": 44313.066117047252,
        "cpu_cycles_total": 576415450,
        "CodeGen(%)": 32.896779373717543,
        "peak_mem_kb": 384792,
        "realTime": 0.24646782875061035
    },
    "perf": [
        {
            "stat": [
                "main",
                "entry",
                0.015564918518066406,
                0.022568999999999999,
                0.026329999999999999,
                203224,
                204480,
                0.0,
                0.0,
                1772084673.857687,
                43839392451407
            ],
            "sub": [
                {
                    "stat": [
                        "doParsingAndDesignResolution",
                        "entry",
                        0.12928080558776855,
                        0.027602999999999999,
                        0.031545999999999998,
                        212912,
                        213712,
                        0.0,
                        0.0,
                        1772084673.9714029,
                        43839676245638
                    ],
                    "sub": []
                },
                {
                    "stat": [
                        "doParsingAndDesignResolution",
                        "exit",
                        0.14478397369384766,
                        0.040235,
                        0.033797000000000001,
                        313884,
                        384792,
                        0.0,
                        0.0,
                        1772084673.9869061,
                        43839714952656
                    ],
                    "sub": []
                },
                {
                    "stat": [
                        "doPostDesignResolutionToVir2Vcs",
                        "entry",
                        0.1466209888458252,
                        0.040235,
                        0.035633999999999999,
                        299868,
                        384792,
                        0.0,
                        0.0,
                        1772084673.9887431,
                        43839719522753
                    ],
                    "sub": [
                        {
                            "stat": [
                                "doUptoVir2VcsNoSepCleanup",
                                "entry",
                                0.14969301223754883,
                                0.040235,
                                0.038692999999999998,
                                300060,
                                384792,
                                0.0,
                                0.0,
                                1772084673.9918151,
                                43839727205812
                            ],
                            "sub": []
                        },
                        {
                            "stat": [
                                "doUptoVir2VcsNoSepCleanup",
                                "exit",
                                0.16574001312255859,
                                0.052388999999999998,
                                0.040299000000000001,
                                300316,
                                384792,
                                0.0,
                                0.001828,
                                1772084674.0078621,
                                43839767247746
                            ],
                            "sub": []
                        },
                        {
                            "stat": [
                                "doRadify_vir2vcsAll",
                                "entry",
                                0.16579294204711914,
                                0.052420000000000001,
                                0.040322999999999998,
                                300316,
                                384792,
                                0.0,
                                0.001828,
                                1772084674.007915,
                                43839767327221
                            ],
                            "sub": []
                        },
                        {
                            "stat": [
                                "doRadify_vir2vcsAll",
                                "exit",
                                0.16827297210693359,
                                0.054899000000000003,
                                0.040322999999999998,
                                302180,
                                384792,
                                0.0,
                                0.001828,
                                1772084674.0103951,
                                43839773567339
                            ],
                            "sub": []
                        }
                    ]
                },
                {
                    "stat": [
                        "doPostDesignResolutionToVir2Vcs",
                        "exit",
                        0.16830587387084961,
                        0.054933000000000003,
                        0.040322999999999998,
                        302180,
                        384792,
                        0.0,
                        0.001828,
                        1772084674.010428,
                        43839773598132
                    ],
                    "sub": []
                },
                {
                    "stat": [
                        "doGAToPass2",
                        "entry",
                        0.16831684112548828,
                        0.054944,
                        0.040322999999999998,
                        302180,
                        384792,
                        0.0,
                        0.001828,
                        1772084674.0104389,
                        43839773620815
                    ],