{
    "ObjArchives": [
        {
            "archive": "archive.1/_24914_archive_1.a",
            "objects": [
                [
                    "amcQwB.o",
                    116096
                ]
            ],
            "size": 116096
        }
    ],
    "CompUnits": {},
    "Modules": {
        "...MASTER...": {
            "nMops": 0,
            "start_perf": [
                0.18779993057250977,
                0.055802999999999998,
                0.038633000000000001,
                299036,
                383860,
                1738816119.720268,
                3866535154339
            ],
            "nRouts": 5,
            "child_modules": {
                "testbench": 1,
                "std": 1
            },
            "end_perf": [
                0.19095087051391602,
                0.056592000000000003,
                0.039178999999999999,
                300492,
                383860,
                3866543057994,
                0,
                0
            ],
            "nQuads": 0
        },
        "testbench": {
            "nMops": 2588,
            "start_perf": [
                0.19330501556396484,
                0.058875999999999998,
                0.039204000000000003,
                300492,
                383860,
                1738816119.7257731,
                3866548883204
            ],
            "nRouts": 123,
            "child_modules": {},
            "Compiled": "Yes",
            "Compiled Times": 2,
            "end_perf": [
                0.2042849063873291,
                0.069797999999999999,
                0.039260999999999997,
                303684,
                383860,
                3866576337484,
                17179869185,
                0
            ],
            "nQuads": 1065
        },
        "std": {
            "nMops": 528,
            "start_perf": [
                0.19101190567016602,
                0.056628999999999999,
                0.039204000000000003,
                300492,
                383860,
                1738816119.72348,
                3866543168155
            ],
            "nRouts": 33,
            "child_modules": {},
            "Compiled": "Yes",
            "Compiled Times": 2,
            "end_perf": [
                0.19327282905578613,
                0.058842999999999999,
                0.039204000000000003,
                300492,
                383860,
                3866548841023,
                8589934594,
                0
            ],
            "svclass": [
                "$vcs_nba_dyn_obj",
                0,
                35,
                2,
                2,
                0,
                "sigprop$$",
                0,
                35,
                2,
                2,
                0,
                "process",
                0,
                200,
                8,
                8,
                0,
                "event",
                0,
                34,
                2,
                2,
                0,
                "mailbox",
                0,
                140,
                9,
                9,
                0,
                "semaphore",
                0,
                84,
                5,
                5,
                0
            ],
            "nQuads": 218
        }
    },
    "reusePaths": {
        "amcQw_d": {
            "icPath": "csrc"
        },
        "reYIK_d": {
            "icPath": "csrc"
        },
        "iAVhC_d": {
            "icPath": "csrc"
        }
    },
    "stat": {
        "ru_self_end": {
            "ru_maxrss_kb": 121080,
            "ru_utime_sec": 0.069797999999999999,
            "ru_nvcsw": 40,
            "ru_stime_sec": 0.043154999999999999,
            "ru_minflt": 13448,
            "ru_majflt": 2,
            "ru_nivcsw": 62
        },
        "ru_childs_end": {
            "ru_maxrss_kb": 112248,
            "ru_utime_sec": 0.013254,
            "ru_nvcsw": 17,
            "ru_stime_sec": 0.0059080000000000001,
            "ru_minflt": 2728,
            "ru_majflt": 0,
            "ru_nivcsw": 26
        },
        "cpu_cycles_end": 3866586005556,
        "peak_mem_kb": 383860
    }
}