{
    "stat": {
        "ru_self_end": {
            "ru_utime_sec": 0.23011400000000001,
            "ru_nvcsw": 35,
            "ru_stime_sec": 0.040855000000000002,
            "ru_maxrss_kb": 127456,
            "ru_minflt": 15133,
            "ru_nivcsw": 129,
            "ru_majflt": 0
        },
        "ru_childs_end": {
            "ru_utime_sec": 0.028732000000000001,
            "ru_nvcsw": 38,
            "ru_stime_sec": 0.025911,
            "ru_maxrss_kb": 114624,
            "ru_minflt": 10430,
            "ru_nivcsw": 36,
            "ru_majflt": 0
        },
        "peak_mem_kb": 385384,
        "cpu_cycles_end": 14147090640411
    },
    "Modules": {
        "...MASTER...": {
            "nRouts": 5,
            "nQuads": 0,
            "start_perf": [
                0.25385785102844238,
                0.12413100000000001,
                0.026821999999999999,
                312460,
                385384,
                1755718355.1798079,
                14146771085398
            ],
            "child_modules": {
                "std": 1,
                "tb_issue_golden": 1
            },
            "end_perf": [
                0.25596094131469727,
                0.12623300000000001,
                0.026821999999999999,
                313440,
                385384,
                14146776368803,
                0,
                0
            ],
            "nMops": 0
        },
        "std": {
            "start_perf": [
                0.25602197647094727,
                0.12629399999999999,
                0.026821999999999999,
                313440,
                385384,
                1755718355.181972,
                14146776550815
            ],
            "nQuads": 218,
            "child_modules": {},
            "Compiled": "Yes",
            "end_perf": [
                0.26379299163818359,
                0.13361999999999999,
                0.026821999999999999,
                314408,
                385384,
                14146795927764,
                8589934594,
                0
            ],
            "svclass": [
                "$vcs_nba_dyn_obj",
                576,
                35,
                2,
                2,
                0,
                "sigprop$$",
                576,
                35,
                2,
                2,
                0,
                "process",
                2380,
                200,
                8,
                8,
                0,
                "event",
                597,
                34,
                2,
                2,
                0,
                "mailbox",
                1769,
                140,
                9,
                9,
                0,
                "semaphore",
                1119,
                84,
                5,
                5,
                0
            ],
            "Compiled Times": 1,
            "nMops": 528,
            "nRouts": 33
        },
        "tb_issue_golden": {
            "start_perf": [
                0.26384496688842773,
                0.13367299999999999,
                0.026821999999999999,
                314408,
                385384,
                1755718355.189795,
                14146796007100
            ],
            "nQuads": 7401,
            "child_modules": {},
            "Compiled": "Yes",
            "end_perf": [
                0.37140893936157227,
                0.23011400000000001,
                0.035707000000000003,
                314408,
                385384,
                14147064659216,
                17179869185,
                0
            ],
            "Compiled Times": 1,
            "significant_routs": [
                [
                    145,
                    "R_VCSgd_e0ZCs_91",
                    7853229,
                    7286,
                    487
                ],
                [
                    147,
                    "R_VCSgd_e0ZCs_93",
                    5120519,
                    3525,
                    450
                ],
                [
                    254,
                    "R_VCSgd_e0ZCs_fe",
                    11980274,
                    11846,
                    1267
                ],
                [
                    255,
                    "R_VCSgd_e0ZCs_ff",
                    11900452,
                    11846,
                    1267
                ]
            ],
            "nMops": 23124,
            "nRouts": 689
        }
    },
    "CompUnits": {
        "amcQw_d": {
            "mod": "...MASTER...",
            "out": "objs/amcQw_d.o",
            "bytes": 7832,
            "text": 434,
            "mode": 4,
            "checksum": 0
        },
        "reYIK_d": {
            "mod": "std",
            "cls": 7017,
            "out": "reYIK_d.o",
            "bytes": 43000,
            "text": 7325,
            "mode": 4,
            "checksum": 0,
            "archive": "archive.0/_359707_archive_1.a"
        },
        "e0ZCs_d": {
            "mod": "tb_issue_golden",
            "out": "e0ZCs_d.o",
            "bytes": 275182,
            "text": 177881,
            "mode": 4,
            "checksum": 0,
            "archive": "archive.0/_359707_archive_1.a"
        }
    },
    "ObjArchives": [
        {
            "archive": "archive.0/_359707_archive_1.a",
            "size": 438418,
            "objects": [
                [
                    "reYIK_d.o",
                    43000
                ],
                [
                    "e0ZCs_d.o",
                    275182
                ],
                [
                    "amcQwB.o",
                    120236
                ]
            ]
        }
    ],
    "reusePaths": {}
}