{
    "ObjArchives": [
        {
            "objects": [
                [
                    "reYIK_d.o",
                    43000
                ],
                [
                    "iAVhC_d.o",
                    62558
                ],
                [
                    "amcQwB.o",
                    117512
                ]
            ],
            "archive": "archive.0/_396974_archive_1.a",
            "size": 223070
        }
    ],
    "reusePaths": {},
    "Modules": {
        "std": {
            "svclass": [
                "$vcs_nba_dyn_obj",
                576,
                35,
                2,
                2,
                0,
                "sigprop$$",
                576,
                35,
                2,
                2,
                0,
                "process",
                2380,
                200,
                8,
                8,
                0,
                "event",
                597,
                34,
                2,
                2,
                0,
                "mailbox",
                1769,
                140,
                9,
                9,
                0,
                "semaphore",
                1119,
                84,
                5,
                5,
                0
            ],
            "start_perf": [
                0.26269102096557617,
                0.058961,
                0.045354999999999999,
                312992,
                385140,
                1735964968.8499031,
                403968590968514
            ],
            "child_modules": {},
            "nQuads": 218,
            "Compiled": "Yes",
            "end_perf": [
                0.27518296241760254,
                0.065272999999999998,
                0.046622999999999998,
                313960,
                385140,
                403968622193716,
                8589934594,
                0
            ],
            "nRouts": 33,
            "Compiled Times": 1,
            "significant_routs": [
                [
                    1,
                    "T_VCSgd_reYIK_1_0",
                    3385442,
                    138,
                    13
                ],
                [
                    24,
                    "F_VCSgd_reYIK_24_0",
                    4784489,
                    984,
                    90
                ]
            ],
            "nMops": 528
        },
        "...MASTER...": {
            "start_perf": [
                0.25678086280822754,
                0.057583000000000002,
                0.044295000000000001,
                312012,
                385140,
                1735964968.8439929,
                403968576265455
            ],
            "child_modules": {
                "std": 1,
                "testbench": 1
            },
            "nQuads": 0,
            "end_perf": [
                0.2626338005065918,
                0.058928000000000001,
                0.045329000000000001,
                312992,
                385140,
                403968590857027,
                0,
                0
            ],
            "nMops": 0,
            "nRouts": 5
        },
        "testbench": {
            "start_perf": [
                0.27523303031921387,
                0.065301999999999999,
                0.046643999999999998,
                313960,
                385140,
                1735964968.8624451,
                403968622269770
            ],
            "child_modules": {},
            "nQuads": 1378,
            "Compiled": "Yes",
            "end_perf": [
                0.3137660026550293,
                0.096341999999999997,
                0.046643999999999998,
                313960,
                385140,
                403968718497610,
                17179869185,
                0
            ],
            "nRouts": 102,
            "Compiled Times": 1,
            "significant_routs": [
                [
                    8,
                    "X_VCSgd_iAVhC_0_0",
                    11766564,
                    6187,
                    948
                ],
                [
                    47,
                    "R_VCSgd_iAVhC_2f",
                    3231558,
                    753,
                    94
                ],
                [
                    66,
                    "R_VCSgd_iAVhC_42",
                    4432407,
                    2209,
                    314
                ]
            ],
            "nMops": 4536
        }
    },
    "CompUnits": {
        "amcQw_d": {
            "bytes": 7832,
            "out": "objs/amcQw_d.o",
            "mod": "...MASTER...",
            "text": 434,
            "mode": 4,
            "checksum": 0
        },
        "reYIK_d": {
            "bytes": 43000,
            "out": "reYIK_d.o",
            "mod": "std",
            "text": 7325,
            "cls": 7017,
            "mode": 4,
            "checksum": 0,
            "archive": "archive.0/_396974_archive_1.a"
        },
        "iAVhC_d": {
            "bytes": 62558,
            "out": "iAVhC_d.o",
            "mod": "testbench",
            "text": 35116,
            "mode": 4,
            "checksum": 0,
            "archive": "archive.0/_396974_archive_1.a"
        }
    },
    "stat": {
        "ru_self_end": {
            "ru_minflt": 13916,
            "ru_utime_sec": 0.098929000000000003,
            "ru_stime_sec": 0.049464000000000001,
            "ru_nvcsw": 71,
            "ru_maxrss_kb": 124032,
            "ru_majflt": 80,
            "ru_nivcsw": 196
        },
        "cpu_cycles_end": 403968746672819,
        "ru_childs_end": {
            "ru_minflt": 2700,
            "ru_utime_sec": 0.015017000000000001,
            "ru_stime_sec": 0.0062709999999999997,
            "ru_nvcsw": 86,
            "ru_maxrss_kb": 111492,
            "ru_majflt": 75,
            "ru_nivcsw": 33
        },
        "peak_mem_kb": 385140
    }
}