{
    "Modules": {
        "...MASTER...": {
            "start_perf": [
                0.19786286354064941,
                0.083479999999999999,
                0.013715,
                310188,
                381684,
                1751687299.301199,
                279505260489
            ],
            "child_modules": {
                "tb_multi_pipe": 1,
                "std": 1
            },
            "end_perf": [
                0.20186591148376465,
                0.084998000000000004,
                0.013715,
                310188,
                381684,
                279515283126,
                0,
                0
            ],
            "nQuads": 0,
            "nRouts": 5,
            "nMops": 0
        },
        "std": {
            "start_perf": [
                0.20192694664001465,
                0.085059999999999997,
                0.013715,
                310188,
                381684,
                1751687299.305263,
                279515393534
            ],
            "child_modules": {},
            "Compiled": "Yes",
            "Compiled Times": 2,
            "end_perf": [
                0.20488691329956055,
                0.087634000000000004,
                0.013715,
                310188,
                381684,
                279522824493,
                8589934594,
                0
            ],
            "svclass": [
                "$vcs_nba_dyn_obj",
                0,
                35,
                2,
                2,
                0,
                "sigprop$$",
                0,
                35,
                2,
                2,
                0,
                "process",
                0,
                200,
                8,
                8,
                0,
                "event",
                0,
                34,
                2,
                2,
                0,
                "mailbox",
                0,
                140,
                9,
                9,
                0,
                "semaphore",
                0,
                84,
                5,
                5,
                0
            ],
            "nQuads": 218,
            "nRouts": 33,
            "nMops": 528
        },
        "tb_multi_pipe": {
            "start_perf": [
                0.20493292808532715,
                0.087680999999999995,
                0.013715,
                310188,
                381684,
                1751687299.308269,
                279522891839
            ],
            "child_modules": {},
            "Compiled Times": 2,
            "Compiled": "Yes",
            "end_perf": [
                0.21672391891479492,
                0.099325999999999998,
                0.013715,
                310188,
                381684,
                279552400498,
                17179869185,
                0
            ],
            "nQuads": 962,
            "nRouts": 114,
            "nMops": 2664
        }
    },
    "CompUnits": {},
    "reusePaths": {
        "amcQw_d": {
            "icPath": "csrc"
        },
        "reYIK_d": {
            "icPath": "csrc"
        },
        "t2BSw_d": {
            "icPath": "csrc"
        }
    },
    "ObjArchives": [
        {
            "size": 116952,
            "archive": "archive.1/_7811_archive_1.a",
            "objects": [
                [
                    "amcQwB.o",
                    116952
                ]
            ]
        }
    ],
    "stat": {
        "ru_self_end": {
            "ru_minflt": 13626,
            "ru_maxrss_kb": 124576,
            "ru_utime_sec": 0.10481699999999999,
            "ru_stime_sec": 0.013715,
            "ru_majflt": 0,
            "ru_nvcsw": 39,
            "ru_nivcsw": 81
        },
        "ru_childs_end": {
            "ru_minflt": 2723,
            "ru_maxrss_kb": 114080,
            "ru_utime_sec": 0.012888999999999999,
            "ru_stime_sec": 0.006705,
            "ru_majflt": 0,
            "ru_nvcsw": 23,
            "ru_nivcsw": 26
        },
        "cpu_cycles_end": 279569010084,
        "peak_mem_kb": 381684
    }
}