{
    "Modules": {
        "...MASTER...": {
            "nRouts": 5,
            "start_perf": [
                0.32169890403747559,
                0.057065999999999999,
                0.053498999999999998,
                298868,
                381292,
                1737452831.2684059,
                28969706309122
            ],
            "child_modules": {
                "std": 1,
                "testbench": 1
            },
            "nMops": 0,
            "end_perf": [
                0.32609105110168457,
                0.057065999999999999,
                0.055650999999999999,
                303352,
                381292,
                28969717296311,
                0,
                0
            ],
            "nQuads": 0
        },
        "std": {
            "nRouts": 33,
            "start_perf": [
                0.32614994049072266,
                0.057065999999999999,
                0.055701000000000001,
                303352,
                381292,
                1737452831.272857,
                28969717421617
            ],
            "child_modules": {},
            "Compiled": "Yes",
            "nQuads": 218,
            "Compiled Times": 1,
            "svclass": [
                "$vcs_nba_dyn_obj",
                576,
                35,
                2,
                2,
                0,
                "sigprop$$",
                576,
                35,
                2,
                2,
                0,
                "process",
                2380,
                200,
                8,
                8,
                0,
                "event",
                597,
                34,
                2,
                2,
                0,
                "mailbox",
                1769,
                140,
                9,
                9,
                0,
                "semaphore",
                1119,
                84,
                5,
                5,
                0
            ],
            "nMops": 528,
            "end_perf": [
                0.3347170352935791,
                0.063611000000000001,
                0.056543000000000003,
                305608,
                381292,
                28969738860912,
                8589934594,
                0
            ]
        },
        "testbench": {
            "nRouts": 118,
            "start_perf": [
                0.33477306365966797,
                0.063641000000000003,
                0.056570000000000002,
                305608,
                381292,
                1737452831.2814801,
                28969738939828
            ],
            "child_modules": {},
            "Compiled": "Yes",
            "nQuads": 1034,
            "Compiled Times": 1,
            "nMops": 2543,
            "end_perf": [
                0.37678909301757812,
                0.085244,
                0.060380999999999997,
                308948,
                381292,
                28969843855938,
                17179869185,
                0
            ]
        }
    },
    "CompUnits": {
        "amcQw_d": {
            "mod": "...MASTER...",
            "out": "objs/amcQw_d.o",
            "bytes": 7832,
            "checksum": 0,
            "text": 434,
            "mode": 4
        },
        "reYIK_d": {
            "mod": "std",
            "archive": "archive.0/_85880_archive_1.a",
            "out": "reYIK_d.o",
            "bytes": 43000,
            "checksum": 0,
            "text": 7325,
            "cls": 7017,
            "mode": 4
        },
        "iAVhC_d": {
            "mod": "testbench",
            "archive": "archive.0/_85880_archive_1.a",
            "out": "iAVhC_d.o",
            "bytes": 48802,
            "checksum": 0,
            "text": 24763,
            "mode": 4
        }
    },
    "reusePaths": {},
    "stat": {
        "cpu_cycles_end": 28969855772433,
        "ru_self_end": {
            "ru_majflt": 573,
            "ru_utime_sec": 0.088984999999999995,
            "ru_stime_sec": 0.060933000000000001,
            "ru_maxrss_kb": 121496,
            "ru_nvcsw": 552,
            "ru_minflt": 13719,
            "ru_nivcsw": 66
        },
        "peak_mem_kb": 381292,
        "ru_childs_end": {
            "ru_majflt": 31,
            "ru_utime_sec": 0.016034,
            "ru_stime_sec": 0.0046880000000000003,
            "ru_maxrss_kb": 110132,
            "ru_nvcsw": 66,
            "ru_minflt": 2728,
            "ru_nivcsw": 17
        }
    },
    "ObjArchives": [
        {
            "archive": "archive.0/_85880_archive_1.a",
            "objects": [
                [
                    "reYIK_d.o",
                    43000
                ],
                [
                    "iAVhC_d.o",
                    48802
                ],
                [
                    "amcQwB.o",
                    116972
                ]
            ],
            "size": 208774
        }
    ]
}