{
    "reusePaths": {
        "g7hgQ_d": {
            "icPath": "csrc"
        },
        "amcQw_d": {
            "icPath": "csrc"
        },
        "reYIK_d": {
            "icPath": "csrc"
        }
    },
    "Modules": {
        "...MASTER...": {
            "nRouts": 5,
            "child_modules": {
                "std": 1,
                "tb": 1
            },
            "start_perf": [
                0.21207499504089355,
                0.058970000000000002,
                0.043243999999999998,
                299176,
                384664,
                1751868463.8680699,
                36579774643828
            ],
            "nMops": 0,
            "nQuads": 0,
            "end_perf": [
                0.21581721305847168,
                0.059818000000000003,
                0.043866000000000002,
                300584,
                384664,
                36579784036813,
                0,
                0
            ]
        },
        "std": {
            "child_modules": {},
            "nRouts": 33,
            "start_perf": [
                0.21589803695678711,
                0.059857,
                0.043895000000000003,
                300584,
                384664,
                1751868463.8718929,
                36579784186695
            ],
            "Compiled": "Yes",
            "Compiled Times": 2,
            "nQuads": 218,
            "nMops": 528,
            "end_perf": [
                0.21828103065490723,
                0.061232000000000002,
                0.044902999999999998,
                300584,
                384664,
                36579790187288,
                8589934594,
                0
            ],
            "svclass": [
                "$vcs_nba_dyn_obj",
                0,
                35,
                2,
                2,
                0,
                "sigprop$$",
                0,
                35,
                2,
                2,
                0,
                "process",
                0,
                200,
                8,
                8,
                0,
                "event",
                0,
                34,
                2,
                2,
                0,
                "mailbox",
                0,
                140,
                9,
                9,
                0,
                "semaphore",
                0,
                84,
                5,
                5,
                0
            ]
        },
        "tb": {
            "nRouts": 155,
            "child_modules": {},
            "start_perf": [
                0.21832418441772461,
                0.061256999999999999,
                0.044921999999999997,
                300584,
                384664,
                1751868463.8743191,
                36579790241372
            ],
            "Compiled": "Yes",
            "nMops": 3801,
            "nQuads": 1700,
            "end_perf": [
                0.23390913009643555,
                0.075824000000000003,
                0.044921999999999997,
                303792,
                384664,
                36579829191115,
                21474836481,
                0
            ],
            "Compiled Times": 2
        }
    },
    "stat": {
        "peak_mem_kb": 384664,
        "ru_self_end": {
            "ru_utime_sec": 0.077924999999999994,
            "ru_nivcsw": 123,
            "ru_nvcsw": 34,
            "ru_stime_sec": 0.046754999999999998,
            "ru_maxrss_kb": 121940,
            "ru_minflt": 13741,
            "ru_majflt": 0
        },
        "cpu_cycles_end": 36579841965187,
        "ru_childs_end": {
            "ru_utime_sec": 0.0096310000000000007,
            "ru_nivcsw": 25,
            "ru_nvcsw": 20,
            "ru_stime_sec": 0.011601999999999999,
            "ru_maxrss_kb": 112596,
            "ru_minflt": 2723,
            "ru_majflt": 0
        }
    },
    "CompUnits": {},
    "ObjArchives": [
        {
            "archive": "archive.1/_147966_archive_1.a",
            "size": 118828,
            "objects": [
                [
                    "amcQwB.o",
                    118828
                ]
            ]
        }
    ]
}