{
    "rlimit": {
        "data": -1,
        "stack": -1
    },
    "MlibObjs": {},
    "cycles_program_begin": 21420772711693,
    "cpu_cycles_pass2_start": 21421227580643,
    "perf": [
        {
            "stat": [
                "main",
                "entry",
                0.0178680419921875,
                0.036981,
                0.010085,
                203220,
                204476,
                0.0,
                0.0,
                1735787675.374572,
                21420772904187
            ],
            "sub": [
                {
                    "stat": [
                        "doParsingAndDesignResolution",
                        "entry",
                        0.13095498085021973,
                        0.042842999999999999,
                        0.014281,
                        212908,
                        213708,
                        0.0,
                        0.0,
                        1735787675.487659,
                        21421055137209
                    ],
                    "sub": []
                },
                {
                    "stat": [
                        "doParsingAndDesignResolution",
                        "exit",
                        0.14263606071472168,
                        0.046956999999999999,
                        0.021857000000000001,
                        316536,
                        381544,
                        0.0,
                        0.0,
                        1735787675.4993401,
                        21421084307255
                    ],
                    "sub": []
                },
                {
                    "stat": [
                        "doPostDesignResolutionToVir2Vcs",
                        "entry",
                        0.15079092979431152,
                        0.049410000000000003,
                        0.025277999999999998,
                        298172,
                        381544,
                        0.0,
                        0.0,
                        1735787675.5074949,
                        21421104663344
                    ],
                    "sub": [
                        {
                            "stat": [
                                "doUptoVir2VcsNoSepCleanup",
                                "entry",
                                0.15589308738708496,
                                0.052153999999999999,
                                0.026076999999999999,
                                298396,
                                381544,
                                0.0,
                                0.0,
                                1735787675.5125971,
                                21421117376460
                            ],
                            "sub": []
                        },
                        {
                            "stat": [
                                "doUptoVir2VcsNoSepCleanup",
                                "exit",
                                0.17525911331176758,
                                0.062676999999999997,
                                0.029495,
                                298652,
                                381544,
                                0.0,
                                0.0020379999999999999,
                                1735787675.5319631,
                                21421165730096
                            ],
                            "sub": []
                        },
                        {
                            "stat": [
                                "doRadify_vir2vcsAll",
                                "entry",
                                0.17531609535217285,
                                0.062716999999999995,
                                0.029513000000000001,
                                298652,
                                381544,
                                0.0,
                                0.0020379999999999999,
                                1735787675.5320201,
                                21421165812327
                            ],
                            "sub": []
                        },
                        {
                            "stat": [
                                "doRadify_vir2vcsAll",
                                "exit",
                                0.17793989181518555,
                                0.062716999999999995,
                                0.032134999999999997,
                                300384,
                                381544,
                                0.0,
                                0.0020379999999999999,
                                1735787675.5346439,
                                21421172435104
                            ],
                            "sub": []
                        }
                    ]
                },
                {
                    "stat": [
                        "doPostDesignResolutionToVir2Vcs",
                        "exit",
                        0.17798399925231934,
                        0.062716999999999995,
                        0.032182000000000002,
                        300384,
                        381544,
                        0.0,
                        0.0020379999999999999,
                        1735787675.534688,
                        21421172472067
                    ],
                    "sub": []
                },
                {
                    "stat": [
                        "doGAToPass2",
                        "entry",
                        0.17799711227416992,
                        0.062716999999999995,
                        0.032194,
                        300384,
                        381544,
                        0.0,
                        0.0020379999999999999,
                        1735787675.5347011,
                        21421172498613
                    ],
                    "sub": [
                        {
                            "stat": [
                                "DoPass2",
                                "entry",
                                0.20003700256347656,
                                0.062716999999999995,
                                0.0332,
                                298828,
                                381544,
                                0.0082839999999999997,
                                0.010817,
                                1735787675.556741,
                                21421227570215
                            ],
                            "sub": []
                        },
                        {
                            "stat": [
                                "DoPass2",
                                "exit",
                                0.24105191230773926,
                                0.10165200000000001,
                                0.033450000000000001,
                                310688,
                                381544,
                                0.0082839999999999997,
                                0.010817,
                                1735787675.5977559,
                                21421329929003
                            ],
                            "sub": []
                        }
                    ]
                },
                {
                    "stat": [
                        "doGAToPass2",
                        "exit",
                        0.24425601959228516,
                        0.10462100000000001,
                        0.033627999999999998,
                        310688,
                        381544,
                        0.0082839999999999997,
                        0.010817,
                        1735787675.60096,
                        21421337919896
                    ],