{
    "Modules": {
        "FullAdder": {
            "nQuads": 78,
            "start_perf": [
                0.25843596458435059,
                0.091020000000000004,
                0.031659,
                305688,
                384032,
                1741054423.544518,
                5348611469482
            ],
            "child_modules": {},
            "Compiled": "Yes",
            "Compiled Times": 1,
            "end_perf": [
                0.26162195205688477,
                0.094203999999999996,
                0.031659,
                307352,
                384032,
                5348619470054,
                12884901889,
                0
            ],
            "nRouts": 10,
            "nMops": 244
        },
        "std": {
            "nQuads": 218,
            "start_perf": [
                0.25113892555236816,
                0.084984000000000004,
                0.030397,
                303464,
                384032,
                1741054423.537221,
                5348593257077
            ],
            "svclass": [
                "$vcs_nba_dyn_obj",
                576,
                35,
                2,
                2,
                0,
                "sigprop$$",
                576,
                35,
                2,
                2,
                0,
                "process",
                2380,
                200,
                8,
                8,
                0,
                "event",
                597,
                34,
                2,
                2,
                0,
                "mailbox",
                1769,
                140,
                9,
                9,
                0,
                "semaphore",
                1119,
                84,
                5,
                5,
                0
            ],
            "child_modules": {},
            "Compiled": "Yes",
            "Compiled Times": 1,
            "end_perf": [
                0.25838208198547363,
                0.090979000000000004,
                0.031643999999999999,
                305688,
                384032,
                5348611399619,
                8589934594,
                0
            ],
            "nRouts": 33,
            "nMops": 528
        },
        "...MASTER...": {
            "nQuads": 0,
            "start_perf": [
                0.2490689754486084,
                0.084984000000000004,
                0.028327999999999999,
                298932,
                384032,
                1741054423.535151,
                5348588109508
            ],
            "child_modules": {
                "std": 1,
                "tb_adder64": 1
            },
            "end_perf": [
                0.25107693672180176,
                0.084984000000000004,
                0.030335000000000001,
                303464,
                384032,
                5348593135072,
                0,
                0
            ],
            "nRouts": 5,
            "nMops": 0
        },
        "RCA16": {
            "nQuads": 442,
            "start_perf": [
                0.26165986061096191,
                0.094243999999999994,
                0.031659,
                307352,
                384032,
                1741054423.5477419,
                5348619520417
            ],
            "child_modules": {
                "FullAdder": 16
            },
            "Compiled": "Yes",
            "Compiled Times": 1,
            "end_perf": [
                0.26788806915283203,
                0.10009800000000001,
                0.032030999999999997,
                307352,
                384032,
                5348635113531,
                17179869185,
                0
            ],
            "nRouts": 34,
            "nMops": 1428
        },
        "tb_adder64": {
            "nQuads": 1145,
            "start_perf": [
                0.26793193817138672,
                0.100132,
                0.032042000000000001,
                307352,
                384032,
                1741054423.554014,
                5348635167964
            ],
            "child_modules": {
                "RCA16": 4
            },
            "Compiled": "Yes",
            "Compiled Times": 1,
            "end_perf": [
                0.28607392311096191,
                0.11741,
                0.032042000000000001,
                307352,
                384032,
                5348680509114,
                25769803777,
                0
            ],
            "nRouts": 154,
            "nMops": 2501
        }
    },
    "CompUnits": {
        "amcQw_d": {
            "text": 434,
            "bytes": 7832,
            "out": "objs/amcQw_d.o",
            "mod": "...MASTER...",
            "mode": 4,
            "checksum": 0
        },
        "reYIK_d": {
            "text": 7325,
            "bytes": 43000,
            "out": "reYIK_d.o",
            "mod": "std",
            "checksum": 0,
            "cls": 7017,
            "mode": 4,
            "archive": "archive.0/_25509_archive_1.a"
        },
        "n207S_d": {
            "text": 1841,
            "bytes": 9098,
            "out": "n207S_d.o",
            "mod": "FullAdder",
            "mode": 4,
            "checksum": 0,
            "archive": "archive.0/_25509_archive_1.a"
        },
        "pSk0y_d": {
            "text": 9337,
            "bytes": 22470,
            "out": "pSk0y_d.o",
            "mod": "RCA16",
            "mode": 4,
            "checksum": 0,
            "archive": "archive.0/_25509_archive_1.a"
        },
        "WatCj_d": {
            "text": 22857,
            "bytes": 47826,
            "out": "WatCj_d.o",
            "mod": "tb_adder64",
            "mode": 4,
            "checksum": 0,
            "archive": "archive.0/_25509_archive_1.a"
        }
    },
    "reusePaths": {},
    "ObjArchives": [
        {
            "objects": [
                [
                    "reYIK_d.o",
                    43000
                ],
                [
                    "n207S_d.o",
                    9098
                ],
                [
                    "pSk0y_d.o",
                    22470
                ],
                [
                    "WatCj_d.o",
                    47826
                ],
                [
                    "amcQwB.o",
                    117856
                ]
            ],
            "archive": "archive.0/_25509_archive_1.a",
            "size": 240250
        }
    ],
    "stat": {
        "ru_self_end": {
            "ru_nivcsw": 203,
            "ru_utime_sec": 0.12221,
            "ru_nvcsw": 23,
            "ru_minflt": 13755,
            "ru_stime_sec": 0.032042000000000001,
            "ru_maxrss_kb": 122588,
            "ru_majflt": 0
        },
        "peak_mem_kb": 384032,
        "cpu_cycles_end": 5348727145231,
        "ru_childs_end": {
            "ru_nivcsw": 31,
            "ru_utime_sec": 0.013436999999999999,
            "ru_nvcsw": 17,
            "ru_minflt": 2713,
            "ru_stime_sec": 0.0079900000000000006,
            "ru_maxrss_kb": 112048,
            "ru_majflt": 0
        }
    }
}