{
    "cpu_cycles_pass2_start": 17005162863624,
    "cycles_program_begin": 17004686773149,
    "CompileProcesses": [
        "cgproc.69382.json"
    ],
    "perf": [
        {
            "stat": [
                "main",
                "entry",
                0.018888950347900391,
                0.025318,
                0.025318,
                203220,
                204476,
                0.0,
                0.0,
                1738906283.6491089,
                17004686985510
            ],
            "sub": [
                {
                    "stat": [
                        "doParsingAndDesignResolution",
                        "entry",
                        0.13275694847106934,
                        0.028545000000000001,
                        0.032622999999999999,
                        212908,
                        213708,
                        0.0,
                        0.0,
                        1738906283.7629769,
                        17004971155963
                    ],
                    "sub": []
                },
                {
                    "stat": [
                        "doParsingAndDesignResolution",
                        "exit",
                        0.15051102638244629,
                        0.040336999999999998,
                        0.038012999999999998,
                        317172,
                        385436,
                        0.0,
                        0.0,
                        1738906283.780731,
                        17005015486163
                    ],
                    "sub": []
                },
                {
                    "stat": [
                        "doPostDesignResolutionToVir2Vcs",
                        "entry",
                        0.15529417991638184,
                        0.042015999999999998,
                        0.042015999999999998,
                        298216,
                        385436,
                        0.0,
                        0.0,
                        1738906283.7855141,
                        17005027444848
                    ],
                    "sub": [
                        {
                            "stat": [
                                "doUptoVir2VcsNoSepCleanup",
                                "entry",
                                0.16012001037597656,
                                0.046259000000000002,
                                0.042054000000000001,
                                298440,
                                385436,
                                0.0,
                                0.0,
                                1738906283.7903399,
                                17005039436761
                            ],
                            "sub": []
                        },
                        {
                            "stat": [
                                "doUptoVir2VcsNoSepCleanup",
                                "exit",
                                0.18243718147277832,
                                0.065282999999999994,
                                0.042054000000000001,
                                299336,
                                385436,
                                0.001835,
                                0.0,
                                1738906283.8126571,
                                17005095226072
                            ],
                            "sub": []
                        },
                        {
                            "stat": [
                                "doRadify_vir2vcsAll",
                                "entry",
                                0.18252801895141602,
                                0.065377000000000005,
                                0.042054000000000001,
                                299336,
                                385436,
                                0.001835,
                                0.0,
                                1738906283.812748,
                                17005095337716
                            ],
                            "sub": []
                        },
                        {
                            "stat": [
                                "doRadify_vir2vcsAll",
                                "exit",
                                0.18583416938781738,
                                0.068659999999999999,
                                0.042054000000000001,
                                300360,
                                385436,
                                0.001835,
                                0.0,
                                1738906283.8160541,
                                17005103643386
                            ],
                            "sub": []
                        }
                    ]
                },
                {
                    "stat": [
                        "doPostDesignResolutionToVir2Vcs",
                        "exit",
                        0.18587207794189453,
                        0.068698999999999996,
                        0.042054000000000001,
                        300360,
                        385436,
                        0.001835,
                        0.0,
                        1738906283.816092,
                        17005103679773
                    ],
                    "sub": []
                },
                {
                    "stat": [
                        "doGAToPass2",
                        "entry",
                        0.1858830451965332,
                        0.068709999999999993,
                        0.042054000000000001,
                        300360,
                        385436,
                        0.001835,
                        0.0,
                        1738906283.816103,
                        17005103705353
                    ],
                    "sub": [
                        {
                            "stat": [
                                "DoPass2",
                                "entry",
                                0.2095341682434082,
                                0.069707000000000005,
                                0.042054000000000001,
                                298804,
                                385436,
                                0.0149,
                                0.0048599999999999997,
                                1738906283.8397541,
                                17005162846363
                            ],
                            "sub": []
                        },
                        {
                            "stat": [
                                "DoPass2",
                                "exit",
                                0.26635503768920898,
                                0.125607,
                                0.042333000000000003,
                                311472,
                                385436,
                                0.0149,
                                0.0048599999999999997,
                                1738906283.896575,
                                17005304602456
                            ],
                            "sub": []
                        }
                    ]
                },
                {
                    "stat": [
                        "doGAToPass2",
                        "exit",
                        0.26912808418273926,
                        0.128252,
                        0.042333000000000003,
                        311472,
                        385436,
                        0.0149,
                        0.0048599999999999997,
                        1738906283.899348,
                        17005311533639
                    ],