{
    "CompUnits": {},
    "Modules": {
        "...MASTER...": {
            "nQuads": 0,
            "start_perf": [
                0.23508882522583008,
                0.072156999999999999,
                0.024052,
                298984,
                383764,
                1754452191.6612549,
                21238554183052
            ],
            "end_perf": [
                0.25638389587402344,
                0.073370000000000005,
                0.024455999999999999,
                300404,
                383764,
                21238607392930,
                0,
                0
            ],
            "child_modules": {
                "Writeback_tb": 1,
                "std": 1
            },
            "nRouts": 5,
            "nMops": 0
        },
        "std": {
            "start_perf": [
                0.25647592544555664,
                0.073427999999999993,
                0.024476000000000001,
                300404,
                383764,
                1754452191.682642,
                21238607560697
            ],
            "nQuads": 218,
            "end_perf": [
                0.25991392135620117,
                0.076231999999999994,
                0.024476000000000001,
                300404,
                383764,
                21238616199749,
                8589934594,
                0
            ],
            "child_modules": {},
            "nRouts": 33,
            "Compiled": "Yes",
            "nMops": 528,
            "svclass": [
                "$vcs_nba_dyn_obj",
                0,
                35,
                2,
                2,
                0,
                "sigprop$$",
                0,
                35,
                2,
                2,
                0,
                "process",
                0,
                200,
                8,
                8,
                0,
                "event",
                0,
                34,
                2,
                2,
                0,
                "mailbox",
                0,
                140,
                9,
                9,
                0,
                "semaphore",
                0,
                84,
                5,
                5,
                0
            ],
            "Compiled Times": 3
        },
        "Writeback_tb": {
            "nQuads": 570,
            "start_perf": [
                0.25996184349060059,
                0.076283000000000004,
                0.024476000000000001,
                300404,
                383764,
                1754452191.6861279,
                21238616259838
            ],
            "end_perf": [
                0.27916193008422852,
                0.087735999999999995,
                0.024476000000000001,
                302832,
                383764,
                21238664236646,
                17179869185,
                0
            ],
            "child_modules": {},
            "nRouts": 65,
            "nMops": 1630,
            "Compiled": "Yes",
            "Compiled Times": 3
        }
    },
    "reusePaths": {
        "amcQw_d": {
            "icPath": "csrc"
        },
        "reYIK_d": {
            "icPath": "csrc"
        },
        "Y7i6Q_d": {
            "icPath": "csrc"
        }
    },
    "ObjArchives": [
        {
            "archive": "archive.2/_51988_archive_1.a",
            "objects": [
                [
                    "amcQwB.o",
                    118706
                ]
            ],
            "size": 118706
        }
    ],
    "stat": {
        "ru_self_end": {
            "ru_stime_sec": 0.024476000000000001,
            "ru_utime_sec": 0.093172000000000005,
            "ru_maxrss_kb": 120472,
            "ru_minflt": 13109,
            "ru_majflt": 0,
            "ru_nvcsw": 33,
            "ru_nivcsw": 165
        },
        "ru_childs_end": {
            "ru_stime_sec": 0.0047730000000000003,
            "ru_utime_sec": 0.019222,
            "ru_maxrss_kb": 112408,
            "ru_minflt": 2724,
            "ru_majflt": 0,
            "ru_nvcsw": 22,
            "ru_nivcsw": 25
        },
        "cpu_cycles_end": 21238702206124,
        "peak_mem_kb": 383764
    }
}