{
    "CompileStrategy": "fullobj",
    "cycles_program_begin": 8978133352098,
    "NameTable": {
        "std": [
            "std",
            "reYIK",
            "module",
            1
        ],
        "tb": [
            "tb",
            "g7hgQ",
            "module",
            2
        ],
        "...MASTER...": [
            "SIM",
            "amcQw",
            "module",
            3
        ]
    },
    "stat": {
        "ru_self_cgstart": {
            "ru_nivcsw": 60,
            "ru_utime_sec": 0.059122000000000001,
            "ru_majflt": 0,
            "ru_stime_sec": 0.028122000000000001,
            "ru_maxrss_kb": 111724,
            "ru_minflt": 11632,
            "ru_nvcsw": 31
        },
        "ru_childs_cgstart": {
            "ru_nivcsw": 19,
            "ru_utime_sec": 0.023744000000000001,
            "ru_majflt": 0,
            "ru_stime_sec": 0.0047130000000000002,
            "ru_maxrss_kb": 111724,
            "ru_minflt": 4115,
            "ru_nvcsw": 18
        },
        "cpu_cycles_total": 495957380,
        "cpu_cycles_end": 8978629309478,
        "nQuads": 888,
        "cpu_cycles_cgstart": 8978554335394,
        "totalObjSize": 199688,
        "Frontend(%)": 76.85587089593767,
        "nMops": 1942,
        "ru_self_end": {
            "ru_nivcsw": 74,
            "ru_utime_sec": 0.084075999999999998,
            "ru_majflt": 0,
            "ru_stime_sec": 0.032426999999999997,
            "ru_maxrss_kb": 121492,
            "ru_minflt": 13352,
            "ru_nvcsw": 31
        },
        "CodeGen(%)": 23.14412910406233,
        "ru_childs_end": {
            "ru_nivcsw": 19,
            "ru_utime_sec": 0.023744000000000001,
            "ru_majflt": 0,
            "ru_stime_sec": 0.0047130000000000002,
            "ru_maxrss_kb": 111724,
            "ru_minflt": 4115,
            "ru_nvcsw": 18
        },
        "outputSizePerQuad": 224.87387387387386,
        "mopSpeed": 77823.194678207889,
        "mop/quad": 2.1869369369369371,
        "quadSpeed": 35585.477278191865,
        "realTime": 0.21448206901550293,
        "peak_mem_kb": 383848
    },
    "cpu_cycles_pass2_start": 8978554285574,
    "perf": [
        {
            "stat": [
                "main",
                "entry",
                0.015815019607543945,
                0.037296999999999997,
                0.012432,
                203224,
                204480,
                0.0,
                0.0,
                1772238165.827255,
                8978133593661
            ],
            "sub": [
                {
                    "stat": [
                        "doParsingAndDesignResolution",
                        "entry",
                        0.1276860237121582,
                        0.046496000000000003,
                        0.012869,
                        212912,
                        213712,
                        0.0,
                        0.0,
                        1772238165.939126,
                        8978412770808
                    ],
                    "sub": []
                },
                {
                    "stat": [
                        "doParsingAndDesignResolution",
                        "exit",
                        0.13696002960205078,
                        0.051868999999999998,
                        0.016709999999999999,
                        316180,
                        383848,
                        0.0,
                        0.0,
                        1772238165.9484,
                        8978435952326
                    ],
                    "sub": []
                },
                {
                    "stat": [
                        "doPostDesignResolutionToVir2Vcs",
                        "entry",
                        0.14223098754882812,
                        0.053212000000000002,
                        0.020466000000000002,
                        298140,
                        383848,
                        0.0,
                        0.0,
                        1772238165.953671,
                        8978449081825
                    ],
                    "sub": [
                        {
                            "stat": [
                                "doUptoVir2VcsNoSepCleanup",
                                "entry",
                                0.1442101001739502,
                                0.053212000000000002,
                                0.022445,
                                298332,
                                383848,
                                0.0,
                                0.0,
                                1772238165.9556501,
                                8978453995697
                            ],
                            "sub": []
                        },
                        {
                            "stat": [
                                "doUptoVir2VcsNoSepCleanup",
                                "exit",
                                0.15448307991027832,
                                0.056216000000000002,
                                0.028108000000000001,
                                298460,
                                383848,
                                0.001554,
                                0.0,
                                1772238165.9659231,
                                8978479655290
                            ],
                            "sub": []
                        },
                        {
                            "stat": [
                                "doRadify_vir2vcsAll",
                                "entry",
                                0.1545250415802002,
                                0.056245000000000003,
                                0.028122000000000001,
                                298460,
                                383848,
                                0.001554,
                                0.0,
                                1772238165.965965,
                                8978479713887
                            ],
                            "sub": []
                        },
                        {
                            "stat": [
                                "doRadify_vir2vcsAll",
                                "exit",
                                0.15646791458129883,
                                0.058187000000000003,
                                0.028122000000000001,
                                300144,
                                383848,
                                0.001554,
                                0.0,
                                1772238165.9679079,
                                8978484607575
                            ],
                            "sub": []
                        }
                    ]
                },
                {
                    "stat": [
                        "doPostDesignResolutionToVir2Vcs",
                        "exit",
                        0.15649509429931641,
                        0.058215000000000003,
                        0.028122000000000001,
                        300144,
                        383848,
                        0.001554,
                        0.0,
                        1772238165.9679351,
                        8978484628649
                    ],
                    "sub": []
                },
                {
                    "stat": [
                        "doGAToPass2",
                        "entry",
                        0.15650296211242676,
                        0.058222000000000003,
                        0.028122000000000001,
                        300144,
                        383848,
                        0.001554,
                        0.0,
                        1772238165.967943,
                        8978484645362
                    ],