{
    "stat": {
        "ru_self_end": {
            "ru_utime_sec": 0.112541,
            "ru_stime_sec": 0.035188999999999998,
            "ru_maxrss_kb": 123960,
            "ru_majflt": 0,
            "ru_minflt": 14130,
            "ru_nvcsw": 32,
            "ru_nivcsw": 83
        },
        "ru_childs_end": {
            "ru_utime_sec": 0.027921999999999999,
            "ru_stime_sec": 0.0049300000000000004,
            "ru_maxrss_kb": 111680,
            "ru_majflt": 0,
            "ru_minflt": 4113,
            "ru_nvcsw": 16,
            "ru_nivcsw": 27
        },
        "peak_mem_kb": 381544,
        "cpu_cycles_end": 2943442002463
    },
    "Modules": {
        "...MASTER...": {
            "start_perf": [
                0.21483397483825684,
                0.070905999999999997,
                0.027574000000000001,
                298700,
                381544,
                1772525278.774806,
                2943315998862
            ],
            "nMops": 0,
            "child_modules": {
                "std": 1,
                "testbench": 1
            },
            "end_perf": [
                0.21693992614746094,
                0.070905999999999997,
                0.029678,
                303208,
                381544,
                2943321293687,
                0,
                0
            ],
            "nRouts": 5,
            "nQuads": 0
        },
        "std": {
            "start_perf": [
                0.21699786186218262,
                0.070905999999999997,
                0.029738000000000001,
                303208,
                381544,
                1772525278.7769699,
                2943321396231
            ],
            "child_modules": {},
            "nMops": 528,
            "Compiled": "Yes",
            "Compiled Times": 1,
            "svclass": [
                "$vcs_nba_dyn_obj",
                576,
                35,
                2,
                2,
                0,
                "sigprop$$",
                576,
                35,
                2,
                2,
                0,
                "process",
                2380,
                200,
                8,
                8,
                0,
                "event",
                597,
                34,
                2,
                2,
                0,
                "mailbox",
                1769,
                140,
                9,
                9,
                0,
                "semaphore",
                1119,
                84,
                5,
                5,
                0
            ],
            "end_perf": [
                0.22446894645690918,
                0.077163999999999996,
                0.030865,
                305404,
                381544,
                2943340089085,
                8589934594,
                0
            ],
            "nQuads": 218,
            "nRouts": 33
        },
        "testbench": {
            "start_perf": [
                0.22451901435852051,
                0.077201000000000006,
                0.030880000000000001,
                305404,
                381544,
                1772525278.7844911,
                2943340167455
            ],
            "child_modules": {},
            "nMops": 4265,
            "Compiled": "Yes",
            "Compiled Times": 1,
            "significant_routs": [
                [
                    46,
                    "U_VCSgd_iAVhC_46",
                    3566550,
                    2609,
                    186
                ],
                [
                    82,
                    "R_VCSgd_iAVhC_52",
                    3856815,
                    487,
                    95
                ]
            ],
            "nQuads": 1553,
            "end_perf": [
                0.26087594032287598,
                0.108422,
                0.034849999999999999,
                309344,
                381544,
                2943430992534,
                17179869185,
                0
            ],
            "nRouts": 140
        }
    },
    "ObjArchives": [
        {
            "archive": "archive.0/_27501_archive_1.a",
            "objects": [
                [
                    "reYIK_d.o",
                    43000
                ],
                [
                    "iAVhC_d.o",
                    70196
                ],
                [
                    "amcQwB.o",
                    117016
                ]
            ],
            "size": 230212
        }
    ],
    "CompUnits": {
        "iAVhC_d": {
            "mod": "testbench",
            "out": "iAVhC_d.o",
            "bytes": 70196,
            "checksum": 0,
            "text": 39568,
            "mode": 4,
            "archive": "archive.0/_27501_archive_1.a"
        },
        "amcQw_d": {
            "mod": "...MASTER...",
            "out": "objs/amcQw_d.o",
            "bytes": 7832,
            "checksum": 0,
            "text": 434,
            "mode": 4
        },
        "reYIK_d": {
            "mod": "std",
            "out": "reYIK_d.o",
            "bytes": 43000,
            "checksum": 0,
            "cls": 7017,
            "text": 7325,
            "mode": 4,
            "archive": "archive.0/_27501_archive_1.a"
        }
    },
    "reusePaths": {}
}