{
    "CompileStrategy": "fullobj",
    "cycles_program_begin": 7282758816412,
    "stat": {
        "nQuads": 1901,
        "ru_childs_cgstart": {
            "ru_utime_sec": 0.01503,
            "ru_nivcsw": 86,
            "ru_stime_sec": 0.007737,
            "ru_maxrss_kb": 111716,
            "ru_nvcsw": 20,
            "ru_minflt": 2714,
            "ru_majflt": 0
        },
        "ru_self_cgstart": {
            "ru_utime_sec": 0.082500000000000004,
            "ru_nivcsw": 118,
            "ru_stime_sec": 0.024961000000000001,
            "ru_maxrss_kb": 111716,
            "ru_nvcsw": 13,
            "ru_minflt": 11816,
            "ru_majflt": 0
        },
        "quadSpeed": 39521.829521829539,
        "ru_childs_end": {
            "ru_utime_sec": 0.01503,
            "ru_nivcsw": 86,
            "ru_stime_sec": 0.007737,
            "ru_maxrss_kb": 111716,
            "ru_nvcsw": 20,
            "ru_minflt": 2714,
            "ru_majflt": 0
        },
        "ru_self_end": {
            "ru_utime_sec": 0.13059999999999999,
            "ru_nivcsw": 126,
            "ru_stime_sec": 0.028767999999999998,
            "ru_maxrss_kb": 124560,
            "ru_nvcsw": 13,
            "ru_minflt": 14238,
            "ru_majflt": 0
        },
        "cpu_cycles_cgstart": 7283293611237,
        "nMops": 5197,
        "outputSizePerQuad": 127.51604418726986,
        "totalObjSize": 242408,
        "cpu_cycles_end": 7283423939948,
        "mopSpeed": 108045.73804573809,
        "cpu_cycles_total": 665123536,
        "mop/quad": 2.7338243029984217,
        "CodeGen(%)": 33.028908878665099,
        "Frontend(%)": 66.971091121334894,
        "peak_mem_kb": 381528,
        "realTime": 0.28364682197570801
    },
    "cpu_cycles_pass2_start": 7283293540468,
    "CurCompileModules": [
        "...MASTER...",
        "...MASTER...",
        "std",
        "std",
        "testbench",
        "testbench"
    ],
    "perf": [
        {
            "stat": [
                "main",
                "entry",
                0.017189979553222656,
                0.038933000000000002,
                0.012977000000000001,
                203220,
                204476,
                0.0,
                0.0,
                1740643200.215445,
                7282759076199
            ],
            "sub": [
                {
                    "stat": [
                        "doParsingAndDesignResolution",
                        "entry",
                        0.13150191307067871,
                        0.046038000000000003,
                        0.016740999999999999,
                        212908,
                        213708,
                        0.0,
                        0.0,
                        1740643200.329757,
                        7283044326625
                    ],
                    "sub": []
                },
                {
                    "stat": [
                        "doParsingAndDesignResolution",
                        "exit",
                        0.15247893333435059,
                        0.058771999999999998,
                        0.020990000000000002,
                        314384,
                        381528,
                        0.0,
                        0.0,
                        1740643200.350734,
                        7283096698254
                    ],
                    "sub": []
                },
                {
                    "stat": [
                        "doPostDesignResolutionToVir2Vcs",
                        "entry",
                        0.15540790557861328,
                        0.062462999999999998,
                        0.021426000000000001,
                        298188,
                        381528,
                        0.0,
                        0.0,
                        1740643200.353663,
                        7283103995904
                    ],
                    "sub": [
                        {
                            "stat": [
                                "doUptoVir2VcsNoSepCleanup",
                                "entry",
                                0.15895390510559082,
                                0.065700999999999996,
                                0.021734,
                                298380,
                                381528,
                                0.0,
                                0.0,
                                1740643200.357209,
                                7283112845643
                            ],
                            "sub": []
                        },
                        {
                            "stat": [
                                "doUptoVir2VcsNoSepCleanup",
                                "exit",
                                0.18198800086975098,
                                0.081021999999999997,
                                0.021734,
                                298508,
                                381528,
                                0.0,
                                0.0021150000000000001,
                                1740643200.3802431,
                                7283170352972
                            ],
                            "sub": []
                        },
                        {
                            "stat": [
                                "doRadify_vir2vcsAll",
                                "entry",
                                0.18204998970031738,
                                0.081086000000000005,
                                0.021734,
                                298508,
                                381528,
                                0.0,
                                0.0021150000000000001,
                                1740643200.3803051,
                                7283170434744
                            ],
                            "sub": []
                        },
                        {
                            "stat": [
                                "doRadify_vir2vcsAll",
                                "exit",
                                0.1852879524230957,
                                0.081086000000000005,
                                0.024889000000000001,
                                300444,
                                381528,
                                0.0,
                                0.0021150000000000001,
                                1740643200.383543,
                                7283178611591
                            ],
                            "sub": []
                        }
                    ]
                },
                {
                    "stat": [
                        "doPostDesignResolutionToVir2Vcs",
                        "exit",
                        0.18534398078918457,
                        0.081086000000000005,
                        0.024947,
                        300444,
                        381528,
                        0.0,
                        0.0021150000000000001,
                        1740643200.383599,
                        7283178655442
                    ],
                    "sub": []
                },
                {
                    "stat": [
                        "doGAToPass2",
                        "entry",
                        0.18535685539245605,
                        0.081086000000000005,
                        0.024961000000000001,
                        300444,
                        381528,
                        0.0,
                        0.0021150000000000001,
                        1740643200.3836119,
                        7283178684003
                    ],