{
    "NameTable": {
        "std": [
            "std",
            "reYIK",
            "module",
            1
        ],
        "testbench": [
            "testbench",
            "iAVhC",
            "module",
            2
        ],
        "...MASTER...": [
            "SIM",
            "amcQw",
            "module",
            3
        ]
    },
    "cycles_program_begin": 10686426905741,
    "cpu_cycles_pass2_start": 10686922499986,
    "PrevCompiledModules": {},
    "incremental": "on",
    "perf": [
        {
            "stat": [
                "main",
                "entry",
                0.016119003295898438,
                0.032929,
                0.016463999999999999,
                203220,
                204476,
                0.0,
                0.0,
                1755716968.8325119,
                10686427123188
            ],
            "sub": [
                {
                    "stat": [
                        "doParsingAndDesignResolution",
                        "entry",
                        0.13179612159729004,
                        0.041637,
                        0.018925999999999998,
                        212908,
                        213708,
                        0.0,
                        0.0,
                        1755716968.948189,
                        10686715817961
                    ],
                    "sub": []
                },
                {
                    "stat": [
                        "doParsingAndDesignResolution",
                        "exit",
                        0.14895105361938477,
                        0.058358,
                        0.019452000000000001,
                        314020,
                        385112,
                        0.0,
                        0.0,
                        1755716968.965344,
                        10686758647826
                    ],
                    "sub": []
                },
                {
                    "stat": [
                        "doPostDesignResolutionToVir2Vcs",
                        "entry",
                        0.15102410316467285,
                        0.058358,
                        0.021526,
                        300004,
                        385112,
                        0.0,
                        0.0,
                        1755716968.967417,
                        10686763824925
                    ],
                    "sub": [
                        {
                            "stat": [
                                "doUptoVir2VcsNoSepCleanup",
                                "entry",
                                0.15462303161621094,
                                0.058358,
                                0.025097000000000001,
                                300196,
                                385112,
                                0.0,
                                0.0,
                                1755716968.9710159,
                                10686772821955
                            ],
                            "sub": []
                        },
                        {
                            "stat": [
                                "doUptoVir2VcsNoSepCleanup",
                                "exit",
                                0.18345999717712402,
                                0.065360000000000001,
                                0.034602000000000001,
                                313544,
                                385112,
                                0.0,
                                0.0019300000000000001,
                                1755716968.9998529,
                                10686844783120
                            ],
                            "sub": []
                        },
                        {
                            "stat": [
                                "doRadify_vir2vcsAll",
                                "entry",
                                0.18351411819458008,
                                0.065394999999999995,
                                0.034620999999999999,
                                313544,
                                385112,
                                0.0,
                                0.0019300000000000001,
                                1755716968.999907,
                                10686844864778
                            ],
                            "sub": []
                        },
                        {
                            "stat": [
                                "doRadify_vir2vcsAll",
                                "exit",
                                0.18684220314025879,
                                0.068449999999999997,
                                0.034620999999999999,
                                313544,
                                385112,
                                0.0,
                                0.0019300000000000001,
                                1755716969.0032351,
                                10686853228608
                            ],
                            "sub": []
                        }
                    ]
                },
                {
                    "stat": [
                        "doPostDesignResolutionToVir2Vcs",
                        "exit",
                        0.18688106536865234,
                        0.068490999999999996,
                        0.034620999999999999,
                        313544,
                        385112,
                        0.0,
                        0.0019300000000000001,
                        1755716969.003274,
                        10686853258929
                    ],
                    "sub": []
                },
                {
                    "stat": [
                        "doGAToPass2",
                        "entry",
                        0.1868901252746582,
                        0.068500000000000005,
                        0.034620999999999999,
                        313544,
                        385112,
                        0.0,
                        0.0019300000000000001,
                        1755716969.003283,
                        10686853279656
                    ],
                    "sub": [
                        {
                            "stat": [
                                "DoPass2",
                                "entry",
                                0.21459507942199707,
                                0.069386000000000003,
                                0.034693000000000002,
                                311988,
                                385112,
                                0.0086079999999999993,
                                0.011949,
                                1755716969.030988,
                                10686922489976
                            ],
                            "sub": []
                        },
                        {
                            "stat": [
                                "DoPass2",
                                "exit",
                                0.26684308052062988,
                                0.11113099999999999,
                                0.041286999999999997,
                                314316,
                                385112,
                                0.0086079999999999993,
                                0.011949,
                                1755716969.083236,
                                10687052901442
                            ],