{
    "Modules": {
        "...MASTER...": {
            "nMops": 0,
            "start_perf": [
                0.21467900276184082,
                0.069442000000000004,
                0.034721000000000002,
                311988,
                385112,
                1755716969.0310719,
                10686922649370
            ],
            "child_modules": {
                "std": 1,
                "testbench": 1
            },
            "end_perf": [
                0.21677708625793457,
                0.07084,
                0.03542,
                312968,
                385112,
                10686927930216,
                0,
                0
            ],
            "nRouts": 5,
            "nQuads": 0
        },
        "std": {
            "nMops": 528,
            "start_perf": [
                0.21684408187866211,
                0.070886000000000005,
                0.035443000000000002,
                312968,
                385112,
                1755716969.033237,
                10686928052481
            ],
            "child_modules": {},
            "svclass": [
                "$vcs_nba_dyn_obj",
                576,
                35,
                2,
                2,
                0,
                "sigprop$$",
                576,
                35,
                2,
                2,
                0,
                "process",
                2380,
                200,
                8,
                8,
                0,
                "event",
                597,
                34,
                2,
                2,
                0,
                "mailbox",
                1769,
                140,
                9,
                9,
                0,
                "semaphore",
                1119,
                84,
                5,
                5,
                0
            ],
            "Compiled": "Yes",
            "Compiled Times": 1,
            "end_perf": [
                0.22657418251037598,
                0.075966000000000006,
                0.037983000000000003,
                313936,
                385112,
                10686952388361,
                8589934594,
                0
            ],
            "significant_routs": [
                [
                    24,
                    "F_VCSgd_reYIK_24_0",
                    5273070,
                    984,
                    90
                ]
            ],
            "nRouts": 33,
            "nQuads": 218
        },
        "testbench": {
            "start_perf": [
                0.22662210464477539,
                0.075998999999999997,
                0.037998999999999998,
                313936,
                385112,
                1755716969.043015,
                10686952460460
            ],
            "nMops": 4555,
            "child_modules": {},
            "Compiled": "Yes",
            "Compiled Times": 1,
            "end_perf": [
                0.26523709297180176,
                0.11113099999999999,
                0.039689000000000002,
                313936,
                385112,
                10687048909333,
                17179869185,
                0
            ],
            "significant_routs": [
                [
                    96,
                    "R_VCSgd_iAVhC_60",
                    3921164,
                    107,
                    11
                ]
            ],
            "nRouts": 182,
            "nQuads": 1646
        }
    },
    "CompUnits": {
        "amcQw_d": {
            "mode": 4,
            "bytes": 7832,
            "mod": "...MASTER...",
            "out": "objs/amcQw_d.o",
            "text": 434,
            "checksum": 0
        },
        "reYIK_d": {
            "mode": 4,
            "bytes": 43000,
            "mod": "std",
            "cls": 7017,
            "out": "reYIK_d.o",
            "text": 7325,
            "checksum": 0,
            "archive": "archive.0/_235843_archive_1.a"
        },
        "iAVhC_d": {
            "mode": 4,
            "bytes": 73130,
            "mod": "testbench",
            "out": "iAVhC_d.o",
            "text": 41973,
            "checksum": 0,
            "archive": "archive.0/_235843_archive_1.a"
        }
    },
    "reusePaths": {},
    "ObjArchives": [
        {
            "objects": [
                [
                    "reYIK_d.o",
                    43000
                ],
                [
                    "iAVhC_d.o",
                    73130
                ],
                [
                    "amcQwB.o",
                    117132
                ]
            ],
            "archive": "archive.0/_235843_archive_1.a",
            "size": 233262
        }
    ],
    "stat": {
        "ru_self_end": {
            "ru_nivcsw": 115,
            "ru_utime_sec": 0.111793,
            "ru_stime_sec": 0.043868999999999998,
            "ru_maxrss_kb": 126204,
            "ru_minflt": 14150,
            "ru_majflt": 0,
            "ru_nvcsw": 15
        },
        "ru_childs_end": {
            "ru_nivcsw": 21,
            "ru_utime_sec": 0.0086079999999999993,
            "ru_stime_sec": 0.011949,
            "ru_maxrss_kb": 113724,
            "ru_minflt": 2709,
            "ru_majflt": 0,
            "ru_nvcsw": 22
        },
        "cpu_cycles_end": 10687061147407,
        "peak_mem_kb": 385112
    }
}