{
    "Modules": {
        "...MASTER...": {
            "nRouts": 5,
            "start_perf": [
                0.37427520751953125,
                0.082657999999999995,
                0.056555000000000001,
                310776,
                381604,
                1740887564.1844611,
                17376935542058
            ],
            "child_modules": {
                "std": 1,
                "tb": 1
            },
            "nMops": 0,
            "end_perf": [
                0.38459110260009766,
                0.084074999999999997,
                0.057525,
                311756,
                381604,
                17376961321351,
                0,
                0
            ],
            "nQuads": 0
        },
        "std": {
            "nRouts": 33,
            "start_perf": [
                0.3846590518951416,
                0.084112999999999993,
                0.057550999999999998,
                311756,
                381604,
                1740887564.194845,
                17376961462001
            ],
            "Compiled Times": 1,
            "significant_routs": [
                [
                    24,
                    "F_VCSgd_reYIK_24_0",
                    7541767,
                    984,
                    90
                ]
            ],
            "child_modules": {},
            "nMops": 528,
            "Compiled": "Yes",
            "end_perf": [
                0.39721012115478516,
                0.088037000000000004,
                0.061626,
                312724,
                381604,
                17376992842691,
                8589934594,
                0
            ],
            "svclass": [
                "$vcs_nba_dyn_obj",
                576,
                35,
                2,
                2,
                0,
                "sigprop$$",
                576,
                35,
                2,
                2,
                0,
                "process",
                2380,
                200,
                8,
                8,
                0,
                "event",
                597,
                34,
                2,
                2,
                0,
                "mailbox",
                1769,
                140,
                9,
                9,
                0,
                "semaphore",
                1119,
                84,
                5,
                5,
                0
            ],
            "nQuads": 218
        },
        "tb": {
            "nRouts": 175,
            "start_perf": [
                0.39726400375366211,
                0.088069999999999996,
                0.061649000000000002,
                312724,
                381604,
                1740887564.2074499,
                17376992917128
            ],
            "Compiled Times": 1,
            "significant_routs": [
                [
                    2,
                    "R_VCSgd_g7hgQ_2",
                    5176730,
                    4575,
                    576
                ],
                [
                    91,
                    "R_VCSgd_g7hgQ_5b",
                    5967376,
                    3620,
                    369
                ],
                [
                    93,
                    "R_VCSgd_g7hgQ_5d",
                    11435621,
                    1003,
                    81
                ]
            ],
            "child_modules": {},
            "Compiled": "Yes",
            "end_perf": [
                0.44364619255065918,
                0.12668499999999999,
                0.063341999999999996,
                312724,
                381604,
                17377108743492,
                21474836481,
                0
            ],
            "nMops": 4836,
            "nQuads": 2068
        }
    },
    "CompUnits": {
        "reYIK_d": {
            "checksum": 0,
            "bytes": 43000,
            "mod": "std",
            "out": "reYIK_d.o",
            "text": 7325,
            "cls": 7017,
            "mode": 4,
            "archive": "archive.0/_92843_archive_1.a"
        },
        "amcQw_d": {
            "checksum": 0,
            "bytes": 7824,
            "mod": "...MASTER...",
            "out": "objs/amcQw_d.o",
            "text": 434,
            "mode": 4
        },
        "g7hgQ_d": {
            "checksum": 0,
            "bytes": 85976,
            "mod": "tb",
            "out": "g7hgQ_d.o",
            "text": 43858,
            "mode": 4,
            "archive": "archive.0/_92843_archive_1.a"
        }
    },
    "reusePaths": {},
    "ObjArchives": [
        {
            "archive": "archive.0/_92843_archive_1.a",
            "size": 249126,
            "objects": [
                [
                    "reYIK_d.o",
                    43000
                ],
                [
                    "g7hgQ_d.o",
                    85976
                ],
                [
                    "amcQwB.o",
                    120150
                ]
            ]
        }
    ],
    "stat": {
        "ru_self_end": {
            "ru_nvcsw": 941,
            "ru_utime_sec": 0.13102,
            "ru_minflt": 14024,
            "ru_stime_sec": 0.063978999999999994,
            "ru_majflt": 1170,
            "ru_maxrss_kb": 126188,
            "ru_nivcsw": 70
        },
        "ru_childs_end": {
            "ru_nvcsw": 143,
            "ru_utime_sec": 0.014383999999999999,
            "ru_minflt": 2662,
            "ru_stime_sec": 0.0098359999999999993,
            "ru_majflt": 143,
            "ru_maxrss_kb": 113644,
            "ru_nivcsw": 16
        },
        "peak_mem_kb": 381604,
        "cpu_cycles_end": 17377123925288
    }
}