{
    "Modules": {
        "FullAdder": {
            "start_perf": [
                0.243560791015625,
                0.087346999999999994,
                0.031761999999999999,
                305688,
                384032,
                1741054421.9470489,
                5344624162738
            ],
            "Compiled Times": 1,
            "child_modules": {},
            "nQuads": 78,
            "Compiled": "Yes",
            "nRouts": 10,
            "nMops": 244,
            "end_perf": [
                0.25051498413085938,
                0.091138999999999998,
                0.031761999999999999,
                307352,
                384032,
                5344641572086,
                12884901889,
                0
            ]
        },
        "std": {
            "start_perf": [
                0.23219990730285645,
                0.079978999999999995,
                0.031113999999999999,
                303464,
                384032,
                1741054421.935688,
                5344595805092
            ],
            "Compiled Times": 1,
            "child_modules": {},
            "nQuads": 218,
            "Compiled": "Yes",
            "significant_routs": [
                [
                    24,
                    "F_VCSgd_reYIK_24_0",
                    7229227,
                    984,
                    90
                ]
            ],
            "nRouts": 33,
            "nMops": 528,
            "end_perf": [
                0.24350190162658691,
                0.087303000000000006,
                0.031746000000000003,
                305688,
                384032,
                5344624083232,
                8589934594,
                0
            ],
            "svclass": [
                "$vcs_nba_dyn_obj",
                576,
                35,
                2,
                2,
                0,
                "sigprop$$",
                576,
                35,
                2,
                2,
                0,
                "process",
                2380,
                200,
                8,
                8,
                0,
                "event",
                597,
                34,
                2,
                2,
                0,
                "mailbox",
                1769,
                140,
                9,
                9,
                0,
                "semaphore",
                1119,
                84,
                5,
                5,
                0
            ]
        },
        "...MASTER...": {
            "start_perf": [
                0.22999787330627441,
                0.077785999999999994,
                0.031113999999999999,
                298932,
                384032,
                1741054421.933486,
                5344590312066
            ],
            "child_modules": {
                "std": 1,
                "tb_adder64": 1
            },
            "nRouts": 5,
            "nMops": 0,
            "end_perf": [
                0.23212599754333496,
                0.079912999999999998,
                0.031113999999999999,
                303464,
                384032,
                5344595660057,
                0,
                0
            ],
            "nQuads": 0
        },
        "tb_adder64": {
            "start_perf": [
                0.25699877738952637,
                0.097571000000000005,
                0.031761999999999999,
                307352,
                384032,
                1741054421.9604869,
                5344657701031
            ],
            "Compiled Times": 1,
            "child_modules": {
                "RCA16": 4
            },
            "nQuads": 1177,
            "Compiled": "Yes",
            "significant_routs": [
                [
                    100,
                    "R_VCSgd_WatCj_64",
                    2818776,
                    2995,
                    263
                ]
            ],
            "nRouts": 158,
            "end_perf": [
                0.27634692192077637,
                0.116123,
                0.032034,
                307352,
                384032,
                5344706026141,
                25769803777,
                0
            ],
            "nMops": 2542
        },
        "RCA16": {
            "start_perf": [
                0.25055694580078125,
                0.091181999999999999,
                0.031761999999999999,
                307352,
                384032,
                1741054421.9540451,
                5344641626176
            ],
            "Compiled Times": 1,
            "child_modules": {
                "FullAdder": 16
            },
            "nQuads": 442,
            "Compiled": "Yes",
            "nRouts": 34,
            "nMops": 1428,
            "end_perf": [
                0.25696086883544922,
                0.097531999999999994,
                0.031761999999999999,
                307352,
                384032,
                5344657650910,
                17179869185,
                0
            ]
        }
    },
    "stat": {
        "ru_childs_end": {
            "ru_minflt": 2713,
            "ru_utime_sec": 0.011316,
            "ru_maxrss_kb": 111448,
            "ru_stime_sec": 0.0099620000000000004,
            "ru_majflt": 0,
            "ru_nvcsw": 18,
            "ru_nivcsw": 31
        },
        "ru_self_end": {
            "ru_minflt": 13798,
            "ru_utime_sec": 0.11693000000000001,
            "ru_maxrss_kb": 121724,
            "ru_stime_sec": 0.03517,
            "ru_majflt": 22,
            "ru_nvcsw": 37,
            "ru_nivcsw": 150
        },
        "cpu_cycles_end": 5344715999314,
        "peak_mem_kb": 384032
    },
    "CompUnits": {
        "amcQw_d": {
            "mod": "...MASTER...",
            "checksum": 0,
            "out": "objs/amcQw_d.o",
            "bytes": 7832,
            "text": 434,
            "mode": 4
        },
        "WatCj_d": {
            "mod": "tb_adder64",
            "checksum": 0,
            "out": "WatCj_d.o",
            "bytes": 48490,
            "text": 23313,
            "mode": 4,
            "archive": "archive.0/_21228_archive_1.a"
        },
        "reYIK_d": {
            "mod": "std",
            "checksum": 0,
            "cls": 7017,
            "out": "reYIK_d.o",
            "bytes": 43000,
            "text": 7325,
            "mode": 4,
            "archive": "archive.0/_21228_archive_1.a"
        },
        "n207S_d": {
            "mod": "FullAdder",
            "checksum": 0,
            "out": "n207S_d.o",
            "bytes": 9098,
            "text": 1841,
            "mode": 4,
            "archive": "archive.0/_21228_archive_1.a"
        },
        "pSk0y_d": {
            "mod": "RCA16",
            "checksum": 0,
            "out": "pSk0y_d.o",
            "bytes": 22342,
            "text": 9337,
            "mode": 4,
            "archive": "archive.0/_21228_archive_1.a"
        }
    },
    "reusePaths": {},
    "ObjArchives": [
        {
            "archive": "archive.0/_21228_archive_1.a",
            "objects": [
                [
                    "reYIK_d.o",
                    43000
                ],
                [
                    "n207S_d.o",
                    9098
                ],
                [
                    "pSk0y_d.o",
                    22342
                ],
                [
                    "WatCj_d.o",
                    48490
                ],
                [
                    "amcQwB.o",
                    117856
                ]
            ],
            "size": 240786
        }
    ]
}