{
    "Modules": {
        "testbench": {
            "nRouts": 151,
            "child_modules": {},
            "start_perf": [
                0.21217584609985352,
                0.064228999999999994,
                0.04156,
                305600,
                381968,
                1735787675.0716679,
                21420016809271
            ],
            "Compiled": "Yes",
            "Compiled Times": 1,
            "nQuads": 1309,
            "end_perf": [
                0.24278402328491211,
                0.086285000000000001,
                0.047064000000000002,
                309024,
                381968,
                21420093437493,
                17179869185,
                0
            ],
            "nMops": 2797
        },
        "std": {
            "nRouts": 33,
            "start_perf": [
                0.2038109302520752,
                0.059235000000000003,
                0.039004999999999998,
                303360,
                381968,
                1735787675.063303,
                21419995985961
            ],
            "svclass": [
                "$vcs_nba_dyn_obj",
                576,
                35,
                2,
                2,
                0,
                "sigprop$$",
                576,
                35,
                2,
                2,
                0,
                "process",
                2380,
                200,
                8,
                8,
                0,
                "event",
                597,
                34,
                2,
                2,
                0,
                "mailbox",
                1769,
                140,
                9,
                9,
                0,
                "semaphore",
                1119,
                84,
                5,
                5,
                0
            ],
            "child_modules": {},
            "Compiled": "Yes",
            "Compiled Times": 1,
            "nQuads": 218,
            "end_perf": [
                0.21211981773376465,
                0.064194000000000001,
                0.041536999999999998,
                305600,
                381968,
                21420016723591,
                8589934594,
                0
            ],
            "nMops": 528
        },
        "...MASTER...": {
            "nRouts": 5,
            "child_modules": {
                "testbench": 1,
                "std": 1
            },
            "start_perf": [
                0.19767594337463379,
                0.059235000000000003,
                0.036740000000000002,
                298828,
                381968,
                1735787675.057168,
                21419980620184
            ],
            "nQuads": 0,
            "end_perf": [
                0.19985198974609375,
                0.059235000000000003,
                0.038913999999999997,
                303360,
                381968,
                21419986085051,
                0,
                0
            ],
            "nMops": 0
        }
    },
    "stat": {
        "cpu_cycles_end": 21420104001776,
        "ru_self_end": {
            "ru_utime_sec": 0.089982999999999994,
            "ru_stime_sec": 0.047531999999999998,
            "ru_majflt": 0,
            "ru_maxrss_kb": 123188,
            "ru_minflt": 14001,
            "ru_nivcsw": 132,
            "ru_nvcsw": 25
        },
        "ru_childs_end": {
            "ru_utime_sec": 0.014441000000000001,
            "ru_stime_sec": 0.0056410000000000002,
            "ru_majflt": 0,
            "ru_maxrss_kb": 111140,
            "ru_minflt": 2712,
            "ru_nivcsw": 27,
            "ru_nvcsw": 18
        },
        "peak_mem_kb": 381968
    },
    "CompUnits": {
        "reYIK_d": {
            "bytes": 43000,
            "out": "reYIK_d.o",
            "mod": "std",
            "cls": 7017,
            "text": 7325,
            "mode": 4,
            "checksum": 0,
            "archive": "archive.0/_48298_archive_1.a"
        },
        "amcQw_d": {
            "bytes": 7832,
            "out": "objs/amcQw_d.o",
            "mod": "...MASTER...",
            "text": 434,
            "mode": 4,
            "checksum": 0
        },
        "iAVhC_d": {
            "bytes": 55868,
            "out": "iAVhC_d.o",
            "mod": "testbench",
            "text": 29918,
            "mode": 4,
            "checksum": 0,
            "archive": "archive.0/_48298_archive_1.a"
        }
    },
    "reusePaths": {},
    "ObjArchives": [
        {
            "archive": "archive.0/_48298_archive_1.a",
            "objects": [
                [
                    "reYIK_d.o",
                    43000
                ],
                [
                    "iAVhC_d.o",
                    55868
                ],
                [
                    "amcQwB.o",
                    116846
                ]
            ],
            "size": 215714
        }
    ]
}