{
    "Modules": {
        "std": {
            "nMops": 528,
            "significant_routs": [
                [
                    7,
                    "F_VCSgd_reYIK_7_0",
                    2938451,
                    462,
                    25
                ],
                [
                    17,
                    "F_VCSgd_reYIK_17_0",
                    3141123,
                    428,
                    19
                ],
                [
                    24,
                    "F_VCSgd_reYIK_24_0",
                    2758336,
                    984,
                    90
                ]
            ],
            "svclass": [
                "$vcs_nba_dyn_obj",
                576,
                35,
                2,
                2,
                0,
                "sigprop$$",
                576,
                35,
                2,
                2,
                0,
                "process",
                2380,
                200,
                8,
                8,
                0,
                "event",
                597,
                34,
                2,
                2,
                0,
                "mailbox",
                1769,
                140,
                9,
                9,
                0,
                "semaphore",
                1119,
                84,
                5,
                5,
                0
            ],
            "start_perf": [
                0.21306896209716797,
                0.066960000000000006,
                0.033826000000000002,
                311696,
                385148,
                1741083226.5383689,
                77240609917600
            ],
            "Compiled Times": 1,
            "child_modules": {},
            "nRouts": 33,
            "Compiled": "Yes",
            "end_perf": [
                0.22413992881774902,
                0.075538999999999995,
                0.033826000000000002,
                312664,
                385148,
                77240637578716,
                8589934594,
                0
            ],
            "nQuads": 218
        },
        "...MASTER...": {
            "nMops": 0,
            "start_perf": [
                0.21061992645263672,
                0.064601000000000006,
                0.033826000000000002,
                310716,
                385148,
                1741083226.5359199,
                77240603794433
            ],
            "child_modules": {
                "std": 1,
                "testbench": 1
            },
            "end_perf": [
                0.21290898323059082,
                0.066890000000000005,
                0.033826000000000002,
                311696,
                385148,
                77240609544701,
                0,
                0
            ],
            "nQuads": 0,
            "nRouts": 5
        },
        "testbench": {
            "significant_routs": [
                [
                    46,
                    "U_VCSgd_iAVhC_46",
                    3788440,
                    2609,
                    186
                ]
            ],
            "nMops": 3815,
            "start_perf": [
                0.22418808937072754,
                0.075588000000000002,
                0.033826000000000002,
                312664,
                385148,
                1741083226.5494881,
                77240637655080
            ],
            "Compiled Times": 1,
            "child_modules": {},
            "nRouts": 132,
            "Compiled": "Yes",
            "end_perf": [
                0.25933313369750977,
                0.109205,
                0.033826000000000002,
                312664,
                385148,
                77240725459205,
                17179869185,
                0
            ],
            "nQuads": 1541
        }
    },
    "CompUnits": {
        "amcQw_d": {
            "mod": "...MASTER...",
            "out": "objs/amcQw_d.o",
            "text": 434,
            "bytes": 7832,
            "mode": 4,
            "checksum": 0
        },
        "reYIK_d": {
            "mod": "std",
            "out": "reYIK_d.o",
            "text": 7325,
            "bytes": 43000,
            "mode": 4,
            "cls": 7017,
            "checksum": 0,
            "archive": "archive.0/_213452_archive_1.a"
        },
        "iAVhC_d": {
            "mod": "testbench",
            "out": "iAVhC_d.o",
            "text": 37120,
            "bytes": 67308,
            "mode": 4,
            "checksum": 0,
            "archive": "archive.0/_213452_archive_1.a"
        }
    },
    "reusePaths": {},
    "stat": {
        "ru_self_end": {
            "ru_utime_sec": 0.114357,
            "ru_majflt": 0,
            "ru_stime_sec": 0.033826000000000002,
            "ru_nivcsw": 175,
            "ru_maxrss_kb": 126900,
            "ru_minflt": 14275,
            "ru_nvcsw": 38
        },
        "peak_mem_kb": 385148,
        "ru_childs_end": {
            "ru_utime_sec": 0.015904000000000001,
            "ru_majflt": 0,
            "ru_stime_sec": 0.005182,
            "ru_nivcsw": 20,
            "ru_maxrss_kb": 114468,
            "ru_minflt": 2714,
            "ru_nvcsw": 18
        },
        "cpu_cycles_end": 77240747886768
    },
    "ObjArchives": [
        {
            "archive": "archive.0/_213452_archive_1.a",
            "objects": [
                [
                    "reYIK_d.o",
                    43000
                ],
                [
                    "iAVhC_d.o",
                    67308
                ],
                [
                    "amcQwB.o",
                    117110
                ]
            ],
            "size": 227418
        }
    ]
}