{
    "Modules": {
        "...MASTER...": {
            "start_perf": [
                0.21250391006469727,
                0.058069000000000003,
                0.037782000000000003,
                298652,
                381696,
                1772526226.4263389,
                5308734758921
            ],
            "nQuads": 0,
            "end_perf": [
                0.21484208106994629,
                0.060227000000000003,
                0.037782000000000003,
                303200,
                381696,
                5308740631464,
                0,
                0
            ],
            "child_modules": {
                "tb_multi_pipe": 1,
                "std": 1
            },
            "nMops": 0,
            "nRouts": 5
        },
        "std": {
            "start_perf": [
                0.21491909027099609,
                0.060292999999999999,
                0.037782000000000003,
                303200,
                381696,
                1772526226.4287541,
                5308740782041
            ],
            "nQuads": 218,
            "child_modules": {},
            "end_perf": [
                0.22446894645690918,
                0.067748000000000003,
                0.038108000000000003,
                305484,
                381696,
                5308764674331,
                8589934594,
                0
            ],
            "Compiled": "Yes",
            "Compiled Times": 1,
            "nMops": 528,
            "significant_routs": [
                [
                    24,
                    "F_VCSgd_reYIK_24_0",
                    5240109,
                    984,
                    90
                ]
            ],
            "svclass": [
                "$vcs_nba_dyn_obj",
                576,
                35,
                2,
                2,
                0,
                "sigprop$$",
                576,
                35,
                2,
                2,
                0,
                "process",
                2380,
                200,
                8,
                8,
                0,
                "event",
                597,
                34,
                2,
                2,
                0,
                "mailbox",
                1769,
                140,
                9,
                9,
                0,
                "semaphore",
                1119,
                84,
                5,
                5,
                0
            ],
            "nRouts": 33
        },
        "tb_multi_pipe": {
            "start_perf": [
                0.22451996803283691,
                0.067781999999999995,
                0.038127000000000001,
                305484,
                381696,
                1772526226.438355,
                5308764748686
            ],
            "nQuads": 1239,
            "child_modules": {},
            "end_perf": [
                0.25558090209960938,
                0.095834000000000003,
                0.038127000000000001,
                308892,
                381696,
                5308842321809,
                17179869185,
                0
            ],
            "Compiled": "Yes",
            "Compiled Times": 1,
            "significant_routs": [
                [
                    22,
                    "R_VCSgd_t2BSw_16",
                    2510144,
                    2530,
                    318
                ],
                [
                    46,
                    "R_VCSgd_t2BSw_2e",
                    4753020,
                    666,
                    43
                ],
                [
                    55,
                    "R_VCSgd_t2BSw_37",
                    2490425,
                    2407,
                    207
                ],
                [
                    113,
                    "R_VCSgd_t2BSw_71",
                    4042201,
                    4954,
                    615
                ]
            ],
            "nMops": 4150,
            "nRouts": 119
        }
    },
    "stat": {
        "ru_self_end": {
            "ru_nvcsw": 20,
            "ru_minflt": 13745,
            "ru_utime_sec": 0.10018299999999999,
            "ru_stime_sec": 0.038127000000000001,
            "ru_nivcsw": 91,
            "ru_maxrss_kb": 123100,
            "ru_majflt": 0
        },
        "ru_childs_end": {
            "ru_nvcsw": 21,
            "ru_minflt": 4111,
            "ru_utime_sec": 0.023172000000000002,
            "ru_stime_sec": 0.0089009999999999992,
            "ru_nivcsw": 14,
            "ru_maxrss_kb": 111868,
            "ru_majflt": 0
        },
        "cpu_cycles_end": 5308853110379,
        "peak_mem_kb": 381696
    },
    "ObjArchives": [
        {
            "archive": "archive.0/_112327_archive_1.a",
            "objects": [
                [
                    "reYIK_d.o",
                    43000
                ],
                [
                    "t2BSw_d.o",
                    55144
                ],
                [
                    "amcQwB.o",
                    117798
                ]
            ],
            "size": 215942
        }
    ],
    "CompUnits": {
        "amcQw_d": {
            "mode": 4,
            "bytes": 7832,
            "out": "objs/amcQw_d.o",
            "mod": "...MASTER...",
            "text": 434,
            "checksum": 0
        },
        "reYIK_d": {
            "archive": "archive.0/_112327_archive_1.a",
            "mode": 4,
            "bytes": 43000,
            "out": "reYIK_d.o",
            "mod": "std",
            "text": 7325,
            "cls": 7017,
            "checksum": 0
        },
        "t2BSw_d": {
            "archive": "archive.0/_112327_archive_1.a",
            "mode": 4,
            "bytes": 55144,
            "out": "t2BSw_d.o",
            "mod": "tb_multi_pipe",
            "text": 34407,
            "checksum": 0
        }
    },
    "reusePaths": {}
}