{
    "rlimit": {
        "data": -1,
        "stack": -1
    },
    "cycles_program_begin": 183766466008156,
    "perf": [
        {
            "stat": [
                "main",
                "entry",
                0.019801139831542969,
                0.025878999999999999,
                0.021565999999999998,
                203220,
                204476,
                0.0,
                0.0,
                1751944810.5535071,
                183766466220448
            ],
            "sub": [
                {
                    "stat": [
                        "doParsingAndDesignResolution",
                        "entry",
                        0.14419293403625488,
                        0.033170999999999999,
                        0.025956,
                        212908,
                        213708,
                        0.0,
                        0.0,
                        1751944810.6778989,
                        183766776682223
                    ],
                    "sub": []
                },
                {
                    "stat": [
                        "doParsingAndDesignResolution",
                        "exit",
                        0.20195293426513672,
                        0.070967000000000002,
                        0.033616,
                        318536,
                        387600,
                        0.0,
                        0.0,
                        1751944810.7356589,
                        183766920843956
                    ],
                    "sub": []
                },
                {
                    "stat": [
                        "doPostDesignResolutionToVir2Vcs",
                        "entry",
                        0.21963596343994141,
                        0.086279999999999996,
                        0.035296000000000001,
                        298844,
                        387600,
                        0.0,
                        0.0,
                        1751944810.7533419,
                        183766964959750
                    ],
                    "sub": [
                        {
                            "stat": [
                                "doUptoVir2VcsNoSepCleanup",
                                "entry",
                                0.23688793182373047,
                                0.098219000000000001,
                                0.038716,
                                299036,
                                387600,
                                0.0,
                                0.0,
                                1751944810.7705939,
                                183767008033416
                            ],
                            "sub": []
                        },
                        {
                            "stat": [
                                "doUptoVir2VcsNoSepCleanup",
                                "exit",
                                0.36166596412658691,
                                0.20419100000000001,
                                0.043194000000000003,
                                314144,
                                387600,
                                0.0020460000000000001,
                                0.0,
                                1751944810.8953719,
                                183767319535392
                            ],
                            "sub": []
                        },
                        {
                            "stat": [
                                "doRadify_vir2vcsAll",
                                "entry",
                                0.36177611351013184,
                                0.20428399999999999,
                                0.043214000000000002,
                                314144,
                                387600,
                                0.017676000000000001,
                                0.025489000000000001,
                                1751944810.8954821,
                                183767319683487
                            ],
                            "sub": []
                        },
                        {
                            "stat": [
                                "doRadify_vir2vcsAll",
                                "exit",
                                0.37271595001220703,
                                0.212506,
                                0.043288,
                                314144,
                                387600,
                                0.017676000000000001,
                                0.025489000000000001,
                                1751944810.9064219,
                                183767347050439
                            ],
                            "sub": []
                        }
                    ]
                },
                {
                    "stat": [
                        "doPostDesignResolutionToVir2Vcs",
                        "exit",
                        0.37275815010070801,
                        0.21254300000000001,
                        0.043295,
                        314144,
                        387600,
                        0.017676000000000001,
                        0.025489000000000001,
                        1751944810.9064641,
                        183767347091898
                    ],
                    "sub": []
                },
                {
                    "stat": [
                        "doGAToPass2",
                        "entry",
                        0.37277102470397949,
                        0.21255399999999999,
                        0.043298000000000003,
                        314144,
                        387600,
                        0.017676000000000001,
                        0.025489000000000001,
                        1751944810.906477,
                        183767347120076
                    ],
                    "sub": [
                        {
                            "stat": [
                                "DoPass2",
                                "entry",
                                0.39820098876953125,
                                0.213757,
                                0.043542999999999998,
                                312588,
                                387600,
                                0.033411999999999997,
                                0.027904000000000002,
                                1751944810.9319069,
                                183767410648521
                            ],
                            "sub": []
                        },
                        {
                            "stat": [
                                "DoPass2",
                                "exit",
                                0.66436195373535156,
                                0.44403700000000002,
                                0.055345999999999999,
                                319060,
                                387600,
                                0.033411999999999997,
                                0.027904000000000002,
                                1751944811.1980679,
                                183768074945354
                            ],
                            "sub": []
                        }
                    ]
                },
                {
                    "stat": [
                        "doGAToPass2",
                        "exit",
                        0.66749405860900879,
                        0.447048,
                        0.055385999999999998,
                        319060,
                        387600,
                        0.033411999999999997,
                        0.027904000000000002,
                        1751944811.2012,
                        183768082770314
                    ],