{
    "reusePaths": {},
    "Modules": {
        "...MASTER...": {
            "nMops": 0,
            "start_perf": [
                0.21325492858886719,
                0.079187999999999995,
                0.025090999999999999,
                298944,
                384120,
                1740470691.6257229,
                51208896581371
            ],
            "end_perf": [
                0.21539402008056641,
                0.080876000000000003,
                0.02554,
                303412,
                384120,
                51208901957398,
                0,
                0
            ],
            "child_modules": {
                "std": 1,
                "testbench": 1
            },
            "nRouts": 5,
            "nQuads": 0
        },
        "std": {
            "start_perf": [
                0.21545815467834473,
                0.080925999999999998,
                0.025555000000000001,
                303412,
                384120,
                1740470691.6279261,
                51208902083825
            ],
            "nMops": 528,
            "child_modules": {},
            "end_perf": [
                0.22315597534179688,
                0.084418000000000007,
                0.029545999999999999,
                305616,
                384120,
                51208921346449,
                8589934594,
                0
            ],
            "svclass": [
                "$vcs_nba_dyn_obj",
                576,
                35,
                2,
                2,
                0,
                "sigprop$$",
                576,
                35,
                2,
                2,
                0,
                "process",
                2380,
                200,
                8,
                8,
                0,
                "event",
                597,
                34,
                2,
                2,
                0,
                "mailbox",
                1769,
                140,
                9,
                9,
                0,
                "semaphore",
                1119,
                84,
                5,
                5,
                0
            ],
            "Compiled": "Yes",
            "Compiled Times": 1,
            "nRouts": 33,
            "nQuads": 218
        },
        "testbench": {
            "nMops": 5487,
            "start_perf": [
                0.22320795059204102,
                0.084457000000000004,
                0.029559999999999999,
                305616,
                384120,
                1740470691.6356759,
                51208921425710
            ],
            "end_perf": [
                0.26320910453796387,
                0.124056,
                0.029559999999999999,
                310036,
                384120,
                51209021321127,
                17179869185,
                0
            ],
            "child_modules": {},
            "Compiled": "Yes",
            "Compiled Times": 1,
            "nRouts": 169,
            "nQuads": 1946
        }
    },
    "CompUnits": {
        "amcQw_d": {
            "mod": "...MASTER...",
            "mode": 4,
            "out": "objs/amcQw_d.o",
            "bytes": 7832,
            "checksum": 0,
            "text": 434
        },
        "reYIK_d": {
            "mod": "std",
            "mode": 4,
            "out": "reYIK_d.o",
            "bytes": 43000,
            "checksum": 0,
            "text": 7325,
            "archive": "archive.0/_150061_archive_1.a",
            "cls": 7017
        },
        "iAVhC_d": {
            "mod": "testbench",
            "mode": 4,
            "out": "iAVhC_d.o",
            "bytes": 80072,
            "checksum": 0,
            "text": 48852,
            "archive": "archive.0/_150061_archive_1.a"
        }
    },
    "ObjArchives": [
        {
            "archive": "archive.0/_150061_archive_1.a",
            "objects": [
                [
                    "reYIK_d.o",
                    43000
                ],
                [
                    "iAVhC_d.o",
                    80072
                ],
                [
                    "amcQwB.o",
                    116956
                ]
            ],
            "size": 240028
        }
    ],
    "stat": {
        "ru_self_end": {
            "ru_utime_sec": 0.12862399999999999,
            "ru_nivcsw": 67,
            "ru_majflt": 0,
            "ru_stime_sec": 0.029559999999999999,
            "ru_maxrss_kb": 124360,
            "ru_minflt": 14288,
            "ru_nvcsw": 40
        },
        "cpu_cycles_end": 51209032653940,
        "ru_childs_end": {
            "ru_utime_sec": 0.012201,
            "ru_nivcsw": 10,
            "ru_majflt": 0,
            "ru_stime_sec": 0.0062789999999999999,
            "ru_maxrss_kb": 111604,
            "ru_minflt": 2711,
            "ru_nvcsw": 18
        },
        "peak_mem_kb": 384120
    }
}