{
    "Modules": {
        "...MASTER...": {
            "nRouts": 5,
            "start_perf": [
                0.23046422004699707,
                0.062630000000000005,
                0.043057999999999999,
                310732,
                381344,
                1751886483.5261061,
                38182959910018
            ],
            "child_modules": {
                "std": 1,
                "tb": 1
            },
            "end_perf": [
                0.2334601879119873,
                0.064405000000000004,
                0.044277999999999998,
                311712,
                381344,
                38182967422448,
                0,
                0
            ],
            "nQuads": 0,
            "nMops": 0
        },
        "std": {
            "nRouts": 33,
            "start_perf": [
                0.23352813720703125,
                0.064446000000000003,
                0.044305999999999998,
                311712,
                381344,
                1751886483.52917,
                38182967538378
            ],
            "Compiled Times": 1,
            "svclass": [
                "$vcs_nba_dyn_obj",
                576,
                35,
                2,
                2,
                0,
                "sigprop$$",
                576,
                35,
                2,
                2,
                0,
                "process",
                2380,
                200,
                8,
                8,
                0,
                "event",
                597,
                34,
                2,
                2,
                0,
                "mailbox",
                1769,
                140,
                9,
                9,
                0,
                "semaphore",
                1119,
                84,
                5,
                5,
                0
            ],
            "child_modules": {},
            "end_perf": [
                0.24299502372741699,
                0.072188000000000002,
                0.044305999999999998,
                312680,
                381344,
                38182991227398,
                8589934594,
                0
            ],
            "Compiled": "Yes",
            "significant_routs": [
                [
                    1,
                    "T_VCSgd_reYIK_1_0",
                    4948810,
                    138,
                    13
                ]
            ],
            "nQuads": 218,
            "nMops": 528
        },
        "tb": {
            "nRouts": 138,
            "start_perf": [
                0.24304914474487305,
                0.072243000000000002,
                0.044305999999999998,
                312680,
                381344,
                1751886483.538691,
                38182991303899
            ],
            "Compiled Times": 1,
            "child_modules": {},
            "end_perf": [
                0.28289318084716797,
                0.095459000000000002,
                0.053456999999999998,
                312680,
                381344,
                38183090848364,
                21474836481,
                0
            ],
            "Compiled": "Yes",
            "significant_routs": [
                [
                    2,
                    "R_VCSgd_g7hgQ_2",
                    4273344,
                    1875,
                    247
                ],
                [
                    3,
                    "R_VCSgd_g7hgQ_3",
                    10411536,
                    119,
                    12
                ],
                [
                    19,
                    "R_VCSgd_g7hgQ_13",
                    3433870,
                    1664,
                    299
                ],
                [
                    100,
                    "R_VCSgd_g7hgQ_64",
                    3145373,
                    3104,
                    409
                ]
            ],
            "nQuads": 1354,
            "nMops": 3463
        }
    },
    "reusePaths": {},
    "CompUnits": {
        "amcQw_d": {
            "mod": "...MASTER...",
            "checksum": 0,
            "text": 434,
            "out": "objs/amcQw_d.o",
            "bytes": 7824,
            "mode": 4
        },
        "reYIK_d": {
            "mod": "std",
            "checksum": 0,
            "text": 7325,
            "out": "reYIK_d.o",
            "archive": "archive.0/_55049_archive_1.a",
            "bytes": 43000,
            "cls": 7017,
            "mode": 4
        },
        "g7hgQ_d": {
            "mod": "tb",
            "checksum": 0,
            "text": 30978,
            "out": "g7hgQ_d.o",
            "archive": "archive.0/_55049_archive_1.a",
            "bytes": 67242,
            "mode": 4
        }
    },
    "ObjArchives": [
        {
            "archive": "archive.0/_55049_archive_1.a",
            "objects": [
                [
                    "reYIK_d.o",
                    43000
                ],
                [
                    "g7hgQ_d.o",
                    67242
                ],
                [
                    "amcQwB.o",
                    119572
                ]
            ],
            "size": 229814
        }
    ],
    "stat": {
        "ru_self_end": {
            "ru_utime_sec": 0.100203,
            "ru_stime_sec": 0.054199999999999998,
            "ru_maxrss_kb": 128444,
            "ru_minflt": 14299,
            "ru_majflt": 0,
            "ru_nivcsw": 95,
            "ru_nvcsw": 17
        },
        "cpu_cycles_end": 38183104783079,
        "ru_childs_end": {
            "ru_utime_sec": 0.016188000000000001,
            "ru_stime_sec": 0.0046179999999999997,
            "ru_maxrss_kb": 116332,
            "ru_minflt": 2707,
            "ru_majflt": 0,
            "ru_nivcsw": 28,
            "ru_nvcsw": 20
        },
        "peak_mem_kb": 381344
    }
}