{
    "cycles_program_begin": 170030843861069,
    "cpu_cycles_pass2_start": 170031724311478,
    "MlibObjs": {},
    "rlimit": {
        "data": -1,
        "stack": -1
    },
    "perf": [
        {
            "stat": [
                "main",
                "entry",
                0.047613143920898438,
                0.037560999999999997,
                0.032195000000000001,
                203220,
                204476,
                0.0,
                0.0,
                1735871243.8219881,
                170030844687454
            ],
            "sub": [
                {
                    "stat": [
                        "doParsingAndDesignResolution",
                        "entry",
                        0.1727750301361084,
                        0.048933999999999998,
                        0.032621999999999998,
                        212908,
                        213708,
                        0.0,
                        0.0,
                        1735871243.94715,
                        170031157073195
                    ],
                    "sub": []
                },
                {
                    "stat": [
                        "doParsingAndDesignResolution",
                        "exit",
                        0.24336600303649902,
                        0.062230000000000001,
                        0.043082000000000002,
                        312196,
                        381556,
                        0.0,
                        0.0,
                        1735871244.017741,
                        170031333263026
                    ],
                    "sub": []
                },
                {
                    "stat": [
                        "doPostDesignResolutionToVir2Vcs",
                        "entry",
                        0.2475731372833252,
                        0.064520999999999995,
                        0.043082000000000002,
                        298180,
                        381556,
                        0.0,
                        0.0,
                        1735871244.0219481,
                        170031343807027
                    ],
                    "sub": [
                        {
                            "stat": [
                                "doUptoVir2VcsNoSepCleanup",
                                "entry",
                                0.26012110710144043,
                                0.067631999999999998,
                                0.045088000000000003,
                                298372,
                                381556,
                                0.0,
                                0.0,
                                1735871244.0344961,
                                170031375089831
                            ],
                            "sub": []
                        },
                        {
                            "stat": [
                                "doUptoVir2VcsNoSepCleanup",
                                "exit",
                                0.32590293884277344,
                                0.088775999999999994,
                                0.045088000000000003,
                                311756,
                                381556,
                                0.0020330000000000001,
                                0.0,
                                1735871244.1002779,
                                170031539295246
                            ],
                            "sub": []
                        },
                        {
                            "stat": [
                                "doRadify_vir2vcsAll",
                                "entry",
                                0.32596802711486816,
                                0.088842000000000004,
                                0.045088000000000003,
                                311756,
                                381556,
                                0.0020330000000000001,
                                0.0,
                                1735871244.100343,
                                170031539397968
                            ],
                            "sub": []
                        },
                        {
                            "stat": [
                                "doRadify_vir2vcsAll",
                                "exit",
                                0.33015298843383789,
                                0.091747999999999996,
                                0.045088000000000003,
                                311756,
                                381556,
                                0.0020330000000000001,
                                0.0,
                                1735871244.104528,
                                170031549879645
                            ],
                            "sub": []
                        }
                    ]
                },
                {
                    "stat": [
                        "doPostDesignResolutionToVir2Vcs",
                        "exit",
                        0.33018398284912109,
                        0.091778999999999999,
                        0.045088000000000003,
                        311756,
                        381556,
                        0.0020330000000000001,
                        0.0,
                        1735871244.1045589,
                        170031549910491
                    ],
                    "sub": []
                },
                {
                    "stat": [
                        "doGAToPass2",
                        "entry",
                        0.33019495010375977,
                        0.091789999999999997,
                        0.045088000000000003,
                        311756,
                        381556,
                        0.0020330000000000001,
                        0.0,
                        1735871244.1045699,
                        170031549932988
                    ],
                    "sub": [
                        {
                            "stat": [
                                "DoPass2",
                                "entry",
                                0.40004706382751465,
                                0.092830999999999997,
                                0.045088000000000003,
                                310200,
                                381556,
                                0.0098539999999999999,
                                0.012969,
                                1735871244.174422,
                                170031724306682
                            ],
                            "sub": []
                        },
                        {
                            "stat": [
                                "DoPass2",
                                "exit",
                                0.47011399269104004,
                                0.13567100000000001,
                                0.054220999999999998,
                                312528,
                                381556,
                                0.0098539999999999999,
                                0.012969,
                                1735871244.244489,
                                170031899225234
                            ],
                            "sub": []
                        }
                    ]
                },
                {
                    "stat": [
                        "doGAToPass2",
                        "exit",
                        0.47318100929260254,
                        0.137212,
                        0.055742,
                        312528,
                        381556,
                        0.0098539999999999999,
                        0.012969,
                        1735871244.247556,
                        170031906888302
                    ],