{
    "reusePaths": {},
    "Modules": {
        "testbench": {
            "nRouts": 480,
            "Compiled": "Yes",
            "start_perf": [
                0.28019309043884277,
                0.13681099999999999,
                0.040238000000000003,
                312720,
                385304,
                1735891654.3674691,
                220975365638412
            ],
            "child_modules": {
                "DCDemux_UInt8_dut": 3,
                "DCDemux_UInt8_golden": 3,
                "DCArbiter_UInt8_golden": 5,
                "DCArbiter_UInt8_dut": 5
            },
            "end_perf": [
                0.32852792739868164,
                0.180594,
                0.044144999999999997,
                312720,
                385304,
                220975486360536,
                25769803777,
                0
            ],
            "Compiled Times": 1,
            "significant_routs": [
                [
                    13,
                    "U_VCSgd_iAVhC_13",
                    3181137,
                    2762,
                    249
                ],
                [
                    33,
                    "U_VCSgd_iAVhC_33",
                    3588518,
                    3216,
                    335
                ],
                [
                    38,
                    "U_VCSgd_iAVhC_38",
                    3429180,
                    2694,
                    240
                ],
                [
                    41,
                    "U_VCSgd_iAVhC_41",
                    3012214,
                    2716,
                    253
                ],
                [
                    44,
                    "U_VCSgd_iAVhC_44",
                    3842920,
                    3432,
                    383
                ],
                [
                    47,
                    "U_VCSgd_iAVhC_47",
                    3697326,
                    3375,
                    355
                ],
                [
                    50,
                    "U_VCSgd_iAVhC_50",
                    3921960,
                    3608,
                    416
                ]
            ],
            "nMops": 8490,
            "nQuads": 2394
        },
        "std": {
            "nRouts": 33,
            "Compiled": "Yes",
            "start_perf": [
                0.24639701843261719,
                0.113565,
                0.033834999999999997,
                311752,
                385304,
                1735891654.333673,
                220975281290486
            ],
            "svclass": [
                "$vcs_nba_dyn_obj",
                576,
                35,
                2,
                2,
                0,
                "sigprop$$",
                576,
                35,
                2,
                2,
                0,
                "process",
                2380,
                200,
                8,
                8,
                0,
                "event",
                597,
                34,
                2,
                2,
                0,
                "mailbox",
                1769,
                140,
                9,
                9,
                0,
                "semaphore",
                1119,
                84,
                5,
                5,
                0
            ],
            "child_modules": {},
            "end_perf": [
                0.2560429573059082,
                0.118271,
                0.036704000000000001,
                312720,
                385304,
                220975305409006,
                8589934594,
                0
            ],
            "Compiled Times": 1,
            "nMops": 528,
            "significant_routs": [
                [
                    7,
                    "F_VCSgd_reYIK_7_0",
                    2798374,
                    462,
                    25
                ]
            ],
            "nQuads": 218
        },
        "...MASTER...": {
            "nRouts": 5,
            "start_perf": [
                0.24402308464050293,
                0.111192,
                0.033834999999999997,
                310772,
                385304,
                1735891654.3312991,
                220975275368760
            ],
            "end_perf": [
                0.24630308151245117,
                0.11347,
                0.033834999999999997,
                311752,
                385304,
                220975281114462,
                0,
                0
            ],
            "child_modules": {
                "testbench": 1,
                "std": 1
            },
            "nQuads": 0,
            "nMops": 0
        },
        "DCDemux_UInt8_dut": {
            "nRouts": 23,
            "Compiled": "Yes",
            "start_perf": [
                0.25609803199768066,
                0.118313,
                0.036717,
                312720,
                385304,
                1735891654.343374,
                220975305494607
            ],
            "end_perf": [
                0.2667081356048584,
                0.12703600000000001,
                0.036880999999999997,
                312720,
                385304,
                220975332035888,
                12884901889,
                0
            ],
            "child_modules": {},
            "Compiled Times": 1,
            "nQuads": 324,
            "nMops": 1368
        },
        "DCArbiter_UInt8_dut": {
            "nRouts": 52,
            "Compiled": "Yes",
            "start_perf": [
                0.26675105094909668,
                0.12706999999999999,
                0.036891,
                312720,
                385304,
                1735891654.354027,
                220975332090064
            ],
            "end_perf": [
                0.28014111518859863,
                0.13677,
                0.040225999999999998,
                312720,
                385304,
                220975365570306,
                17179869185,
                0
            ],
            "child_modules": {},
            "Compiled Times": 1,
            "nQuads": 511,
            "nMops": 2272
        },
        "DCDemux_UInt8_golden": {
            "nRouts": 23,
            "Compiled": "Yes",
            "start_perf": [
                0.32858800888061523,
                0.180643,
                0.044157000000000002,
                312720,
                385304,
                1735891654.415864,
                220975486436543
            ],
            "end_perf": [
                0.33788704872131348,
                0.18957599999999999,
                0.044367999999999998,
                312720,
                385304,
                220975509691386,
                30064771073,
                0
            ],
            "child_modules": {},
            "Compiled Times": 1,
            "nQuads": 324,
            "nMops": 1368
        },
        "DCArbiter_UInt8_golden": {
            "nRouts": 52,
            "Compiled": "Yes",
            "start_perf": [
                0.33792710304260254,
                0.189609,
                0.044375999999999999,
                312720,
                385304,
                1735891654.4252031,
                220975509748868
            ],
            "end_perf": [
                0.35193896293640137,
                0.20336099999999999,
                0.044375999999999999,
                312720,
                385304,
                220975544771794,
                34359738369,
                0
            ],
            "child_modules": {},
            "Compiled Times": 1,
            "nQuads": 511,
            "nMops": 2272
        }
    },
    "ObjArchives": [
        {
            "archive": "archive.0/_217225_archive_1.a",
            "size": 393402,