{
    "Modules": {
        "...MASTER...": {
            "nRouts": 5,
            "start_perf": [
                0.30861711502075195,
                0.075845999999999997,
                0.031050000000000001,
                298888,
                384092,
                1740641093.2585371,
                2024362359251
            ],
            "nMops": 0,
            "child_modules": {
                "testbench": 1,
                "std": 1
            },
            "nQuads": 0,
            "end_perf": [
                0.31294107437133789,
                0.075845999999999997,
                0.033238999999999998,
                303372,
                384092,
                2024373195738,
                0,
                0
            ]
        },
        "testbench": {
            "nRouts": 179,
            "Compiled Times": 1,
            "start_perf": [
                0.32123303413391113,
                0.081960000000000005,
                0.034590999999999997,
                305612,
                384092,
                1740641093.271153,
                2024393864338
            ],
            "nMops": 4341,
            "child_modules": {},
            "Compiled": "Yes",
            "nQuads": 1625,
            "end_perf": [
                0.35595297813415527,
                0.112292,
                0.037429999999999998,
                309756,
                384092,
                2024480588263,
                17179869185,
                0
            ]
        },
        "std": {
            "Compiled Times": 1,
            "nRouts": 33,
            "start_perf": [
                0.3130030632019043,
                0.075845999999999997,
                0.033301999999999998,
                303372,
                384092,
                1740641093.262923,
                2024373305738
            ],
            "nMops": 528,
            "child_modules": {},
            "Compiled": "Yes",
            "nQuads": 218,
            "end_perf": [
                0.32111310958862305,
                0.081960000000000005,
                0.034508999999999998,
                305612,
                384092,
                2024393765134,
                8589934594,
                0
            ],
            "svclass": [
                "$vcs_nba_dyn_obj",
                576,
                35,
                2,
                2,
                0,
                "sigprop$$",
                576,
                35,
                2,
                2,
                0,
                "process",
                2380,
                200,
                8,
                8,
                0,
                "event",
                597,
                34,
                2,
                2,
                0,
                "mailbox",
                1769,
                140,
                9,
                9,
                0,
                "semaphore",
                1119,
                84,
                5,
                5,
                0
            ]
        }
    },
    "CompUnits": {
        "amcQw_d": {
            "mod": "...MASTER...",
            "out": "objs/amcQw_d.o",
            "mode": 4,
            "bytes": 7832,
            "text": 434,
            "checksum": 0
        },
        "iAVhC_d": {
            "mod": "testbench",
            "out": "iAVhC_d.o",
            "mode": 4,
            "bytes": 71296,
            "text": 40353,
            "checksum": 0,
            "archive": "archive.0/_14109_archive_1.a"
        },
        "reYIK_d": {
            "mod": "std",
            "out": "reYIK_d.o",
            "mode": 4,
            "bytes": 43000,
            "text": 7325,
            "cls": 7017,
            "checksum": 0,
            "archive": "archive.0/_14109_archive_1.a"
        }
    },
    "ObjArchives": [
        {
            "archive": "archive.0/_14109_archive_1.a",
            "objects": [
                [
                    "reYIK_d.o",
                    43000
                ],
                [
                    "iAVhC_d.o",
                    71296
                ],
                [
                    "amcQwB.o",
                    117132
                ]
            ],
            "size": 231428
        }
    ],
    "reusePaths": {},
    "stat": {
        "ru_self_end": {
            "ru_minflt": 14229,
            "ru_utime_sec": 0.116567,
            "ru_stime_sec": 0.037468000000000001,
            "ru_nvcsw": 41,
            "ru_maxrss_kb": 124028,
            "ru_majflt": 1,
            "ru_nivcsw": 134
        },
        "ru_childs_end": {
            "ru_minflt": 2713,
            "ru_utime_sec": 0.013077,
            "ru_stime_sec": 0.0090559999999999998,
            "ru_nvcsw": 19,
            "ru_maxrss_kb": 111380,
            "ru_majflt": 0,
            "ru_nivcsw": 39
        },
        "cpu_cycles_end": 2024491366678,
        "peak_mem_kb": 384092
    }
}