{
    "Modules": {
        "...MASTER...": {
            "nMops": 0,
            "nQuads": 0,
            "child_modules": {
                "std": 1,
                "tb": 1
            },
            "start_perf": [
                0.22324395179748535,
                0.067122000000000001,
                0.035756000000000003,
                310728,
                381984,
                1772236946.1835749,
                5933924985357
            ],
            "end_perf": [
                0.22545599937438965,
                0.067122000000000001,
                0.037967000000000001,
                311704,
                381984,
                5933930545407,
                0,
                0
            ],
            "nRouts": 5
        },
        "std": {
            "child_modules": {},
            "nMops": 528,
            "start_perf": [
                0.22555208206176758,
                0.067122000000000001,
                0.038032999999999997,
                311704,
                381984,
                1772236946.185883,
                5933930748288
            ],
            "nQuads": 218,
            "end_perf": [
                0.23406600952148438,
                0.074115,
                0.039008000000000001,
                312672,
                381984,
                5933952047553,
                8589934594,
                0
            ],
            "Compiled": "Yes",
            "Compiled Times": 1,
            "svclass": [
                "$vcs_nba_dyn_obj",
                576,
                35,
                2,
                2,
                0,
                "sigprop$$",
                576,
                35,
                2,
                2,
                0,
                "process",
                2380,
                200,
                8,
                8,
                0,
                "event",
                597,
                34,
                2,
                2,
                0,
                "mailbox",
                1769,
                140,
                9,
                9,
                0,
                "semaphore",
                1119,
                84,
                5,
                5,
                0
            ],
            "nRouts": 33
        },
        "tb": {
            "child_modules": {},
            "nMops": 3923,
            "start_perf": [
                0.2341160774230957,
                0.074149999999999994,
                0.039025999999999998,
                312672,
                381984,
                1772236946.194447,
                5933952121413
            ],
            "nQuads": 1427,
            "end_perf": [
                0.27705502510070801,
                0.107025,
                0.042044999999999999,
                312672,
                381984,
                5934059357993,
                21474836481,
                0
            ],
            "Compiled": "Yes",
            "Compiled Times": 1,
            "significant_routs": [
                [
                    2,
                    "R_VCSgd_g7hgQ_2",
                    2780824,
                    1875,
                    247
                ],
                [
                    96,
                    "R_VCSgd_g7hgQ_60",
                    3135401,
                    3104,
                    410
                ],
                [
                    99,
                    "R_VCSgd_g7hgQ_63",
                    6362082,
                    1314,
                    121
                ],
                [
                    121,
                    "R_VCSgd_g7hgQ_79",
                    6784413,
                    401,
                    38
                ]
            ],
            "nRouts": 149
        }
    },
    "stat": {
        "ru_self_end": {
            "ru_nvcsw": 11,
            "ru_utime_sec": 0.111725,
            "ru_minflt": 14323,
            "ru_stime_sec": 0.042377999999999999,
            "ru_maxrss_kb": 127832,
            "ru_majflt": 0,
            "ru_nivcsw": 168
        },
        "cpu_cycles_end": 5934071968521,
        "ru_childs_end": {
            "ru_nvcsw": 21,
            "ru_utime_sec": 0.026223,
            "ru_minflt": 4113,
            "ru_stime_sec": 0.0076220000000000003,
            "ru_maxrss_kb": 115468,
            "ru_majflt": 0,
            "ru_nivcsw": 31
        },
        "peak_mem_kb": 381984
    },
    "CompUnits": {
        "amcQw_d": {
            "bytes": 7824,
            "mod": "...MASTER...",
            "checksum": 0,
            "out": "objs/amcQw_d.o",
            "text": 434,
            "mode": 4
        },
        "reYIK_d": {
            "bytes": 43000,
            "mod": "std",
            "checksum": 0,
            "out": "reYIK_d.o",
            "text": 7325,
            "cls": 7017,
            "mode": 4,
            "archive": "archive.0/_83056_archive_1.a"
        },
        "g7hgQ_d": {
            "bytes": 70638,
            "mod": "tb",
            "checksum": 0,
            "out": "g7hgQ_d.o",
            "text": 34098,
            "mode": 4,
            "archive": "archive.0/_83056_archive_1.a"
        }
    },
    "reusePaths": {},
    "ObjArchives": [
        {
            "archive": "archive.0/_83056_archive_1.a",
            "objects": [
                [
                    "reYIK_d.o",
                    43000
                ],
                [
                    "g7hgQ_d.o",
                    70638
                ],
                [
                    "amcQwB.o",
                    119698
                ]
            ],
            "size": 233336
        }
    ]
}