{
    "CompUnits": {
        "amcQw_d": {
            "mode": 4,
            "mod": "...MASTER...",
            "text": 434,
            "out": "objs/amcQw_d.o",
            "checksum": 0,
            "bytes": 7832
        },
        "reYIK_d": {
            "archive": "archive.0/_198231_archive_1.a",
            "mode": 4,
            "mod": "std",
            "text": 7325,
            "out": "reYIK_d.o",
            "checksum": 0,
            "bytes": 43000,
            "cls": 7017
        },
        "iAVhC_d": {
            "archive": "archive.0/_198231_archive_1.a",
            "mode": 4,
            "mod": "testbench",
            "text": 25754,
            "out": "iAVhC_d.o",
            "checksum": 0,
            "bytes": 49970
        }
    },
    "Modules": {
        "...MASTER...": {
            "start_perf": [
                0.22904610633850098,
                0.068707000000000004,
                0.030488999999999999,
                298728,
                383856,
                1741082330.631222,
                75004359135616
            ],
            "child_modules": {
                "std": 1,
                "testbench": 1
            },
            "end_perf": [
                0.23130321502685547,
                0.070961999999999997,
                0.030488999999999999,
                303260,
                383856,
                75004364812939,
                0,
                0
            ],
            "nQuads": 0,
            "nMops": 0,
            "nRouts": 5
        },
        "std": {
            "start_perf": [
                0.23137402534484863,
                0.071036000000000002,
                0.030488999999999999,
                303260,
                383856,
                1741082330.6335499,
                75004364947322
            ],
            "child_modules": {},
            "Compiled": "Yes",
            "nRouts": 33,
            "svclass": [
                "$vcs_nba_dyn_obj",
                576,
                35,
                2,
                2,
                0,
                "sigprop$$",
                576,
                35,
                2,
                2,
                0,
                "process",
                2380,
                200,
                8,
                8,
                0,
                "event",
                597,
                34,
                2,
                2,
                0,
                "mailbox",
                1769,
                140,
                9,
                9,
                0,
                "semaphore",
                1119,
                84,
                5,
                5,
                0
            ],
            "Compiled Times": 1,
            "end_perf": [
                0.23912620544433594,
                0.078728999999999993,
                0.030488999999999999,
                305492,
                383856,
                75004384348541,
                8589934594,
                0
            ],
            "nQuads": 218,
            "nMops": 528
        },
        "testbench": {
            "start_perf": [
                0.23918318748474121,
                0.078786999999999996,
                0.030488999999999999,
                305492,
                383856,
                1741082330.6413591,
                75004384430382
            ],
            "Compiled": "Yes",
            "child_modules": {},
            "nRouts": 120,
            "Compiled Times": 1,
            "end_perf": [
                0.26788520812988281,
                0.10513699999999999,
                0.031151000000000002,
                308844,
                383856,
                75004456139696,
                17179869185,
                0
            ],
            "nQuads": 1080,
            "nMops": 2601
        }
    },
    "reusePaths": {},
    "ObjArchives": [
        {
            "objects": [
                [
                    "reYIK_d.o",
                    43000
                ],
                [
                    "iAVhC_d.o",
                    49970
                ],
                [
                    "amcQwB.o",
                    116972
                ]
            ],
            "archive": "archive.0/_198231_archive_1.a",
            "size": 209942
        }
    ],
    "stat": {
        "ru_self_end": {
            "ru_utime_sec": 0.109476,
            "ru_stime_sec": 0.031278,
            "ru_maxrss_kb": 123124,
            "ru_minflt": 13892,
            "ru_nivcsw": 123,
            "ru_majflt": 0,
            "ru_nvcsw": 26
        },
        "ru_childs_end": {
            "ru_utime_sec": 0.014308,
            "ru_stime_sec": 0.0074929999999999997,
            "ru_maxrss_kb": 111732,
            "ru_minflt": 2714,
            "ru_nivcsw": 26,
            "ru_majflt": 0,
            "ru_nvcsw": 22
        },
        "cpu_cycles_end": 75004467201382,
        "peak_mem_kb": 383856
    }
}