{
    "Modules": {
        "...MASTER...": {
            "start_perf": [
                0.18557906150817871,
                0.065359,
                0.024509,
                298908,
                384116,
                1772526009.9431291,
                4768440560169
            ],
            "end_perf": [
                0.18710207939147949,
                0.065359,
                0.026032,
                303372,
                384116,
                4768444379553,
                0,
                0
            ],
            "child_modules": {
                "std": 1,
                "testbench": 1
            },
            "nQuads": 0,
            "nMops": 0,
            "nRouts": 5
        },
        "std": {
            "start_perf": [
                0.18714499473571777,
                0.065359,
                0.026075000000000001,
                303372,
                384116,
                1772526009.944695,
                4768444463208
            ],
            "child_modules": {},
            "end_perf": [
                0.19251298904418945,
                0.068515000000000006,
                0.028212000000000001,
                305600,
                384116,
                4768457909878,
                8589934594,
                0
            ],
            "nQuads": 218,
            "Compiled": "Yes",
            "Compiled Times": 1,
            "svclass": [
                "$vcs_nba_dyn_obj",
                576,
                35,
                2,
                2,
                0,
                "sigprop$$",
                576,
                35,
                2,
                2,
                0,
                "process",
                2380,
                200,
                8,
                8,
                0,
                "event",
                597,
                34,
                2,
                2,
                0,
                "mailbox",
                1769,
                140,
                9,
                9,
                0,
                "semaphore",
                1119,
                84,
                5,
                5,
                0
            ],
            "nMops": 528,
            "nRouts": 33
        },
        "testbench": {
            "start_perf": [
                0.19255709648132324,
                0.068546999999999997,
                0.028225,
                305600,
                384116,
                1772526009.9501071,
                4768457967774
            ],
            "end_perf": [
                0.21471309661865234,
                0.090628,
                0.028225,
                309048,
                384116,
                4768513321902,
                17179869185,
                0
            ],
            "child_modules": {},
            "nQuads": 1264,
            "Compiled Times": 1,
            "Compiled": "Yes",
            "nMops": 2815,
            "nRouts": 149
        }
    },
    "CompUnits": {
        "amcQw_d": {
            "mode": 4,
            "out": "objs/amcQw_d.o",
            "mod": "...MASTER...",
            "bytes": 7832,
            "text": 434,
            "checksum": 0
        },
        "reYIK_d": {
            "mode": 4,
            "out": "reYIK_d.o",
            "mod": "std",
            "bytes": 43000,
            "text": 7325,
            "checksum": 0,
            "cls": 7017,
            "archive": "archive.0/_92689_archive_1.a"
        },
        "iAVhC_d": {
            "mode": 4,
            "out": "iAVhC_d.o",
            "mod": "testbench",
            "bytes": 57690,
            "text": 29922,
            "checksum": 0,
            "archive": "archive.0/_92689_archive_1.a"
        }
    },
    "reusePaths": {},
    "stat": {
        "cpu_cycles_end": 4768521031971,
        "ru_self_end": {
            "ru_majflt": 0,
            "ru_utime_sec": 0.093510999999999997,
            "ru_stime_sec": 0.028459999999999999,
            "ru_maxrss_kb": 123772,
            "ru_nvcsw": 40,
            "ru_minflt": 13965,
            "ru_nivcsw": 20
        },
        "ru_childs_end": {
            "ru_majflt": 0,
            "ru_utime_sec": 0.015809,
            "ru_stime_sec": 0.010972000000000001,
            "ru_maxrss_kb": 112048,
            "ru_nvcsw": 17,
            "ru_minflt": 4111,
            "ru_nivcsw": 26
        },
        "peak_mem_kb": 384116
    },
    "ObjArchives": [
        {
            "archive": "archive.0/_92689_archive_1.a",
            "objects": [
                [
                    "reYIK_d.o",
                    43000
                ],
                [
                    "iAVhC_d.o",
                    57690
                ],
                [
                    "amcQwB.o",
                    117104
                ]
            ],
            "size": 217794
        }
    ]
}