{
    "ObjArchives": [
        {
            "archive": "archive.1/_27506_archive_1.a",
            "objects": [
                [
                    "amcQwB.o",
                    116096
                ]
            ],
            "size": 116096
        }
    ],
    "Modules": {
        "...MASTER...": {
            "end_perf": [
                0.21962594985961914,
                0.068302000000000002,
                0.035904999999999999,
                300496,
                383860,
                3868446898798,
                0,
                0
            ],
            "start_perf": [
                0.21480607986450195,
                0.068302000000000002,
                0.034151000000000001,
                299036,
                383860,
                1738816120.4813471,
                3868434812363
            ],
            "child_modules": {
                "std": 1,
                "testbench": 1
            },
            "nQuads": 0,
            "nMops": 0,
            "nRouts": 5
        },
        "std": {
            "end_perf": [
                0.22236299514770508,
                0.069924,
                0.037019000000000003,
                300496,
                383860,
                3868453732496,
                8589934594,
                0
            ],
            "start_perf": [
                0.219696044921875,
                0.068302000000000002,
                0.035976000000000001,
                300496,
                383860,
                1738816120.486237,
                3868447021825
            ],
            "child_modules": {},
            "Compiled Times": 2,
            "svclass": [
                "$vcs_nba_dyn_obj",
                0,
                35,
                2,
                2,
                0,
                "sigprop$$",
                0,
                35,
                2,
                2,
                0,
                "process",
                0,
                200,
                8,
                8,
                0,
                "event",
                0,
                34,
                2,
                2,
                0,
                "mailbox",
                0,
                140,
                9,
                9,
                0,
                "semaphore",
                0,
                84,
                5,
                5,
                0
            ],
            "nQuads": 218,
            "Compiled": "Yes",
            "nMops": 528,
            "nRouts": 33
        },
        "testbench": {
            "end_perf": [
                0.26475000381469727,
                0.082644999999999996,
                0.037190000000000001,
                303684,
                383860,
                3868559541657,
                17179869185,
                0
            ],
            "start_perf": [
                0.22241401672363281,
                0.069958999999999993,
                0.037037,
                300496,
                383860,
                1738816120.488955,
                3868453807986
            ],
            "child_modules": {},
            "nQuads": 1044,
            "Compiled Times": 2,
            "Compiled": "Yes",
            "nMops": 2554,
            "nRouts": 118
        }
    },
    "CompUnits": {},
    "reusePaths": {
        "amcQw_d": {
            "icPath": "csrc"
        },
        "reYIK_d": {
            "icPath": "csrc"
        },
        "iAVhC_d": {
            "icPath": "csrc"
        }
    },
    "stat": {
        "ru_self_end": {
            "ru_utime_sec": 0.086643999999999999,
            "ru_maxrss_kb": 121128,
            "ru_stime_sec": 0.037532999999999997,
            "ru_minflt": 13461,
            "ru_majflt": 0,
            "ru_nvcsw": 24,
            "ru_nivcsw": 84
        },
        "ru_childs_end": {
            "ru_utime_sec": 0.015727999999999999,
            "ru_maxrss_kb": 112296,
            "ru_stime_sec": 0.0056449999999999998,
            "ru_minflt": 2727,
            "ru_majflt": 0,
            "ru_nvcsw": 23,
            "ru_nivcsw": 41
        },
        "cpu_cycles_end": 3868590301203,
        "peak_mem_kb": 383860
    }
}