{
    "PEModules": [],
    "MlibObjs": {},
    "cycles_program_begin": 677270755001,
    "cpu_cycles_pass2_start": 677753638876,
    "LVLData": [
        "SIM"
    ],
    "perf": [
        {
            "stat": [
                "main",
                "entry",
                0.019418954849243164,
                0.038844999999999998,
                0.011653,
                203220,
                204476,
                0.0,
                0.0,
                1737441496.166461,
                677270955368
            ],
            "sub": [
                {
                    "stat": [
                        "doParsingAndDesignResolution",
                        "entry",
                        0.13892006874084473,
                        0.048308999999999998,
                        0.012971999999999999,
                        212908,
                        213708,
                        0.0,
                        0.0,
                        1737441496.2859621,
                        677569204299
                    ],
                    "sub": []
                },
                {
                    "stat": [
                        "doParsingAndDesignResolution",
                        "exit",
                        0.15004801750183105,
                        0.058534000000000003,
                        0.012971999999999999,
                        316208,
                        381300,
                        0.0,
                        0.0,
                        1737441496.2970901,
                        677596984200
                    ],
                    "sub": []
                },
                {
                    "stat": [
                        "doPostDesignResolutionToVir2Vcs",
                        "entry",
                        0.15854787826538086,
                        0.062576999999999994,
                        0.016129000000000001,
                        298180,
                        381300,
                        0.0,
                        0.0,
                        1737441496.3055899,
                        677618198348
                    ],
                    "sub": [
                        {
                            "stat": [
                                "doUptoVir2VcsNoSepCleanup",
                                "entry",
                                0.16160893440246582,
                                0.065414,
                                0.016352999999999999,
                                298404,
                                381300,
                                0.0,
                                0.0,
                                1737441496.308651,
                                677625815809
                            ],
                            "sub": []
                        },
                        {
                            "stat": [
                                "doUptoVir2VcsNoSepCleanup",
                                "exit",
                                0.17922401428222656,
                                0.078260999999999997,
                                0.016352999999999999,
                                298660,
                                381300,
                                0.0019090000000000001,
                                0.0,
                                1737441496.3262661,
                                677669805727
                            ],
                            "sub": []
                        },
                        {
                            "stat": [
                                "doRadify_vir2vcsAll",
                                "entry",
                                0.17928004264831543,
                                0.078316999999999998,
                                0.016352999999999999,
                                298660,
                                381300,
                                0.0019090000000000001,
                                0.0,
                                1737441496.3263221,
                                677669887898
                            ],
                            "sub": []
                        },
                        {
                            "stat": [
                                "doRadify_vir2vcsAll",
                                "exit",
                                0.18189597129821777,
                                0.080932000000000004,
                                0.016352999999999999,
                                300436,
                                381300,
                                0.0019090000000000001,
                                0.0,
                                1737441496.328938,
                                677676467705
                            ],
                            "sub": []
                        }
                    ]
                },
                {
                    "stat": [
                        "doPostDesignResolutionToVir2Vcs",
                        "exit",
                        0.1819310188293457,
                        0.080968999999999999,
                        0.016352999999999999,
                        300436,
                        381300,
                        0.0019090000000000001,
                        0.0,
                        1737441496.3289731,
                        677676496596
                    ],
                    "sub": []
                },
                {
                    "stat": [
                        "doGAToPass2",
                        "entry",
                        0.18194103240966797,
                        0.080977999999999994,
                        0.016352999999999999,
                        300436,
                        381300,
                        0.0019090000000000001,
                        0.0,
                        1737441496.3289831,
                        677676517546
                    ],
                    "sub": [
                        {
                            "stat": [
                                "DoPass2",
                                "entry",
                                0.21280598640441895,
                                0.082022999999999999,
                                0.016403999999999998,
                                298880,
                                381300,
                                0.017416999999999998,
                                0.0029520000000000002,
                                1737441496.359848,
                                677753626297
                            ],
                            "sub": []
                        },
                        {
                            "stat": [
                                "DoPass2",
                                "exit",
                                0.25345897674560547,
                                0.109611,
                                0.025294000000000001,
                                310608,
                                381300,
                                0.017416999999999998,
                                0.0029520000000000002,
                                1737441496.400501,
                                677855079022
                            ],
                            "sub": []
                        }
                    ]
                },
                {
                    "stat": [
                        "doGAToPass2",
                        "exit",
                        0.25657987594604492,
                        0.11272,
                        0.025294000000000001,
                        310608,
                        381300,
                        0.017416999999999998,
                        0.0029520000000000002,
                        1737441496.4036219,
                        677862869540
                    ],