{
    "reusePaths": {
        "amcQw_d": {
            "icPath": "csrc"
        },
        "reYIK_d": {
            "icPath": "csrc"
        },
        "iAVhC_d": {
            "icPath": "csrc"
        }
    },
    "Modules": {
        "testbench": {
            "child_modules": {},
            "start_perf": [
                0.24801802635192871,
                0.078475000000000003,
                0.028910999999999999,
                300488,
                383860,
                1741080381.5325201,
                70139573024392
            ],
            "end_perf": [
                0.26056194305419922,
                0.086690000000000003,
                0.033023999999999998,
                303676,
                383860,
                70139604392326,
                17179869185,
                0
            ],
            "Compiled": "Yes",
            "Compiled Times": 2,
            "nQuads": 1087,
            "nMops": 2252,
            "nRouts": 129
        },
        "...MASTER...": {
            "child_modules": {
                "std": 1,
                "testbench": 1
            },
            "start_perf": [
                0.24024295806884766,
                0.076224,
                0.026605,
                299032,
                383860,
                1741080381.524745,
                70139553618502
            ],
            "end_perf": [
                0.24491286277770996,
                0.077911999999999995,
                0.026605,
                300488,
                383860,
                70139565323101,
                0,
                0
            ],
            "nQuads": 0,
            "nMops": 0,
            "nRouts": 5
        },
        "std": {
            "start_perf": [
                0.2449798583984375,
                0.077979999999999994,
                0.026605,
                300488,
                383860,
                1741080381.5294819,
                70139565444478
            ],
            "child_modules": {},
            "svclass": [
                "$vcs_nba_dyn_obj",
                0,
                35,
                2,
                2,
                0,
                "sigprop$$",
                0,
                35,
                2,
                2,
                0,
                "process",
                0,
                200,
                8,
                8,
                0,
                "event",
                0,
                34,
                2,
                2,
                0,
                "mailbox",
                0,
                140,
                9,
                9,
                0,
                "semaphore",
                0,
                84,
                5,
                5,
                0
            ],
            "end_perf": [
                0.24797201156616211,
                0.078439999999999996,
                0.028899000000000001,
                300488,
                383860,
                70139572959112,
                8589934594,
                0
            ],
            "Compiled": "Yes",
            "Compiled Times": 2,
            "nQuads": 218,
            "nMops": 528,
            "nRouts": 33
        }
    },
    "CompUnits": {},
    "ObjArchives": [
        {
            "archive": "archive.1/_154998_archive_1.a",
            "objects": [
                [
                    "amcQwB.o",
                    115894
                ]
            ],
            "size": 115894
        }
    ],
    "stat": {
        "cpu_cycles_end": 70139629999935,
        "ru_self_end": {
            "ru_utime_sec": 0.091209999999999999,
            "ru_stime_sec": 0.033357999999999999,
            "ru_maxrss_kb": 121048,
            "ru_minflt": 13471,
            "ru_majflt": 0,
            "ru_nvcsw": 37,
            "ru_nivcsw": 178
        },
        "ru_childs_end": {
            "ru_utime_sec": 0.010147,
            "ru_stime_sec": 0.010851,
            "ru_maxrss_kb": 112088,
            "ru_minflt": 2732,
            "ru_majflt": 0,
            "ru_nvcsw": 18,
            "ru_nivcsw": 90
        },
        "peak_mem_kb": 383860
    }
}