{
    "cycles_program_begin": 68036967425512,
    "CurCompileModules": [
        "...MASTER...",
        "...MASTER...",
        "std",
        "std",
        "testbench",
        "testbench"
    ],
    "rlimit": {
        "data": -1,
        "stack": -1
    },
    "MlibObjs": {},
    "perf": [
        {
            "sub": [
                {
                    "sub": [],
                    "stat": [
                        "doParsingAndDesignResolution",
                        "entry",
                        0.12963080406188965,
                        0.034743999999999997,
                        0.023163,
                        212908,
                        213708,
                        0.0,
                        0.0,
                        1741079539.2606349,
                        68037247691500
                    ]
                },
                {
                    "sub": [],
                    "stat": [
                        "doParsingAndDesignResolution",
                        "exit",
                        0.1414790153503418,
                        0.044477000000000003,
                        0.025944999999999999,
                        316300,
                        381324,
                        0.0,
                        0.0,
                        1741079539.2724831,
                        68037277277345
                    ]
                },
                {
                    "sub": [
                        {
                            "sub": [],
                            "stat": [
                                "doUptoVir2VcsNoSepCleanup",
                                "entry",
                                0.14863991737365723,
                                0.048098000000000002,
                                0.029599,
                                298428,
                                381324,
                                0.0,
                                0.0,
                                1741079539.279644,
                                68037295152814
                            ]
                        },
                        {
                            "sub": [],
                            "stat": [
                                "doUptoVir2VcsNoSepCleanup",
                                "exit",
                                0.17016196250915527,
                                0.060420000000000001,
                                0.032224000000000003,
                                298684,
                                381324,
                                0.0,
                                0.001591,
                                1741079539.3011661,
                                68037348878895
                            ]
                        },
                        {
                            "sub": [],
                            "stat": [
                                "doRadify_vir2vcsAll",
                                "entry",
                                0.17021584510803223,
                                0.060456999999999997,
                                0.032243000000000001,
                                298684,
                                381324,
                                0.0,
                                0.001591,
                                1741079539.3012199,
                                68037348963787
                            ]
                        },
                        {
                            "sub": [],
                            "stat": [
                                "doRadify_vir2vcsAll",
                                "exit",
                                0.17365789413452148,
                                0.060456999999999997,
                                0.035011,
                                300460,
                                381324,
                                0.0,
                                0.001591,
                                1741079539.304662,
                                68037357593977
                            ]
                        }
                    ],
                    "stat": [
                        "doPostDesignResolutionToVir2Vcs",
                        "entry",
                        0.14557385444641113,
                        0.047822000000000003,
                        0.02681,
                        298172,
                        381324,
                        0.0,
                        0.0,
                        1741079539.2765779,
                        68037287501477
                    ]
                },
                {
                    "sub": [],
                    "stat": [
                        "doPostDesignResolutionToVir2Vcs",
                        "exit",
                        0.1736907958984375,
                        0.060456999999999997,
                        0.035046000000000001,
                        300460,
                        381324,
                        0.0,
                        0.001591,
                        1741079539.3046949,
                        68037357629337
                    ]
                },
                {
                    "sub": [
                        {
                            "sub": [],
                            "stat": [
                                "DoPass2",
                                "entry",
                                0.19390583038330078,
                                0.060485999999999998,
                                0.036290999999999997,
                                298904,
                                381324,
                                0.016591999999999999,
                                0.0033319999999999999,
                                1741079539.3249099,
                                68037408146178
                            ]
                        },
                        {
                            "sub": [],
                            "stat": [
                                "DoPass2",
                                "exit",
                                0.23364686965942383,
                                0.095743999999999996,
                                0.039892999999999998,
                                310788,
                                381324,
                                0.016591999999999999,
                                0.0033319999999999999,
                                1741079539.364651,
                                68037507318351
                            ]
                        }
                    ],
                    "stat": [
                        "doGAToPass2",
                        "entry",
                        0.17370295524597168,
                        0.060456999999999997,
                        0.035057999999999999,
                        300460,
                        381324,
                        0.0,
                        0.001591,
                        1741079539.3047071,
                        68037357654988
                    ]
                },
                {
                    "sub": [],
                    "stat": [
                        "doGAToPass2",
                        "exit",
                        0.23657894134521484,
                        0.098676,
                        0.039892999999999998,
                        310788,
                        381324,
                        0.016591999999999999,
                        0.0033319999999999999,
                        1741079539.367583,
                        68037514643541
                    ]
                }
            ],