{
    "stat": {
        "outputSizePerQuad": 130.63717805151177,
        "CodeGen(%)": 31.975691230329616,
        "ru_self_cgstart": {
            "ru_utime_sec": 0.067396999999999999,
            "ru_minflt": 11784,
            "ru_stime_sec": 0.033716000000000003,
            "ru_nvcsw": 11,
            "ru_maxrss_kb": 111080,
            "ru_nivcsw": 108,
            "ru_majflt": 0
        },
        "mop/quad": 2.9176931690929453,
        "nMops": 5211,
        "ru_childs_cgstart": {
            "ru_utime_sec": 0.017113,
            "ru_minflt": 2711,
            "ru_stime_sec": 0.0042680000000000001,
            "ru_nvcsw": 18,
            "ru_maxrss_kb": 111080,
            "ru_nivcsw": 20,
            "ru_majflt": 0
        },
        "ru_childs_end": {
            "ru_utime_sec": 0.017113,
            "ru_minflt": 2711,
            "ru_stime_sec": 0.0042680000000000001,
            "ru_nvcsw": 18,
            "ru_maxrss_kb": 111080,
            "ru_nivcsw": 20,
            "ru_majflt": 0
        },
        "Frontend(%)": 68.024308769670384,
        "cpu_cycles_cgstart": 23549629623281,
        "nQuads": 1786,
        "totalObjSize": 233318,
        "ru_self_end": {
            "ru_utime_sec": 0.107122,
            "ru_minflt": 14107,
            "ru_stime_sec": 0.043784999999999998,
            "ru_nvcsw": 11,
            "ru_maxrss_kb": 123236,
            "ru_nivcsw": 155,
            "ru_majflt": 0
        },
        "mopSpeed": 131176.84078036502,
        "cpu_cycles_end": 23549782750191,
        "cpu_cycles_total": 787472625,
        "quadSpeed": 44959.093769666462,
        "peak_mem_kb": 381968,
        "realTime": 0.33358311653137207
    },
    "cycles_program_begin": 23548995277566,
    "perf": [
        {
            "stat": [
                "main",
                "entry",
                0.018126010894775391,
                0.024586,
                0.024586,
                203220,
                204476,
                0.0,
                0.0,
                1735812557.349782,
                23548995493669
            ],
            "sub": [
                {
                    "stat": [
                        "doParsingAndDesignResolution",
                        "entry",
                        0.1413581371307373,
                        0.035353999999999997,
                        0.024586,
                        212908,
                        213708,
                        0.0,
                        0.0,
                        1735812557.4730141,
                        23549303055749
                    ],
                    "sub": []
                },
                {
                    "stat": [
                        "doParsingAndDesignResolution",
                        "exit",
                        0.15737795829772949,
                        0.043199000000000001,
                        0.025919000000000001,
                        250896,
                        254064,
                        0.0,
                        0.0,
                        1735812557.4890339,
                        23549343075650
                    ],
                    "sub": []
                },
                {
                    "stat": [
                        "doPostDesignResolutionToVir2Vcs",
                        "entry",
                        0.1759641170501709,
                        0.048145,
                        0.028726000000000002,
                        298172,
                        381968,
                        0.0,
                        0.0,
                        1735812557.5076201,
                        23549389443650
                    ],
                    "sub": [
                        {
                            "stat": [
                                "doUptoVir2VcsNoSepCleanup",
                                "entry",
                                0.17962002754211426,
                                0.050529999999999999,
                                0.029475999999999999,
                                298392,
                                381968,
                                0.0,
                                0.0,
                                1735812557.511276,
                                23549398563397
                            ],
                            "sub": []
                        },
                        {
                            "stat": [
                                "doUptoVir2VcsNoSepCleanup",
                                "exit",
                                0.21825790405273438,
                                0.06318,
                                0.033695999999999997,
                                298648,
                                381968,
                                0.0,
                                0.0018339999999999999,
                                1735812557.5499139,
                                23549495020718
                            ],
                            "sub": []
                        },
                        {
                            "stat": [
                                "doRadify_vir2vcsAll",
                                "entry",
                                0.21831607818603516,
                                0.063217999999999996,
                                0.033716000000000003,
                                298648,
                                381968,
                                0.0,
                                0.0018339999999999999,
                                1735812557.5499721,
                                23549495094893
                            ],
                            "sub": []
                        },
                        {
                            "stat": [
                                "doRadify_vir2vcsAll",
                                "exit",
                                0.22383904457092285,
                                0.066108,
                                0.033716000000000003,
                                300248,
                                381968,
                                0.0,
                                0.0018339999999999999,
                                1735812557.555495,
                                23549518475538
                            ],
                            "sub": []
                        }
                    ]
                },
                {
                    "stat": [
                        "doPostDesignResolutionToVir2Vcs",
                        "exit",
                        0.22769999504089355,
                        0.066171999999999995,
                        0.033716000000000003,
                        300248,
                        381968,
                        0.0,
                        0.0018339999999999999,
                        1735812557.559356,
                        23549518547245
                    ],
                    "sub": []
                },
                {
                    "stat": [
                        "doGAToPass2",
                        "entry",
                        0.22772312164306641,
                        0.066197000000000006,
                        0.033716000000000003,
                        300248,
                        381968,
                        0.0,
                        0.0018339999999999999,
                        1735812557.5593791,
                        23549518576659
                    ],