{
    "Modules": {
        "...MASTER...": {
            "start_perf": [
                0.21656608581542969,
                0.070624999999999993,
                0.031389,
                299036,
                381708,
                1738816120.9241991,
                3869540177021
            ],
            "nMops": 0,
            "nQuads": 0,
            "end_perf": [
                0.22110295295715332,
                0.071825,
                0.031921999999999999,
                300492,
                381708,
                3869551572961,
                0,
                0
            ],
            "child_modules": {
                "std": 1,
                "testbench": 1
            },
            "nRouts": 5
        },
        "std": {
            "start_perf": [
                0.22118687629699707,
                0.071884000000000003,
                0.031947999999999997,
                300492,
                381708,
                1738816120.9288199,
                3869551711097
            ],
            "nMops": 528,
            "child_modules": {},
            "end_perf": [
                0.22385287284851074,
                0.074550000000000005,
                0.031947999999999997,
                300492,
                381708,
                3869558425280,
                8589934594,
                0
            ],
            "nQuads": 218,
            "Compiled": "Yes",
            "Compiled Times": 2,
            "svclass": [
                "$vcs_nba_dyn_obj",
                0,
                35,
                2,
                2,
                0,
                "sigprop$$",
                0,
                35,
                2,
                2,
                0,
                "process",
                0,
                200,
                8,
                8,
                0,
                "event",
                0,
                34,
                2,
                2,
                0,
                "mailbox",
                0,
                140,
                9,
                9,
                0,
                "semaphore",
                0,
                84,
                5,
                5,
                0
            ],
            "nRouts": 33
        },
        "testbench": {
            "start_perf": [
                0.22390294075012207,
                0.0746,
                0.031947999999999997,
                300492,
                381708,
                1738816120.931536,
                3869558491943
            ],
            "nMops": 2561,
            "nQuads": 1038,
            "end_perf": [
                0.23673295974731445,
                0.083134,
                0.035628,
                303680,
                381708,
                3869590571304,
                17179869185,
                0
            ],
            "child_modules": {},
            "nRouts": 118,
            "Compiled": "Yes",
            "Compiled Times": 2
        }
    },
    "CompUnits": {},
    "stat": {
        "ru_self_end": {
            "ru_majflt": 0,
            "ru_utime_sec": 0.086972999999999995,
            "ru_stime_sec": 0.035924999999999999,
            "ru_maxrss_kb": 121092,
            "ru_minflt": 13449,
            "ru_nvcsw": 20,
            "ru_nivcsw": 119
        },
        "ru_childs_end": {
            "ru_majflt": 0,
            "ru_utime_sec": 0.016642000000000001,
            "ru_stime_sec": 0.0033769999999999998,
            "ru_maxrss_kb": 112132,
            "ru_minflt": 2727,
            "ru_nvcsw": 19,
            "ru_nivcsw": 22
        },
        "peak_mem_kb": 381708,
        "cpu_cycles_end": 3869601156926
    },
    "ObjArchives": [
        {
            "archive": "archive.1/_28600_archive_1.a",
            "objects": [
                [
                    "amcQwB.o",
                    116096
                ]
            ],
            "size": 116096
        }
    ],
    "reusePaths": {
        "amcQw_d": {
            "icPath": "csrc"
        },
        "iAVhC_d": {
            "icPath": "csrc"
        },
        "reYIK_d": {
            "icPath": "csrc"
        }
    }
}