{
    "Modules": {
        "tb": {
            "start_perf": [
                0.21589303016662598,
                0.057342999999999998,
                0.043006999999999997,
                305460,
                381288,
                1772525892.1124721,
                4474347281977
            ],
            "child_modules": {},
            "Compiled": "Yes",
            "Compiled Times": 1,
            "end_perf": [
                0.23007488250732422,
                0.069800000000000001,
                0.044083999999999998,
                307124,
                381288,
                4474382735882,
                17179869185,
                0
            ],
            "nQuads": 670,
            "nRouts": 80,
            "nMops": 1414
        },
        "...MASTER...": {
            "start_perf": [
                0.20623207092285156,
                0.051267,
                0.040280999999999997,
                298592,
                381288,
                1772525892.1028111,
                4474323168165
            ],
            "child_modules": {
                "std": 1,
                "tb": 1
            },
            "end_perf": [
                0.20820403099060059,
                0.051267,
                0.042251999999999998,
                303124,
                381288,
                4474328128539,
                0,
                0
            ],
            "nQuads": 0,
            "nRouts": 5,
            "nMops": 0
        },
        "std": {
            "start_perf": [
                0.20826292037963867,
                0.051267,
                0.042311000000000001,
                303124,
                381288,
                1772525892.1048419,
                4474328243518
            ],
            "child_modules": {},
            "Compiled": "Yes",
            "svclass": [
                "$vcs_nba_dyn_obj",
                576,
                35,
                2,
                2,
                0,
                "sigprop$$",
                576,
                35,
                2,
                2,
                0,
                "process",
                2380,
                200,
                8,
                8,
                0,
                "event",
                597,
                34,
                2,
                2,
                0,
                "mailbox",
                1769,
                140,
                9,
                9,
                0,
                "semaphore",
                1119,
                84,
                5,
                5,
                0
            ],
            "Compiled Times": 1,
            "end_perf": [
                0.21584486961364746,
                0.057314999999999998,
                0.042986000000000003,
                305460,
                381288,
                4474347217121,
                8589934594,
                0
            ],
            "significant_routs": [
                [
                    24,
                    "F_VCSgd_reYIK_24_0",
                    3519622,
                    984,
                    90
                ]
            ],
            "nQuads": 218,
            "nMops": 528,
            "nRouts": 33
        }
    },
    "CompUnits": {
        "amcQw_d": {
            "mod": "...MASTER...",
            "bytes": 7824,
            "out": "objs/amcQw_d.o",
            "checksum": 0,
            "text": 434,
            "mode": 4
        },
        "reYIK_d": {
            "archive": "archive.0/_81546_archive_1.a",
            "mod": "std",
            "bytes": 43000,
            "out": "reYIK_d.o",
            "checksum": 0,
            "text": 7325,
            "mode": 4,
            "cls": 7017
        },
        "g7hgQ_d": {
            "archive": "archive.0/_81546_archive_1.a",
            "mod": "tb",
            "bytes": 32060,
            "out": "g7hgQ_d.o",
            "checksum": 0,
            "text": 15367,
            "mode": 4
        }
    },
    "ObjArchives": [
        {
            "archive": "archive.0/_81546_archive_1.a",
            "size": 191856,
            "objects": [
                [
                    "reYIK_d.o",
                    43000
                ],
                [
                    "g7hgQ_d.o",
                    32060
                ],
                [
                    "amcQwB.o",
                    116796
                ]
            ]
        }
    ],
    "reusePaths": {},
    "stat": {
        "ru_childs_end": {
            "ru_utime_sec": 0.023865999999999998,
            "ru_stime_sec": 0.0074830000000000001,
            "ru_maxrss_kb": 111368,
            "ru_minflt": 4111,
            "ru_majflt": 0,
            "ru_nvcsw": 21,
            "ru_nivcsw": 32
        },
        "ru_self_end": {
            "ru_utime_sec": 0.070216000000000001,
            "ru_stime_sec": 0.048043000000000002,
            "ru_maxrss_kb": 121136,
            "ru_minflt": 13340,
            "ru_majflt": 0,
            "ru_nvcsw": 18,
            "ru_nivcsw": 101
        },
        "cpu_cycles_end": 4474393691412,
        "peak_mem_kb": 381288
    }
}