{
    "stat": {
        "CodeGen(%)": 23.060737033666971,
        "ru_self_cgstart": {
            "ru_maxrss_kb": 110720,
            "ru_utime_sec": 0.071006,
            "ru_stime_sec": 0.026159999999999999,
            "ru_minflt": 11626,
            "ru_majflt": 0,
            "ru_nivcsw": 63,
            "ru_nvcsw": 8
        },
        "nMops": 1864,
        "mop/quad": 2.190364277320799,
        "ru_childs_cgstart": {
            "ru_maxrss_kb": 110720,
            "ru_utime_sec": 0.010168,
            "ru_stime_sec": 0.010943,
            "ru_minflt": 2711,
            "ru_majflt": 0,
            "ru_nivcsw": 14,
            "ru_nvcsw": 18
        },
        "ru_childs_end": {
            "ru_maxrss_kb": 110720,
            "ru_utime_sec": 0.010168,
            "ru_stime_sec": 0.010943,
            "ru_minflt": 2711,
            "ru_majflt": 0,
            "ru_nivcsw": 14,
            "ru_nvcsw": 18
        },
        "Frontend(%)": 76.939262966333033,
        "cpu_cycles_cgstart": 7589120414247,
        "outputSizePerQuad": 233.29259694477085,
        "realTime": 0.26138591766357422,
        "nQuads": 851,
        "totalObjSize": 198532,
        "mopSpeed": 76613.234689683508,
        "ru_self_end": {
            "ru_maxrss_kb": 120360,
            "ru_utime_sec": 0.095336000000000004,
            "ru_stime_sec": 0.029333999999999999,
            "ru_minflt": 13339,
            "ru_majflt": 0,
            "ru_nivcsw": 81,
            "ru_nvcsw": 8
        },
        "cpu_cycles_end": 7589201251036,
        "cpu_cycles_total": 563689795,
        "quadSpeed": 34977.394163584046,
        "peak_mem_kb": 384872
    },
    "cycles_program_begin": 7588637561241,
    "CompileStrategy": "fullobj",
    "perf": [
        {
            "stat": [
                "main",
                "entry",
                0.035573005676269531,
                0.039801000000000003,
                0.011272000000000001,
                203220,
                204476,
                0.0,
                0.0,
                1755715727.728508,
                7588637786828
            ],
            "sub": [
                {
                    "stat": [
                        "doParsingAndDesignResolution",
                        "entry",
                        0.1515350341796875,
                        0.051490000000000001,
                        0.011882,
                        212908,
                        213708,
                        0.0,
                        0.0,
                        1755715727.84447,
                        7588927187401
                    ],
                    "sub": []
                },
                {
                    "stat": [
                        "doParsingAndDesignResolution",
                        "exit",
                        0.16613006591796875,
                        0.056078999999999997,
                        0.020743999999999999,
                        313964,
                        384872,
                        0.0,
                        0.0,
                        1755715727.8590651,
                        7588963634574
                    ],
                    "sub": []
                },
                {
                    "stat": [
                        "doPostDesignResolutionToVir2Vcs",
                        "entry",
                        0.16826105117797852,
                        0.056078999999999997,
                        0.022875,
                        299948,
                        384872,
                        0.0,
                        0.0,
                        1755715727.861196,
                        7588968942119
                    ],
                    "sub": [
                        {
                            "stat": [
                                "doUptoVir2VcsNoSepCleanup",
                                "entry",
                                0.17242312431335449,
                                0.058384999999999999,
                                0.023354,
                                300140,
                                384872,
                                0.0,
                                0.0,
                                1755715727.8653581,
                                7588979315776
                            ],
                            "sub": []
                        },
                        {
                            "stat": [
                                "doUptoVir2VcsNoSepCleanup",
                                "exit",
                                0.18927693367004395,
                                0.067036999999999999,
                                0.026069999999999999,
                                300268,
                                384872,
                                0.001751,
                                0.0,
                                1755715727.8822119,
                                7589021403044
                            ],
                            "sub": []
                        },
                        {
                            "stat": [
                                "doRadify_vir2vcsAll",
                                "entry",
                                0.18933606147766113,
                                0.067080000000000001,
                                0.026086000000000002,
                                300268,
                                384872,
                                0.001751,
                                0.0,
                                1755715727.8822711,
                                7589021485478
                            ],
                            "sub": []
                        },
                        {
                            "stat": [
                                "doRadify_vir2vcsAll",
                                "exit",
                                0.19198989868164062,
                                0.069677000000000003,
                                0.026086000000000002,
                                301964,
                                384872,
                                0.001751,
                                0.0,
                                1755715727.8849249,
                                7589028194234
                            ],
                            "sub": []
                        }
                    ]
                },
                {
                    "stat": [
                        "doPostDesignResolutionToVir2Vcs",
                        "exit",
                        0.19203996658325195,
                        0.06973,
                        0.026086000000000002,
                        301964,
                        384872,
                        0.001751,
                        0.0,
                        1755715727.884975,
                        7589028232297
                    ],
                    "sub": []
                },
                {
                    "stat": [
                        "doGAToPass2",
                        "entry",
                        0.19205307960510254,
                        0.069742999999999999,
                        0.026086000000000002,
                        301964,
                        384872,
                        0.001751,
                        0.0,
                        1755715727.8849881,
                        7589028260081
                    ],