{
    "CompUnits": {
        "amcQw_d": {
            "checksum": 0,
            "mod": "...MASTER...",
            "mode": 4,
            "out": "objs/amcQw_d.o",
            "bytes": 7824,
            "text": 434
        },
        "reYIK_d": {
            "checksum": 0,
            "mod": "std",
            "mode": 4,
            "out": "reYIK_d.o",
            "cls": 7017,
            "bytes": 43000,
            "text": 7325,
            "archive": "archive.0/_349512_archive_1.a"
        },
        "g7hgQ_d": {
            "checksum": 0,
            "mod": "tb",
            "mode": 4,
            "out": "g7hgQ_d.o",
            "bytes": 73106,
            "text": 35862,
            "archive": "archive.0/_349512_archive_1.a"
        }
    },
    "Modules": {
        "...MASTER...": {
            "start_perf": [
                0.25189399719238281,
                0.063812999999999995,
                0.037669000000000001,
                312504,
                385108,
                1755718241.2700989,
                13862451463037
            ],
            "child_modules": {
                "std": 1,
                "tb": 1
            },
            "end_perf": [
                0.25417518615722656,
                0.063812999999999995,
                0.039948999999999998,
                313484,
                385108,
                13862457194195,
                0,
                0
            ],
            "nRouts": 5,
            "nQuads": 0,
            "nMops": 0
        },
        "std": {
            "start_perf": [
                0.25449299812316895,
                0.063812999999999995,
                0.040017999999999998,
                313484,
                385108,
                1755718241.2726979,
                13862457970886
            ],
            "child_modules": {},
            "Compiled": "Yes",
            "Compiled Times": 1,
            "end_perf": [
                0.26245999336242676,
                0.070627999999999996,
                0.040889000000000002,
                314452,
                385108,
                13862477897674,
                8589934594,
                0
            ],
            "svclass": [
                "$vcs_nba_dyn_obj",
                576,
                35,
                2,
                2,
                0,
                "sigprop$$",
                576,
                35,
                2,
                2,
                0,
                "process",
                2380,
                200,
                8,
                8,
                0,
                "event",
                597,
                34,
                2,
                2,
                0,
                "mailbox",
                1769,
                140,
                9,
                9,
                0,
                "semaphore",
                1119,
                84,
                5,
                5,
                0
            ],
            "nRouts": 33,
            "nQuads": 218,
            "nMops": 528
        },
        "tb": {
            "start_perf": [
                0.26251697540283203,
                0.070665000000000006,
                0.040911000000000003,
                314452,
                385108,
                1755718241.2807219,
                13862477978443
            ],
            "child_modules": {},
            "Compiled": "Yes",
            "Compiled Times": 1,
            "end_perf": [
                0.29826998710632324,
                0.101871,
                0.045275999999999997,
                314452,
                385108,
                13862567276635,
                21474836481,
                0
            ],
            "significant_routs": [
                [
                    96,
                    "R_VCSgd_g7hgQ_60",
                    3151060,
                    3104,
                    410
                ]
            ],
            "nRouts": 155,
            "nQuads": 1477,
            "nMops": 4116
        }
    },
    "reusePaths": {},
    "ObjArchives": [
        {
            "archive": "archive.0/_349512_archive_1.a",
            "objects": [
                [
                    "reYIK_d.o",
                    43000
                ],
                [
                    "g7hgQ_d.o",
                    73106
                ],
                [
                    "amcQwB.o",
                    119666
                ]
            ],
            "size": 235772
        }
    ],
    "stat": {
        "ru_self_end": {
            "ru_utime_sec": 0.105645,
            "ru_maxrss_kb": 127120,
            "ru_stime_sec": 0.045776999999999998,
            "ru_nivcsw": 72,
            "ru_minflt": 14147,
            "ru_nvcsw": 29,
            "ru_majflt": 0
        },
        "ru_childs_end": {
            "ru_utime_sec": 0.018172000000000001,
            "ru_maxrss_kb": 114688,
            "ru_stime_sec": 0.0032060000000000001,
            "ru_nivcsw": 20,
            "ru_minflt": 2709,
            "ru_nvcsw": 20,
            "ru_majflt": 0
        },
        "cpu_cycles_end": 13862577870831,
        "peak_mem_kb": 385108
    }
}