{
    "Modules": {
        "...MASTER...": {
            "start_perf": [
                0.24142289161682129,
                0.087432999999999997,
                0.016590000000000001,
                310832,
                382012,
                1751868900.8408689,
                37670425993253
            ],
            "nMops": 0,
            "child_modules": {
                "std": 1,
                "tb": 1
            },
            "end_perf": [
                0.24629998207092285,
                0.087432999999999997,
                0.018411,
                310832,
                382012,
                37670438220058,
                0,
                0
            ],
            "nRouts": 5,
            "nQuads": 0
        },
        "std": {
            "svclass": [
                "$vcs_nba_dyn_obj",
                0,
                35,
                2,
                2,
                0,
                "sigprop$$",
                0,
                35,
                2,
                2,
                0,
                "process",
                0,
                200,
                8,
                8,
                0,
                "event",
                0,
                34,
                2,
                2,
                0,
                "mailbox",
                0,
                140,
                9,
                9,
                0,
                "semaphore",
                0,
                84,
                5,
                5,
                0
            ],
            "start_perf": [
                0.24637198448181152,
                0.087432999999999997,
                0.018484,
                310832,
                382012,
                1751868900.845818,
                37670438350462
            ],
            "child_modules": {},
            "Compiled": "Yes",
            "nMops": 528,
            "Compiled Times": 2,
            "end_perf": [
                0.24886703491210938,
                0.089719999999999994,
                0.018690999999999999,
                310832,
                382012,
                37670444625843,
                8589934594,
                0
            ],
            "nQuads": 218,
            "nRouts": 33
        },
        "tb": {
            "start_perf": [
                0.2489159107208252,
                0.089761999999999995,
                0.018700000000000001,
                310832,
                382012,
                1751868900.848362,
                37670444688214
            ],
            "child_modules": {},
            "Compiled": "Yes",
            "nMops": 3958,
            "Compiled Times": 2,
            "significant_routs": [
                [
                    2,
                    "R_VCSgd_g7hgQ_2",
                    3711790,
                    3505,
                    443
                ],
                [
                    19,
                    "R_VCSgd_g7hgQ_13",
                    5773783,
                    142,
                    13
                ],
                [
                    46,
                    "U_VCSgd_g7hgQ_46",
                    4227431,
                    1124,
                    90
                ],
                [
                    127,
                    "R_VCSgd_g7hgQ_7f",
                    3506927,
                    362,
                    34
                ]
            ],
            "end_perf": [
                0.30579900741577148,
                0.12574399999999999,
                0.018700000000000001,
                312780,
                382012,
                37670586741156,
                21474836481,
                0
            ],
            "nQuads": 1681,
            "nRouts": 156
        }
    },
    "CompUnits": {
        "g7hgQ_d": {
            "text": 36458,
            "mod": "tb",
            "mode": 4,
            "out": "g7hgQ_d.o",
            "bytes": 75822,
            "checksum": 0,
            "archive": "archive.1/_156162_archive_1.a"
        }
    },
    "ObjArchives": [
        {
            "archive": "archive.1/_156162_archive_1.a",
            "objects": [
                [
                    "g7hgQ_d.o",
                    75822
                ],
                [
                    "amcQwB.o",
                    119000
                ]
            ],
            "size": 194822
        }
    ],
    "reusePaths": {
        "amcQw_d": {
            "icPath": "csrc"
        },
        "reYIK_d": {
            "icPath": "csrc"
        }
    },
    "stat": {
        "ru_self_end": {
            "ru_nvcsw": 8,
            "ru_utime_sec": 0.130527,
            "ru_nivcsw": 146,
            "ru_stime_sec": 0.018700000000000001,
            "ru_maxrss_kb": 127852,
            "ru_minflt": 14382,
            "ru_majflt": 0
        },
        "ru_childs_end": {
            "ru_nvcsw": 19,
            "ru_utime_sec": 0.013661,
            "ru_nivcsw": 20,
            "ru_stime_sec": 0.0073569999999999998,
            "ru_maxrss_kb": 115948,
            "ru_minflt": 2723,
            "ru_majflt": 0
        },
        "cpu_cycles_end": 37670598588202,
        "peak_mem_kb": 382012
    }
}