{
    "CompUnits": {
        "amcQw_d": {
            "text": 434,
            "mod": "...MASTER...",
            "out": "objs/amcQw_d.o",
            "bytes": 7832,
            "checksum": 0,
            "mode": 4
        },
        "reYIK_d": {
            "text": 7325,
            "mod": "std",
            "archive": "archive.0/_130413_archive_1.a",
            "cls": 7017,
            "out": "reYIK_d.o",
            "bytes": 43000,
            "checksum": 0,
            "mode": 4
        },
        "WatCj_d": {
            "text": 42734,
            "mod": "tb_adder64",
            "archive": "archive.0/_130413_archive_1.a",
            "out": "WatCj_d.o",
            "bytes": 69286,
            "checksum": 0,
            "mode": 4
        }
    },
    "Modules": {
        "std": {
            "start_perf": [
                0.20902490615844727,
                0.089469999999999994,
                0.011998999999999999,
                303268,
                385048,
                1772526447.052012,
                5859380948483
            ],
            "end_perf": [
                0.21576905250549316,
                0.096186999999999995,
                0.012023000000000001,
                305484,
                385048,
                5859397833265,
                8589934594,
                0
            ],
            "child_modules": {},
            "Compiled Times": 1,
            "Compiled": "Yes",
            "nMops": 528,
            "svclass": [
                "$vcs_nba_dyn_obj",
                576,
                35,
                2,
                2,
                0,
                "sigprop$$",
                576,
                35,
                2,
                2,
                0,
                "process",
                2380,
                200,
                8,
                8,
                0,
                "event",
                597,
                34,
                2,
                2,
                0,
                "mailbox",
                1769,
                140,
                9,
                9,
                0,
                "semaphore",
                1119,
                84,
                5,
                5,
                0
            ],
            "nRouts": 33,
            "nQuads": 218
        },
        "...MASTER...": {
            "start_perf": [
                0.20697784423828125,
                0.087437000000000001,
                0.011998999999999999,
                298740,
                385048,
                1772526447.0499649,
                5859375843716
            ],
            "end_perf": [
                0.20895099639892578,
                0.089409000000000002,
                0.011998999999999999,
                303268,
                385048,
                5859380796653,
                0,
                0
            ],
            "child_modules": {
                "std": 1,
                "tb_adder64": 1
            },
            "nRouts": 5,
            "nQuads": 0,
            "nMops": 0
        },
        "tb_adder64": {
            "significant_routs": [
                [
                    98,
                    "R_VCSgd_WatCj_62",
                    4713483,
                    6725,
                    597
                ],
                [
                    112,
                    "R_VCSgd_WatCj_70",
                    4616519,
                    848,
                    144
                ],
                [
                    187,
                    "R_VCSgd_WatCj_bb",
                    4697791,
                    5098,
                    702
                ]
            ],
            "start_perf": [
                0.2158198356628418,
                0.096234,
                0.012029,
                305484,
                385048,
                1772526447.0588069,
                5859397902248
            ],
            "end_perf": [
                0.24340295791625977,
                0.122042,
                0.012029,
                307148,
                385048,
                5859466804958,
                17179869185,
                0
            ],
            "child_modules": {},
            "Compiled Times": 1,
            "Compiled": "Yes",
            "nRouts": 193,
            "nQuads": 1760,
            "nMops": 4886
        }
    },
    "stat": {
        "peak_mem_kb": 385048,
        "ru_self_end": {
            "ru_nivcsw": 107,
            "ru_utime_sec": 0.122517,
            "ru_stime_sec": 0.015807999999999999,
            "ru_majflt": 0,
            "ru_maxrss_kb": 121248,
            "ru_minflt": 13573,
            "ru_nvcsw": 23
        },
        "ru_childs_end": {
            "ru_nivcsw": 34,
            "ru_utime_sec": 0.016847999999999998,
            "ru_stime_sec": 0.015876000000000001,
            "ru_majflt": 0,
            "ru_maxrss_kb": 111264,
            "ru_minflt": 4109,
            "ru_nvcsw": 20
        },
        "cpu_cycles_end": 5859477549261
    },
    "reusePaths": {},
    "ObjArchives": [
        {
            "archive": "archive.0/_130413_archive_1.a",
            "objects": [
                [
                    "reYIK_d.o",
                    43000
                ],
                [
                    "WatCj_d.o",
                    69286
                ],
                [
                    "amcQwB.o",
                    117294
                ]
            ],
            "size": 229580
        }
    ]
}