{
    "stat": {
        "outputSizePerQuad": 147.2985468956407,
        "ru_self_cgstart": {
            "ru_utime_sec": 0.079424999999999996,
            "ru_stime_sec": 0.0094529999999999996,
            "ru_nivcsw": 73,
            "ru_maxrss_kb": 111748,
            "ru_minflt": 11762,
            "ru_majflt": 0,
            "ru_nvcsw": 13
        },
        "ru_childs_cgstart": {
            "ru_utime_sec": 0.011716000000000001,
            "ru_stime_sec": 0.0087989999999999995,
            "ru_nivcsw": 16,
            "ru_maxrss_kb": 111748,
            "ru_minflt": 2713,
            "ru_majflt": 0,
            "ru_nvcsw": 17
        },
        "nMops": 3293,
        "Frontend(%)": 75.825090058985523,
        "totalObjSize": 223010,
        "cpu_cycles_cgstart": 8427970529496,
        "quadSpeed": 52102.691169385369,
        "mop/quad": 2.1750330250990753,
        "CodeGen(%)": 24.174909941014487,
        "ru_self_end": {
            "ru_utime_sec": 0.108483,
            "ru_stime_sec": 0.020171999999999999,
            "ru_nivcsw": 85,
            "ru_maxrss_kb": 123276,
            "ru_minflt": 13936,
            "ru_majflt": 0,
            "ru_nvcsw": 13
        },
        "nQuads": 1514,
        "mopSpeed": 113325.07398995112,
        "ru_childs_end": {
            "ru_utime_sec": 0.011716000000000001,
            "ru_stime_sec": 0.0087989999999999995,
            "ru_nivcsw": 16,
            "ru_maxrss_kb": 111748,
            "ru_minflt": 2713,
            "ru_majflt": 0,
            "ru_nvcsw": 17
        },
        "cpu_cycles_end": 8428074578097,
        "cpu_cycles_total": 640612466,
        "peak_mem_kb": 381708,
        "realTime": 0.27262091636657715
    },
    "CompileStatus": "Successful",
    "cycles_program_begin": 8427433965631,
    "CompileStrategy": "fullobj",
    "NameTable": {
        "std": [
            "std",
            "reYIK",
            "module",
            1
        ],
        "testbench": [
            "testbench",
            "iAVhC",
            "module",
            2
        ],
        "...MASTER...": [
            "SIM",
            "amcQw",
            "module",
            3
        ]
    },
    "MlibObjs": {},
    "SIMBData": {
        "out": "amcQwB.o",
        "bytes": 116846,
        "text": 0,
        "archive": "archive.0/_31988_archive_1.a"
    },
    "perf": [
        {
            "stat": [
                "main",
                "entry",
                0.015987873077392578,
                0.044038000000000001,
                0.0,
                203220,
                204476,
                0.0,
                0.0,
                1737426581.1947889,
                8427434190545
            ],
            "sub": [
                {
                    "stat": [
                        "doParsingAndDesignResolution",
                        "entry",
                        0.12849283218383789,
                        0.053275000000000003,
                        0.0,
                        212908,
                        213708,
                        0.0,
                        0.0,
                        1737426581.3072939,
                        8427714950044
                    ],
                    "sub": []
                },
                {
                    "stat": [
                        "doParsingAndDesignResolution",
                        "exit",
                        0.1371309757232666,
                        0.057480000000000003,
                        0.0041050000000000001,
                        250636,
                        253800,
                        0.0,
                        0.0,
                        1737426581.315932,
                        8427736522721
                    ],
                    "sub": []
                },
                {
                    "stat": [
                        "doPostDesignResolutionToVir2Vcs",
                        "entry",
                        0.14915990829467773,
                        0.064554,
                        0.0043030000000000004,
                        298168,
                        381708,
                        0.0,
                        0.0,
                        1737426581.327961,
                        8427766523494
                    ],
                    "sub": [
                        {
                            "stat": [
                                "doUptoVir2VcsNoSepCleanup",
                                "entry",
                                0.16056084632873535,
                                0.064554,
                                0.0074050000000000001,
                                298392,
                                381708,
                                0.0,
                                0.0,
                                1737426581.3393619,
                                8427794982541
                            ],
                            "sub": []
                        },
                        {
                            "stat": [
                                "doUptoVir2VcsNoSepCleanup",
                                "exit",
                                0.19030404090881348,
                                0.076970999999999998,
                                0.0081019999999999998,
                                298648,
                                381708,
                                0.001833,
                                0.0,
                                1737426581.3691051,
                                8427869236538
                            ],
                            "sub": []
                        },
                        {
                            "stat": [
                                "doRadify_vir2vcsAll",
                                "entry",
                                0.19035601615905762,
                                0.077018000000000003,
                                0.0081069999999999996,
                                298648,
                                381708,
                                0.001833,
                                0.0,
                                1737426581.3691571,
                                8427869310019
                            ],
                            "sub": []
                        },
                        {
                            "stat": [
                                "doRadify_vir2vcsAll",
                                "exit",
                                0.19360494613647461,
                                0.079378000000000004,
                                0.0083549999999999996,
                                300440,
                                381708,
                                0.001833,
                                0.0,
                                1737426581.372406,
                                8427877480809
                            ],
                            "sub": []
                        }
                    ]
                },
                {
                    "stat": [
                        "doPostDesignResolutionToVir2Vcs",
                        "exit",
                        0.19364404678344727,
                        0.079413999999999998,
                        0.0083590000000000001,
                        300440,
                        381708,
                        0.001833,
                        0.0,
                        1737426581.3724451,
                        8427877516478
                    ],