{
    "Modules": {
        "...MASTER...": {
            "child_modules": {
                "std": 1,
                "testbench": 1
            },
            "start_perf": [
                0.23095083236694336,
                0.079424999999999996,
                0.0094909999999999994,
                298884,
                381708,
                1737426581.4097519,
                8427970636002
            ],
            "end_perf": [
                0.23320984840393066,
                0.079424999999999996,
                0.01175,
                303352,
                381708,
                8427976323898,
                0,
                0
            ],
            "nQuads": 0,
            "nMops": 0,
            "nRouts": 5
        },
        "std": {
            "start_perf": [
                0.23328495025634766,
                0.079424999999999996,
                0.011825,
                303352,
                381708,
                1737426581.412086,
                8427976462379
            ],
            "child_modules": {},
            "Compiled": "Yes",
            "Compiled Times": 1,
            "svclass": [
                "$vcs_nba_dyn_obj",
                576,
                35,
                2,
                2,
                0,
                "sigprop$$",
                576,
                35,
                2,
                2,
                0,
                "process",
                2380,
                200,
                8,
                8,
                0,
                "event",
                597,
                34,
                2,
                2,
                0,
                "mailbox",
                1769,
                140,
                9,
                9,
                0,
                "semaphore",
                1119,
                84,
                5,
                5,
                0
            ],
            "end_perf": [
                0.2402949333190918,
                0.085977999999999999,
                0.012282,
                305596,
                381708,
                8427994010786,
                8589934594,
                0
            ],
            "nQuads": 218,
            "nMops": 528,
            "nRouts": 33
        },
        "testbench": {
            "child_modules": {},
            "start_perf": [
                0.24034500122070312,
                0.086022000000000001,
                0.012288,
                305596,
                381708,
                1737426581.4191461,
                8427994076607
            ],
            "Compiled": "Yes",
            "Compiled Times": 1,
            "end_perf": [
                0.2672119140625,
                0.103773,
                0.019956000000000002,
                309028,
                381708,
                8428061186602,
                17179869185,
                0
            ],
            "nQuads": 1296,
            "nMops": 2765,
            "nRouts": 148
        }
    },
    "CompUnits": {
        "iAVhC_d": {
            "bytes": 55332,
            "mod": "testbench",
            "out": "iAVhC_d.o",
            "text": 29662,
            "mode": 4,
            "archive": "archive.0/_31988_archive_1.a",
            "checksum": 0
        },
        "amcQw_d": {
            "bytes": 7832,
            "mod": "...MASTER...",
            "out": "objs/amcQw_d.o",
            "text": 434,
            "mode": 4,
            "checksum": 0
        },
        "reYIK_d": {
            "cls": 7017,
            "bytes": 43000,
            "mod": "std",
            "out": "reYIK_d.o",
            "text": 7325,
            "mode": 4,
            "archive": "archive.0/_31988_archive_1.a",
            "checksum": 0
        }
    },
    "stat": {
        "ru_self_end": {
            "ru_utime_sec": 0.108277,
            "ru_stime_sec": 0.020171999999999999,
            "ru_nivcsw": 85,
            "ru_maxrss_kb": 123276,
            "ru_minflt": 13936,
            "ru_majflt": 0,
            "ru_nvcsw": 13
        },
        "ru_childs_end": {
            "ru_utime_sec": 0.011716000000000001,
            "ru_stime_sec": 0.0087989999999999995,
            "ru_nivcsw": 16,
            "ru_maxrss_kb": 111748,
            "ru_minflt": 2713,
            "ru_majflt": 0,
            "ru_nvcsw": 17
        },
        "cpu_cycles_end": 8428074070819,
        "peak_mem_kb": 381708
    },
    "reusePaths": {},
    "ObjArchives": [
        {
            "archive": "archive.0/_31988_archive_1.a",
            "objects": [
                [
                    "reYIK_d.o",
                    43000
                ],
                [
                    "iAVhC_d.o",
                    55332
                ],
                [
                    "amcQwB.o",
                    116846
                ]
            ],
            "size": 215178
        }
    ]
}