{
    "CompileStatus": "Successful",
    "CompileStrategy": "fullobj",
    "CurCompileUdps": {},
    "cycles_program_begin": 28555622395709,
    "stat": {
        "ru_childs_end": {
            "ru_utime_sec": 0.018029,
            "ru_nivcsw": 26,
            "ru_maxrss_kb": 114992,
            "ru_stime_sec": 0.002245,
            "ru_minflt": 2712,
            "ru_majflt": 0,
            "ru_nvcsw": 19
        },
        "ru_childs_cgstart": {
            "ru_utime_sec": 0.018029,
            "ru_nivcsw": 26,
            "ru_maxrss_kb": 114992,
            "ru_stime_sec": 0.002245,
            "ru_minflt": 2712,
            "ru_majflt": 0,
            "ru_nvcsw": 19
        },
        "cpu_cycles_end": 28556192260057,
        "peak_mem_kb": 384084,
        "nMops": 4451,
        "mopSpeed": 96402.503736111408,
        "ru_self_cgstart": {
            "ru_utime_sec": 0.058136,
            "ru_nivcsw": 52,
            "ru_maxrss_kb": 114992,
            "ru_stime_sec": 0.042632999999999997,
            "ru_minflt": 11791,
            "ru_majflt": 0,
            "ru_nvcsw": 26
        },
        "outputSizePerQuad": 146.38541033434652,
        "realTime": 0.24298501014709473,
        "totalObjSize": 240804,
        "cpu_cycles_total": 569864348,
        "cpu_cycles_cgstart": 28556073472146,
        "quadSpeed": 35628.424768794262,
        "nQuads": 1645,
        "ru_self_end": {
            "ru_utime_sec": 0.104307,
            "ru_nivcsw": 66,
            "ru_maxrss_kb": 127176,
            "ru_stime_sec": 0.042827999999999998,
            "ru_minflt": 14122,
            "ru_majflt": 0,
            "ru_nvcsw": 26
        },
        "Frontend(%)": 62.258860842270465,
        "mop/quad": 2.7057750759878418,
        "CodeGen(%)": 37.741139157729535
    },
    "perf": [
        {
            "stat": [
                "main",
                "entry",
                0.014683961868286133,
                0.031821000000000002,
                0.016053000000000001,
                203220,
                204476,
                0.0,
                0.0,
                1740978867.485976,
                28555622554177
            ],
            "sub": [
                {
                    "stat": [
                        "doParsingAndDesignResolution",
                        "entry",
                        0.12830400466918945,
                        0.035292999999999998,
                        0.023081000000000001,
                        212908,
                        213708,
                        0.0,
                        0.0,
                        1740978867.599596,
                        28555906140247
                    ],
                    "sub": []
                },
                {
                    "stat": [
                        "doParsingAndDesignResolution",
                        "exit",
                        0.14860200881958008,
                        0.044184000000000001,
                        0.031175999999999999,
                        312204,
                        384084,
                        0.0,
                        0.0,
                        1740978867.619894,
                        28555956824274
                    ],
                    "sub": []
                },
                {
                    "stat": [
                        "doPostDesignResolutionToVir2Vcs",
                        "entry",
                        0.15079498291015625,
                        0.046378000000000003,
                        0.031175999999999999,
                        298188,
                        384084,
                        0.0,
                        0.0,
                        1740978867.622087,
                        28555962284209
                    ],
                    "sub": [
                        {
                            "stat": [
                                "doUptoVir2VcsNoSepCleanup",
                                "entry",
                                0.15465188026428223,
                                0.046514,
                                0.034884999999999999,
                                298380,
                                384084,
                                0.0,
                                0.0,
                                1740978867.6259439,
                                28555971880043
                            ],
                            "sub": []
                        },
                        {
                            "stat": [
                                "doUptoVir2VcsNoSepCleanup",
                                "exit",
                                0.17262887954711914,
                                0.056057000000000003,
                                0.041107999999999999,
                                312240,
                                384084,
                                0.0018109999999999999,
                                0.0,
                                1740978867.6439209,
                                28556016766561
                            ],
                            "sub": []
                        },
                        {
                            "stat": [
                                "doRadify_vir2vcsAll",
                                "entry",
                                0.1726830005645752,
                                0.056089,
                                0.041132000000000002,
                                312240,
                                384084,
                                0.0018109999999999999,
                                0.0,
                                1740978867.643975,
                                28556016855068
                            ],
                            "sub": []
                        },
                        {
                            "stat": [
                                "doRadify_vir2vcsAll",
                                "exit",
                                0.17533397674560547,
                                0.057551999999999999,
                                0.042204999999999999,
                                312240,
                                384084,
                                0.0018109999999999999,
                                0.0,
                                1740978867.646626,
                                28556023531182
                            ],
                            "sub": []
                        }
                    ]
                },
                {
                    "stat": [
                        "doPostDesignResolutionToVir2Vcs",
                        "exit",
                        0.17537307739257812,
                        0.057576000000000002,
                        0.042222000000000003,
                        312240,
                        384084,
                        0.0018109999999999999,
                        0.0,
                        1740978867.6466651,
                        28556023567706
                    ],
                    "sub": []
                },
                {
                    "stat": [
                        "doGAToPass2",
                        "entry",
                        0.1753849983215332,
                        0.057583000000000002,
                        0.042227000000000001,
                        312240,
                        384084,
                        0.0018109999999999999,
                        0.0,
                        1740978867.646677,
                        28556023595589
                    ],