{
    "stat": {
        "ru_self_end": {
            "ru_utime_sec": 0.10413500000000001,
            "ru_nivcsw": 66,
            "ru_maxrss_kb": 127176,
            "ru_stime_sec": 0.042827999999999998,
            "ru_minflt": 14122,
            "ru_majflt": 0,
            "ru_nvcsw": 26
        },
        "peak_mem_kb": 384084,
        "cpu_cycles_end": 28556191832499,
        "ru_childs_end": {
            "ru_utime_sec": 0.018029,
            "ru_nivcsw": 26,
            "ru_maxrss_kb": 114992,
            "ru_stime_sec": 0.002245,
            "ru_minflt": 2712,
            "ru_majflt": 0,
            "ru_nvcsw": 19
        }
    },
    "Modules": {
        "...MASTER...": {
            "nMops": 0,
            "start_perf": [
                0.19541406631469727,
                0.058160999999999997,
                0.042651000000000001,
                310684,
                384084,
                1740978867.6667061,
                28556073589971
            ],
            "end_perf": [
                0.1976470947265625,
                0.060379000000000002,
                0.042651000000000001,
                311664,
                384084,
                28556079202388,
                0,
                0
            ],
            "child_modules": {
                "std": 1,
                "tb": 1
            },
            "nQuads": 0,
            "nRouts": 5
        },
        "std": {
            "nMops": 528,
            "start_perf": [
                0.19772005081176758,
                0.060442000000000003,
                0.042651000000000001,
                311664,
                384084,
                1740978867.6690121,
                28556079347768
            ],
            "Compiled Times": 1,
            "child_modules": {},
            "end_perf": [
                0.20523691177368164,
                0.067839999999999998,
                0.042651000000000001,
                312632,
                384084,
                28556098159605,
                8589934594,
                0
            ],
            "Compiled": "Yes",
            "svclass": [
                "$vcs_nba_dyn_obj",
                576,
                35,
                2,
                2,
                0,
                "sigprop$$",
                576,
                35,
                2,
                2,
                0,
                "process",
                2380,
                200,
                8,
                8,
                0,
                "event",
                597,
                34,
                2,
                2,
                0,
                "mailbox",
                1769,
                140,
                9,
                9,
                0,
                "semaphore",
                1119,
                84,
                5,
                5,
                0
            ],
            "nQuads": 218,
            "nRouts": 33
        },
        "tb": {
            "significant_routs": [
                [
                    2,
                    "R_VCSgd_g7hgQ_2",
                    2691640,
                    1875,
                    247
                ],
                [
                    42,
                    "U_VCSgd_g7hgQ_42",
                    2322310,
                    1124,
                    90
                ],
                [
                    99,
                    "R_VCSgd_g7hgQ_63",
                    3137743,
                    3104,
                    410
                ]
            ],
            "nMops": 3923,
            "start_perf": [
                0.20529007911682129,
                0.067892999999999995,
                0.042651000000000001,
                312632,
                384084,
                1740978867.6765821,
                28556098238708
            ],
            "Compiled Times": 1,
            "child_modules": {},
            "end_perf": [
                0.23845601081848145,
                0.099991999999999998,
                0.042651000000000001,
                312632,
                384084,
                28556181056001,
                21474836481,
                0
            ],
            "Compiled": "Yes",
            "nQuads": 1427,
            "nRouts": 150
        }
    },
    "CompUnits": {
        "reYIK_d": {
            "mod": "std",
            "out": "reYIK_d.o",
            "mode": 4,
            "bytes": 43000,
            "archive": "archive.0/_100259_archive_1.a",
            "checksum": 0,
            "text": 7325,
            "cls": 7017
        },
        "amcQw_d": {
            "mod": "...MASTER...",
            "out": "objs/amcQw_d.o",
            "mode": 4,
            "bytes": 7824,
            "checksum": 0,
            "text": 434
        },
        "g7hgQ_d": {
            "mod": "tb",
            "out": "g7hgQ_d.o",
            "mode": 4,
            "bytes": 70314,
            "archive": "archive.0/_100259_archive_1.a",
            "checksum": 0,
            "text": 33878
        }
    },
    "reusePaths": {},
    "ObjArchives": [
        {
            "objects": [
                [
                    "reYIK_d.o",
                    43000
                ],
                [
                    "g7hgQ_d.o",
                    70314
                ],
                [
                    "amcQwB.o",
                    119666
                ]
            ],
            "archive": "archive.0/_100259_archive_1.a",
            "size": 232980
        }
    ]
}