{
    "stat": {
        "ru_self_end": {
            "ru_maxrss_kb": 120952,
            "ru_stime_sec": 0.017478,
            "ru_utime_sec": 0.067447999999999994,
            "ru_minflt": 13172,
            "ru_majflt": 0,
            "ru_nvcsw": 38,
            "ru_nivcsw": 2
        },
        "ru_childs_end": {
            "ru_maxrss_kb": 111616,
            "ru_stime_sec": 0.0019,
            "ru_utime_sec": 0.011953999999999999,
            "ru_minflt": 2468,
            "ru_majflt": 0,
            "ru_nvcsw": 17,
            "ru_nivcsw": 2
        },
        "peak_mem_kb": 381292,
        "cpu_cycles_end": 105288628466223
    },
    "Modules": {
        "...MASTER...": {
            "nQuads": 0,
            "start_perf": [
                0.1633610725402832,
                0.048432000000000003,
                0.017478,
                298596,
                381292,
                1735131083.269593,
                105288580706350
            ],
            "nMops": 0,
            "end_perf": [
                0.16518211364746094,
                0.050252999999999999,
                0.017478,
                303132,
                381292,
                105288585290085,
                0,
                0
            ],
            "child_modules": {
                "LIFObuffer_tb": 1,
                "std": 1
            },
            "nRouts": 5
        },
        "LIFObuffer_tb": {
            "nQuads": 551,
            "start_perf": [
                0.17096209526062012,
                0.055912999999999997,
                0.017478,
                305380,
                381292,
                1735131083.277194,
                105288599679669
            ],
            "child_modules": {},
            "nMops": 1188,
            "significant_routs": [
                [
                    35,
                    "R_VCSgd_iBQ0t_23",
                    2143200,
                    2445,
                    281
                ]
            ],
            "end_perf": [
                0.17982697486877441,
                0.064777000000000001,
                0.017478,
                306844,
                381292,
                105288621854947,
                17179869185,
                0
            ],
            "Compiled": "Yes",
            "Compiled Times": 1,
            "nRouts": 64
        },
        "std": {
            "nQuads": 218,
            "start_perf": [
                0.16523504257202148,
                0.050305999999999997,
                0.017478,
                303132,
                381292,
                1735131083.271467,
                105288585385090
            ],
            "child_modules": {},
            "nMops": 528,
            "end_perf": [
                0.17091107368469238,
                0.055861000000000001,
                0.017478,
                305380,
                381292,
                105288599621338,
                8589934594,
                0
            ],
            "Compiled": "Yes",
            "Compiled Times": 1,
            "svclass": [
                "$vcs_nba_dyn_obj",
                576,
                35,
                2,
                2,
                0,
                "sigprop$$",
                576,
                35,
                2,
                2,
                0,
                "process",
                2380,
                200,
                8,
                8,
                0,
                "event",
                597,
                34,
                2,
                2,
                0,
                "mailbox",
                1769,
                140,
                9,
                9,
                0,
                "semaphore",
                1119,
                84,
                5,
                5,
                0
            ],
            "nRouts": 33
        }
    },
    "ObjArchives": [
        {
            "archive": "archive.0/_138676_archive_1.a",
            "objects": [
                [
                    "reYIK_d.o",
                    43000
                ],
                [
                    "iBQ0t_d.o",
                    25680
                ],
                [
                    "amcQwB.o",
                    117080
                ]
            ],
            "size": 185760
        }
    ],
    "CompUnits": {
        "amcQw_d": {
            "bytes": 7832,
            "mod": "...MASTER...",
            "out": "objs/amcQw_d.o",
            "checksum": 0,
            "mode": 4,
            "text": 434
        },
        "reYIK_d": {
            "bytes": 43000,
            "mod": "std",
            "out": "reYIK_d.o",
            "checksum": 0,
            "mode": 4,
            "text": 7325,
            "cls": 7017,
            "archive": "archive.0/_138676_archive_1.a"
        },
        "iBQ0t_d": {
            "bytes": 25680,
            "mod": "LIFObuffer_tb",
            "out": "iBQ0t_d.o",
            "checksum": 0,
            "mode": 4,
            "text": 11486,
            "archive": "archive.0/_138676_archive_1.a"
        }
    },
    "reusePaths": {}
}