{
    "cycles_program_begin": 11016537681283,
    "stat": {
        "ru_self_cgstart": {
            "ru_utime_sec": 0.060498999999999997,
            "ru_majflt": 0,
            "ru_maxrss_kb": 110828,
            "ru_stime_sec": 0.032559999999999999,
            "ru_minflt": 11676,
            "ru_nvcsw": 22,
            "ru_nivcsw": 47
        },
        "cpu_cycles_end": 11017077432468,
        "nMops": 3950,
        "quadSpeed": 50152.951395445445,
        "ru_childs_cgstart": {
            "ru_utime_sec": 0.019588000000000001,
            "ru_majflt": 0,
            "ru_maxrss_kb": 110828,
            "ru_stime_sec": 0.010357,
            "ru_minflt": 4112,
            "ru_nvcsw": 17,
            "ru_nivcsw": 25
        },
        "cpu_cycles_cgstart": 11016990922883,
        "ru_childs_end": {
            "ru_utime_sec": 0.019588000000000001,
            "ru_majflt": 0,
            "ru_maxrss_kb": 110828,
            "ru_stime_sec": 0.010357,
            "ru_minflt": 4112,
            "ru_nvcsw": 17,
            "ru_nivcsw": 25
        },
        "Frontend(%)": 75.15248766022934,
        "nQuads": 1328,
        "peak_mem_kb": 384852,
        "totalObjSize": 218904,
        "mopSpeed": 149174.81778012763,
        "realTime": 0.23217892646789551,
        "ru_self_end": {
            "ru_utime_sec": 0.086978,
            "ru_majflt": 1,
            "ru_maxrss_kb": 122188,
            "ru_stime_sec": 0.039836999999999997,
            "ru_minflt": 13736,
            "ru_nvcsw": 23,
            "ru_nivcsw": 52
        },
        "cpu_cycles_total": 539751185,
        "mop/quad": 2.9743975903614457,
        "outputSizePerQuad": 164.83734939759037,
        "CodeGen(%)": 24.847512339770663
    },
    "PrevCompiledModules": {},
    "LVLData": [
        "SIM"
    ],
    "CompileStrategy": "fullobj",
    "perf": [
        {
            "stat": [
                "main",
                "entry",
                0.015964984893798828,
                0.027383000000000001,
                0.019559,
                203224,
                204480,
                0.0,
                0.0,
                1772238982.501406,
                11016537912730
            ],
            "sub": [
                {
                    "stat": [
                        "doParsingAndDesignResolution",
                        "entry",
                        0.13009500503540039,
                        0.034985000000000002,
                        0.023323,
                        212912,
                        213712,
                        0.0,
                        0.0,
                        1772238982.615536,
                        11016822740303
                    ],
                    "sub": []
                },
                {
                    "stat": [
                        "doParsingAndDesignResolution",
                        "exit",
                        0.14459705352783203,
                        0.048172,
                        0.024086,
                        313984,
                        384852,
                        0.0,
                        0.0,
                        1772238982.630038,
                        11016858938910
                    ],
                    "sub": []
                },
                {
                    "stat": [
                        "doPostDesignResolutionToVir2Vcs",
                        "entry",
                        0.14679908752441406,
                        0.048172,
                        0.026287000000000001,
                        299968,
                        384852,
                        0.0,
                        0.0,
                        1772238982.6322401,
                        11016864431431
                    ],
                    "sub": [
                        {
                            "stat": [
                                "doUptoVir2VcsNoSepCleanup",
                                "entry",
                                0.14966702461242676,
                                0.048569000000000001,
                                0.028757999999999999,
                                300160,
                                384852,
                                0.0,
                                0.0,
                                1772238982.635108,
                                11016871581408
                            ],
                            "sub": []
                        },
                        {
                            "stat": [
                                "doUptoVir2VcsNoSepCleanup",
                                "exit",
                                0.16399002075195312,
                                0.056945999999999997,
                                0.032541,
                                300288,
                                384852,
                                0.001799,
                                0.0,
                                1772238982.649431,
                                11016907339608
                            ],
                            "sub": []
                        },
                        {
                            "stat": [
                                "doRadify_vir2vcsAll",
                                "entry",
                                0.16404104232788086,
                                0.056980000000000003,
                                0.032559999999999999,
                                300288,
                                384852,
                                0.001799,
                                0.0,
                                1772238982.649482,
                                11016907425193
                            ],
                            "sub": []
                        },
                        {
                            "stat": [
                                "doRadify_vir2vcsAll",
                                "exit",
                                0.16656494140625,
                                0.059503,
                                0.032559999999999999,
                                302020,
                                384852,
                                0.001799,
                                0.0,
                                1772238982.6520059,
                                11016913769676
                            ],
                            "sub": []
                        }
                    ]
                },
                {
                    "stat": [
                        "doPostDesignResolutionToVir2Vcs",
                        "exit",
                        0.16659808158874512,
                        0.059538000000000001,
                        0.032559999999999999,
                        302020,
                        384852,
                        0.001799,
                        0.0,
                        1772238982.6520391,
                        11016913803153
                    ],
                    "sub": []
                },
                {
                    "stat": [
                        "doGAToPass2",
                        "entry",
                        0.1666100025177002,
                        0.059548999999999998,
                        0.032559999999999999,
                        302020,
                        384852,
                        0.001799,
                        0.0,
                        1772238982.652051,
                        11016913827998
                    ],