{
    "cpu_cycles_pass2_start": 24767837250059,
    "LVLData": [
        "SIM"
    ],
    "cycles_program_begin": 24767184644563,
    "incremental": "on",
    "PrevCompiledModules": {},
    "perf": [
        {
            "stat": [
                "main",
                "entry",
                0.016650915145874023,
                0.035250999999999998,
                0.01175,
                203220,
                204476,
                0.0,
                0.0,
                1737433127.597502,
                24767184858072
            ],
            "sub": [
                {
                    "stat": [
                        "doParsingAndDesignResolution",
                        "entry",
                        0.12985682487487793,
                        0.040746999999999998,
                        0.016298,
                        212908,
                        213708,
                        0.0,
                        0.0,
                        1737433127.7107079,
                        24767467369704
                    ],
                    "sub": []
                },
                {
                    "stat": [
                        "doParsingAndDesignResolution",
                        "exit",
                        0.14191198348999023,
                        0.050658000000000002,
                        0.016886000000000002,
                        316720,
                        384884,
                        0.0,
                        0.0,
                        1737433127.7227631,
                        24767497475720
                    ],
                    "sub": []
                },
                {
                    "stat": [
                        "doPostDesignResolutionToVir2Vcs",
                        "entry",
                        0.14866399765014648,
                        0.050658000000000002,
                        0.023251999999999998,
                        298176,
                        384884,
                        0.0,
                        0.0,
                        1737433127.7295151,
                        24767514329718
                    ],
                    "sub": [
                        {
                            "stat": [
                                "doUptoVir2VcsNoSepCleanup",
                                "entry",
                                0.15165185928344727,
                                0.051264999999999998,
                                0.025631999999999999,
                                298400,
                                384884,
                                0.0,
                                0.0,
                                1737433127.7325029,
                                24767521787388
                            ],
                            "sub": []
                        },
                        {
                            "stat": [
                                "doUptoVir2VcsNoSepCleanup",
                                "exit",
                                0.20796394348144531,
                                0.066863000000000006,
                                0.025631999999999999,
                                298656,
                                384884,
                                0.0019589999999999998,
                                0.0,
                                1737433127.788815,
                                24767662364368
                            ],
                            "sub": []
                        },
                        {
                            "stat": [
                                "doRadify_vir2vcsAll",
                                "entry",
                                0.20841598510742188,
                                0.066992999999999997,
                                0.025631999999999999,
                                298656,
                                384884,
                                0.0019589999999999998,
                                0.0,
                                1737433127.7892671,
                                24767663432471
                            ],
                            "sub": []
                        },
                        {
                            "stat": [
                                "doRadify_vir2vcsAll",
                                "exit",
                                0.21527194976806641,
                                0.069774000000000003,
                                0.025631999999999999,
                                300432,
                                384884,
                                0.0019589999999999998,
                                0.0,
                                1737433127.796123,
                                24767680571244
                            ],
                            "sub": []
                        }
                    ]
                },
                {
                    "stat": [
                        "doPostDesignResolutionToVir2Vcs",
                        "exit",
                        0.2153010368347168,
                        0.069804000000000005,
                        0.025631999999999999,
                        300432,
                        384884,
                        0.0019589999999999998,
                        0.0,
                        1737433127.7961521,
                        24767680602635
                    ],
                    "sub": []
                },
                {
                    "stat": [
                        "doGAToPass2",
                        "entry",
                        0.21531200408935547,
                        0.069815000000000002,
                        0.025631999999999999,
                        300432,
                        384884,
                        0.0019589999999999998,
                        0.0,
                        1737433127.7961631,
                        24767680627599
                    ],
                    "sub": [
                        {
                            "stat": [
                                "DoPass2",
                                "entry",
                                0.27803182601928711,
                                0.070989999999999998,
                                0.025631999999999999,
                                298876,
                                384884,
                                0.015166000000000001,
                                0.0093480000000000004,
                                1737433127.8588829,
                                24767837239450
                            ],
                            "sub": []
                        },
                        {
                            "stat": [
                                "DoPass2",
                                "exit",
                                0.33443903923034668,
                                0.105183,
                                0.028317999999999999,
                                310604,
                                384884,
                                0.015166000000000001,
                                0.0093480000000000004,
                                1737433127.9152901,
                                24767978007874
                            ],
                            "sub": []
                        }
                    ]
                },
                {
                    "stat": [
                        "doGAToPass2",
                        "exit",
                        0.33761000633239746,
                        0.108206,
                        0.028317999999999999,
                        310604,
                        384884,
                        0.015166000000000001,
                        0.0093480000000000004,
                        1737433127.9184611,
                        24767985914681
                    ],