{
    "Modules": {
        "...MASTER...": {
            "start_perf": [
                0.21163797378540039,
                0.075550000000000006,
                0.037775000000000003,
                310456,
                385368,
                1754395352.1252251,
                5410629739089
            ],
            "nQuads": 0,
            "child_modules": {
                "BTB_tb": 1,
                "std": 1
            },
            "end_perf": [
                0.21564483642578125,
                0.076582999999999998,
                0.038290999999999999,
                310456,
                385368,
                5410639777593,
                0,
                0
            ],
            "nMops": 0,
            "nRouts": 5
        },
        "std": {
            "start_perf": [
                0.21571898460388184,
                0.076627000000000001,
                0.038313,
                310456,
                385368,
                1754395352.1293061,
                5410639914553
            ],
            "Compiled": "Yes",
            "Compiled Times": 2,
            "nQuads": 218,
            "child_modules": {},
            "end_perf": [
                0.21810197830200195,
                0.076627000000000001,
                0.040635999999999999,
                310456,
                385368,
                5410645904240,
                8589934594,
                0
            ],
            "svclass": [
                "$vcs_nba_dyn_obj",
                0,
                35,
                2,
                2,
                0,
                "sigprop$$",
                0,
                35,
                2,
                2,
                0,
                "process",
                0,
                200,
                8,
                8,
                0,
                "event",
                0,
                34,
                2,
                2,
                0,
                "mailbox",
                0,
                140,
                9,
                9,
                0,
                "semaphore",
                0,
                84,
                5,
                5,
                0
            ],
            "nMops": 528,
            "nRouts": 33
        },
        "BTB_tb": {
            "start_perf": [
                0.21814393997192383,
                0.076627000000000001,
                0.040679,
                310456,
                385368,
                1754395352.131731,
                5410645965106
            ],
            "nQuads": 3588,
            "Compiled Times": 2,
            "Compiled": "Yes",
            "child_modules": {},
            "end_perf": [
                0.24347281455993652,
                0.095138,
                0.045499999999999999,
                310456,
                385368,
                5410709231314,
                17179869185,
                0
            ],
            "nMops": 10132,
            "nRouts": 327
        }
    },
    "CompUnits": {},
    "reusePaths": {
        "reYIK_d": {
            "icPath": "csrc"
        },
        "amcQw_d": {
            "icPath": "csrc"
        },
        "FqTsV_d": {
            "icPath": "csrc"
        }
    },
    "ObjArchives": [
        {
            "archive": "archive.1/_27343_archive_1.a",
            "objects": [
                [
                    "amcQwB.o",
                    118326
                ]
            ],
            "size": 118326
        }
    ],
    "stat": {
        "ru_self_end": {
            "ru_utime_sec": 0.097616999999999995,
            "ru_stime_sec": 0.048807999999999997,
            "ru_maxrss_kb": 125928,
            "ru_minflt": 14090,
            "ru_majflt": 0,
            "ru_nvcsw": 65,
            "ru_nivcsw": 130
        },
        "ru_childs_end": {
            "ru_utime_sec": 0.0074260000000000003,
            "ru_stime_sec": 0.01223,
            "ru_maxrss_kb": 115048,
            "ru_minflt": 2725,
            "ru_majflt": 0,
            "ru_nvcsw": 21,
            "ru_nivcsw": 10
        },
        "cpu_cycles_end": 5410742531629,
        "peak_mem_kb": 385368
    }
}