{
    "ObjArchives": [
        {
            "size": 215178,
            "archive": "archive.0/_11006_archive_1.a",
            "objects": [
                [
                    "reYIK_d.o",
                    43000
                ],
                [
                    "iAVhC_d.o",
                    55332
                ],
                [
                    "amcQwB.o",
                    116846
                ]
            ]
        }
    ],
    "Modules": {
        "...MASTER...": {
            "start_perf": [
                0.22367000579833984,
                0.067079,
                0.037266000000000001,
                300684,
                384880,
                1735803276.338876,
                383690624765
            ],
            "child_modules": {
                "std": 1,
                "testbench": 1
            },
            "end_perf": [
                0.22604703903198242,
                0.068604999999999999,
                0.038114000000000002,
                305168,
                384880,
                383696600099,
                0,
                0
            ],
            "nRouts": 5,
            "nQuads": 0,
            "nMops": 0
        },
        "std": {
            "start_perf": [
                0.22612094879150391,
                0.068654000000000007,
                0.038141000000000001,
                305168,
                384880,
                1735803276.341327,
                383696729323
            ],
            "child_modules": {},
            "nQuads": 218,
            "nRouts": 33,
            "Compiled": "Yes",
            "Compiled Times": 1,
            "nMops": 528,
            "end_perf": [
                0.23405694961547852,
                0.076451000000000005,
                0.038225000000000002,
                307420,
                384880,
                383716583872,
                8589934594,
                0
            ],
            "svclass": [
                "$vcs_nba_dyn_obj",
                576,
                35,
                2,
                2,
                0,
                "sigprop$$",
                576,
                35,
                2,
                2,
                0,
                "process",
                2380,
                200,
                8,
                8,
                0,
                "event",
                597,
                34,
                2,
                2,
                0,
                "mailbox",
                1769,
                140,
                9,
                9,
                0,
                "semaphore",
                1119,
                84,
                5,
                5,
                0
            ]
        },
        "testbench": {
            "start_perf": [
                0.23411297798156738,
                0.076488,
                0.038244,
                307420,
                384880,
                1735803276.349319,
                383716661515
            ],
            "child_modules": {},
            "nQuads": 1296,
            "nRouts": 148,
            "Compiled": "Yes",
            "Compiled Times": 1,
            "nMops": 2765,
            "significant_routs": [
                [
                    94,
                    "R_VCSgd_iAVhC_5e",
                    5325882,
                    904,
                    75
                ]
            ],
            "end_perf": [
                0.26882195472717285,
                0.104168,
                0.038580000000000003,
                310856,
                384880,
                383803289178,
                17179869185,
                0
            ]
        }
    },
    "reusePaths": {},
    "CompUnits": {
        "amcQw_d": {
            "mode": 4,
            "mod": "...MASTER...",
            "out": "objs/amcQw_d.o",
            "bytes": 7832,
            "text": 434,
            "checksum": 0
        },
        "reYIK_d": {
            "mode": 4,
            "mod": "std",
            "archive": "archive.0/_11006_archive_1.a",
            "out": "reYIK_d.o",
            "bytes": 43000,
            "text": 7325,
            "cls": 7017,
            "checksum": 0
        },
        "iAVhC_d": {
            "mode": 4,
            "mod": "testbench",
            "archive": "archive.0/_11006_archive_1.a",
            "out": "iAVhC_d.o",
            "bytes": 55332,
            "text": 29662,
            "checksum": 0
        }
    },
    "stat": {
        "cpu_cycles_end": 383815617328,
        "ru_self_end": {
            "ru_maxrss_kb": 122804,
            "ru_utime_sec": 0.108692,
            "ru_minflt": 13969,
            "ru_stime_sec": 0.038966000000000001,
            "ru_nvcsw": 27,
            "ru_majflt": 0,
            "ru_nivcsw": 141
        },
        "ru_childs_end": {
            "ru_maxrss_kb": 111364,
            "ru_utime_sec": 0.011534000000000001,
            "ru_minflt": 2712,
            "ru_stime_sec": 0.0080569999999999999,
            "ru_nvcsw": 20,
            "ru_majflt": 0,
            "ru_nivcsw": 22
        },
        "peak_mem_kb": 384880
    }
}