{
    "Modules": {
        "std": {
            "start_perf": [
                0.23583388328552246,
                0.084034999999999999,
                0.028663000000000001,
                311752,
                382032,
                1772237789.4884479,
                8038785001843
            ],
            "end_perf": [
                0.24692201614379883,
                0.091883999999999993,
                0.028663000000000001,
                312720,
                382032,
                8038812735454,
                8589934594,
                0
            ],
            "child_modules": {},
            "nQuads": 218,
            "Compiled": "Yes",
            "Compiled Times": 1,
            "svclass": [
                "$vcs_nba_dyn_obj",
                576,
                35,
                2,
                2,
                0,
                "sigprop$$",
                576,
                35,
                2,
                2,
                0,
                "process",
                2380,
                200,
                8,
                8,
                0,
                "event",
                597,
                34,
                2,
                2,
                0,
                "mailbox",
                1769,
                140,
                9,
                9,
                0,
                "semaphore",
                1119,
                84,
                5,
                5,
                0
            ],
            "nMops": 528,
            "nRouts": 33
        },
        "...MASTER...": {
            "end_perf": [
                0.23576807975769043,
                0.083969000000000002,
                0.028663000000000001,
                311752,
                382032,
                8038784880212,
                0,
                0
            ],
            "child_modules": {
                "std": 1,
                "tb": 1
            },
            "start_perf": [
                0.23369288444519043,
                0.081893999999999995,
                0.028663000000000001,
                310776,
                382032,
                1772237789.4863069,
                8038779664429
            ],
            "nQuads": 0,
            "nMops": 0,
            "nRouts": 5
        },
        "tb": {
            "start_perf": [
                0.24697709083557129,
                0.091940999999999995,
                0.028663000000000001,
                312720,
                382032,
                1772237789.4995911,
                8038812818894
            ],
            "end_perf": [
                0.29277205467224121,
                0.13714799999999999,
                0.028663000000000001,
                312720,
                382032,
                8038927176469,
                21474836481,
                0
            ],
            "child_modules": {},
            "nQuads": 2168,
            "Compiled": "Yes",
            "Compiled Times": 1,
            "significant_routs": [
                [
                    2,
                    "R_VCSgd_g7hgQ_2",
                    5270834,
                    4575,
                    576
                ],
                [
                    82,
                    "R_VCSgd_g7hgQ_52",
                    5151209,
                    3620,
                    369
                ]
            ],
            "nMops": 5267,
            "nRouts": 188
        }
    },
    "CompUnits": {
        "amcQw_d": {
            "mod": "...MASTER...",
            "text": 434,
            "out": "objs/amcQw_d.o",
            "bytes": 7824,
            "mode": 4,
            "checksum": 0
        },
        "reYIK_d": {
            "mod": "std",
            "text": 7325,
            "out": "reYIK_d.o",
            "archive": "archive.0/_146914_archive_1.a",
            "bytes": 43000,
            "checksum": 0,
            "cls": 7017,
            "mode": 4
        },
        "g7hgQ_d": {
            "mod": "tb",
            "text": 47482,
            "out": "g7hgQ_d.o",
            "archive": "archive.0/_146914_archive_1.a",
            "bytes": 91504,
            "mode": 4,
            "checksum": 0
        }
    },
    "reusePaths": {},
    "ObjArchives": [
        {
            "archive": "archive.0/_146914_archive_1.a",
            "objects": [
                [
                    "reYIK_d.o",
                    43000
                ],
                [
                    "g7hgQ_d.o",
                    91504
                ],
                [
                    "amcQwB.o",
                    120444
                ]
            ],
            "size": 254948
        }
    ],
    "stat": {
        "peak_mem_kb": 382032,
        "cpu_cycles_end": 8038939412866,
        "ru_self_end": {
            "ru_utime_sec": 0.13821900000000001,
            "ru_majflt": 0,
            "ru_maxrss_kb": 129012,
            "ru_stime_sec": 0.032522000000000002,
            "ru_nivcsw": 133,
            "ru_minflt": 14537,
            "ru_nvcsw": 9
        },
        "ru_childs_end": {
            "ru_utime_sec": 0.022915999999999999,
            "ru_majflt": 0,
            "ru_maxrss_kb": 116168,
            "ru_stime_sec": 0.0096579999999999999,
            "ru_nivcsw": 36,
            "ru_minflt": 4113,
            "ru_nvcsw": 21
        }
    }
}