{
    "cycles_program_begin": 792962743012,
    "stat": {
        "ru_self_cgstart": {
            "ru_utime_sec": 0.081780000000000005,
            "ru_stime_sec": 0.061335000000000001,
            "ru_maxrss_kb": 112412,
            "ru_nvcsw": 1034,
            "ru_minflt": 11137,
            "ru_majflt": 1323,
            "ru_nivcsw": 36
        },
        "nQuads": 2190,
        "nMops": 6115,
        "ru_childs_end": {
            "ru_utime_sec": 0.011132,
            "ru_stime_sec": 0.012534,
            "ru_maxrss_kb": 112412,
            "ru_nvcsw": 111,
            "ru_minflt": 2655,
            "ru_majflt": 121,
            "ru_nivcsw": 21
        },
        "ru_self_end": {
            "ru_utime_sec": 0.13356999999999999,
            "ru_stime_sec": 0.067311999999999997,
            "ru_maxrss_kb": 124568,
            "ru_nvcsw": 1070,
            "ru_minflt": 13445,
            "ru_majflt": 1382,
            "ru_nivcsw": 76
        },
        "mop/quad": 2.7922374429223744,
        "cpu_cycles_cgstart": 793789562699,
        "ru_childs_cgstart": {
            "ru_utime_sec": 0.011132,
            "ru_stime_sec": 0.012534,
            "ru_maxrss_kb": 112412,
            "ru_nvcsw": 111,
            "ru_minflt": 2655,
            "ru_majflt": 121,
            "ru_nivcsw": 21
        },
        "totalObjSize": 248784,
        "mopSpeed": 118072.98706313963,
        "cpu_cycles_end": 793981157249,
        "cpu_cycles_total": 1018414237,
        "quadSpeed": 42286.15562849972,
        "outputSizePerQuad": 113.59999999999999,
        "Frontend(%)": 64.209202360713761,
        "CodeGen(%)": 35.790797639286247,
        "peak_mem_kb": 385144,
        "realTime": 0.45521712303161621
    },
    "incremental": "on",
    "perf": [
        {
            "stat": [
                "main",
                "entry",
                0.047613143920898438,
                0.039003000000000003,
                0.029252,
                203220,
                204476,
                0.0,
                0.0,
                1736493574.5613811,
                792964298161
            ],
            "sub": [
                {
                    "stat": [
                        "doParsingAndDesignResolution",
                        "entry",
                        0.17232298851013184,
                        0.041915000000000001,
                        0.037257999999999999,
                        212908,
                        213708,
                        0.0,
                        0.0,
                        1736493574.6860909,
                        793275421584
                    ],
                    "sub": []
                },
                {
                    "stat": [
                        "doParsingAndDesignResolution",
                        "exit",
                        0.24080514907836914,
                        0.058823,
                        0.045485999999999999,
                        312192,
                        385144,
                        0.0,
                        0.0,
                        1736493574.7545731,
                        793446291904
                    ],
                    "sub": []
                },
                {
                    "stat": [
                        "doPostDesignResolutionToVir2Vcs",
                        "entry",
                        0.24320507049560547,
                        0.058823,
                        0.047869000000000002,
                        298176,
                        385144,
                        0.0,
                        0.0,
                        1736493574.756973,
                        793452294148
                    ],
                    "sub": [
                        {
                            "stat": [
                                "doUptoVir2VcsNoSepCleanup",
                                "entry",
                                0.25616598129272461,
                                0.061079000000000001,
                                0.050899,
                                298368,
                                385144,
                                0.0,
                                0.0,
                                1736493574.7699339,
                                793484644288
                            ],
                            "sub": []
                        },
                        {
                            "stat": [
                                "doUptoVir2VcsNoSepCleanup",
                                "exit",
                                0.32280302047729492,
                                0.079566999999999999,
                                0.058348999999999998,
                                311752,
                                385144,
                                0.001923,
                                0.0,
                                1736493574.836571,
                                793650895512
                            ],
                            "sub": []
                        },
                        {
                            "stat": [
                                "doRadify_vir2vcsAll",
                                "entry",
                                0.32316398620605469,
                                0.079635999999999998,
                                0.058400000000000001,
                                311752,
                                385144,
                                0.001923,
                                0.0,
                                1736493574.8369319,
                                793651785916
                            ],
                            "sub": []
                        },
                        {
                            "stat": [
                                "doRadify_vir2vcsAll",
                                "exit",
                                0.32881903648376465,
                                0.081000000000000003,
                                0.060749999999999998,
                                311752,
                                385144,
                                0.001923,
                                0.0,
                                1736493574.842587,
                                793665898767
                            ],
                            "sub": []
                        }
                    ]
                },
                {
                    "stat": [
                        "doPostDesignResolutionToVir2Vcs",
                        "exit",
                        0.32885313034057617,
                        0.081020999999999996,
                        0.060765,
                        311752,
                        385144,
                        0.001923,
                        0.0,
                        1736493574.8426211,
                        793665937292
                    ],
                    "sub": []
                },
                {
                    "stat": [
                        "doGAToPass2",
                        "entry",
                        0.32886695861816406,
                        0.081028000000000003,
                        0.060770999999999999,
                        311752,
                        385144,
                        0.001923,
                        0.0,
                        1736493574.8426349,
                        793665964971
                    ],