{
    "ObjArchives": [
        {
            "archive": "archive.0/_364591_archive_1.a",
            "objects": [
                [
                    "reYIK_d.o",
                    43000
                ],
                [
                    "iAVhC_d.o",
                    75664
                ],
                [
                    "amcQwB.o",
                    116846
                ]
            ],
            "size": 235510
        }
    ],
    "Modules": {
        "testbench": {
            "start_perf": [
                0.2436530590057373,
                0.085401000000000005,
                0.031054999999999999,
                305440,
                381968,
                1735962117.994483,
                396852815882338
            ],
            "child_modules": {},
            "nRouts": 147,
            "nMops": 4990,
            "Compiled": "Yes",
            "Compiled Times": 1,
            "end_perf": [
                0.27935910224914551,
                0.116489,
                0.034945999999999998,
                309600,
                381968,
                396852905088508,
                17179869185,
                0
            ],
            "nQuads": 1628
        },
        "...MASTER...": {
            "start_perf": [
                0.23336100578308105,
                0.080252000000000004,
                0.026749999999999999,
                298696,
                381968,
                1735962117.9841909,
                396852790205729
            ],
            "child_modules": {
                "std": 1,
                "testbench": 1
            },
            "end_perf": [
                0.23539996147155762,
                0.081781000000000006,
                0.02726,
                303204,
                381968,
                396852795322866,
                0,
                0
            ],
            "nQuads": 0,
            "nRouts": 5,
            "nMops": 0
        },
        "std": {
            "svclass": [
                "$vcs_nba_dyn_obj",
                576,
                35,
                2,
                2,
                0,
                "sigprop$$",
                576,
                35,
                2,
                2,
                0,
                "process",
                2380,
                200,
                8,
                8,
                0,
                "event",
                597,
                34,
                2,
                2,
                0,
                "mailbox",
                1769,
                140,
                9,
                9,
                0,
                "semaphore",
                1119,
                84,
                5,
                5,
                0
            ],
            "start_perf": [
                0.23545598983764648,
                0.081823000000000007,
                0.027274,
                303204,
                381968,
                1735962117.9862859,
                396852795423893
            ],
            "child_modules": {},
            "nRouts": 33,
            "Compiled": "Yes",
            "nMops": 528,
            "Compiled Times": 1,
            "end_perf": [
                0.24360203742980957,
                0.085362999999999994,
                0.031040999999999999,
                305440,
                381968,
                396852815810681,
                8589934594,
                0
            ],
            "nQuads": 218
        }
    },
    "stat": {
        "ru_self_end": {
            "ru_utime_sec": 0.11665,
            "ru_minflt": 14104,
            "ru_stime_sec": 0.038883000000000001,
            "ru_maxrss_kb": 123864,
            "ru_nivcsw": 52,
            "ru_majflt": 0,
            "ru_nvcsw": 29
        },
        "ru_childs_end": {
            "ru_utime_sec": 0.011246000000000001,
            "ru_minflt": 2713,
            "ru_stime_sec": 0.0091789999999999997,
            "ru_maxrss_kb": 111712,
            "ru_nivcsw": 22,
            "ru_majflt": 0,
            "ru_nvcsw": 22
        },
        "peak_mem_kb": 381968,
        "cpu_cycles_end": 396852915225553
    },
    "reusePaths": {},
    "CompUnits": {
        "amcQw_d": {
            "mod": "...MASTER...",
            "out": "objs/amcQw_d.o",
            "checksum": 0,
            "bytes": 7832,
            "text": 434,
            "mode": 4
        },
        "reYIK_d": {
            "mod": "std",
            "out": "reYIK_d.o",
            "checksum": 0,
            "bytes": 43000,
            "text": 7325,
            "cls": 7017,
            "mode": 4,
            "archive": "archive.0/_364591_archive_1.a"
        },
        "iAVhC_d": {
            "mod": "testbench",
            "out": "iAVhC_d.o",
            "checksum": 0,
            "bytes": 75664,
            "text": 45760,
            "mode": 4,
            "archive": "archive.0/_364591_archive_1.a"
        }
    }
}