{
    "stat": {
        "ru_self_cgstart": {
            "ru_utime_sec": 0.059497000000000001,
            "ru_nvcsw": 71,
            "ru_stime_sec": 0.029961000000000002,
            "ru_maxrss_kb": 110820,
            "ru_minflt": 11636,
            "ru_majflt": 42,
            "ru_nivcsw": 41
        },
        "realTime": 0.24894094467163086,
        "nMops": 1812,
        "ru_childs_end": {
            "ru_utime_sec": 0.024993999999999999,
            "ru_nvcsw": 43,
            "ru_stime_sec": 0.0074679999999999998,
            "ru_maxrss_kb": 110820,
            "ru_minflt": 4112,
            "ru_majflt": 31,
            "ru_nivcsw": 40
        },
        "ru_childs_cgstart": {
            "ru_utime_sec": 0.024993999999999999,
            "ru_nvcsw": 43,
            "ru_stime_sec": 0.0074679999999999998,
            "ru_maxrss_kb": 110820,
            "ru_minflt": 4112,
            "ru_majflt": 31,
            "ru_nivcsw": 40
        },
        "cpu_cycles_total": 584678100,
        "cpu_cycles_cgstart": 8723753405929,
        "nQuads": 811,
        "totalObjSize": 197508,
        "ru_self_end": {
            "ru_utime_sec": 0.086053000000000004,
            "ru_nvcsw": 81,
            "ru_stime_sec": 0.030509999999999999,
            "ru_maxrss_kb": 120344,
            "ru_minflt": 13357,
            "ru_majflt": 52,
            "ru_nivcsw": 45
        },
        "mopSpeed": 68233.167645729758,
        "cpu_cycles_end": 8723825995691,
        "quadSpeed": 30539.237837023637,
        "peak_mem_kb": 383840,
        "mop/quad": 2.2342786683107274,
        "outputSizePerQuad": 243.53637484586929,
        "Frontend(%)": 76.085801507469796,
        "CodeGen(%)": 23.914198492530197
    },
    "CurCompileModules": [
        "...MASTER...",
        "...MASTER...",
        "std",
        "std",
        "tb",
        "tb"
    ],
    "cycles_program_begin": 8723241317591,
    "CurCompileUdps": {},
    "incremental": "on",
    "NameTable": {
        "std": [
            "std",
            "reYIK",
            "module",
            1
        ],
        "tb": [
            "tb",
            "g7hgQ",
            "module",
            2
        ],
        "...MASTER...": [
            "SIM",
            "amcQw",
            "module",
            3
        ]
    },
    "perf": [
        {
            "stat": [
                "main",
                "entry",
                0.01471400260925293,
                0.030554999999999999,
                0.015277000000000001,
                203224,
                204480,
                0.0,
                0.0,
                1772238063.707222,
                8723241487389
            ],
            "sub": [
                {
                    "stat": [
                        "doParsingAndDesignResolution",
                        "entry",
                        0.12919402122497559,
                        0.041137,
                        0.015789999999999998,
                        212912,
                        213712,
                        0.0,
                        0.0,
                        1772238063.821702,
                        8723527218894
                    ],
                    "sub": []
                },
                {
                    "stat": [
                        "doParsingAndDesignResolution",
                        "exit",
                        0.14702200889587402,
                        0.048397999999999997,
                        0.022336999999999999,
                        312136,
                        383840,
                        0.0,
                        0.0,
                        1772238063.83953,
                        8723571718443
                    ],
                    "sub": []
                },
                {
                    "stat": [
                        "doPostDesignResolutionToVir2Vcs",
                        "entry",
                        0.14906001091003418,
                        0.049792000000000003,
                        0.022981000000000001,
                        298120,
                        383840,
                        0.0,
                        0.0,
                        1772238063.841568,
                        8723576788583
                    ],
                    "sub": [
                        {
                            "stat": [
                                "doUptoVir2VcsNoSepCleanup",
                                "entry",
                                0.15238308906555176,
                                0.051173000000000003,
                                0.023618,
                                298312,
                                383840,
                                0.0,
                                0.0,
                                1772238063.8448911,
                                8723585081322
                            ],
                            "sub": []
                        },
                        {
                            "stat": [
                                "doUptoVir2VcsNoSepCleanup",
                                "exit",
                                0.17737197875976562,
                                0.056142999999999998,
                                0.029943000000000001,
                                298444,
                                383840,
                                0.0020309999999999998,
                                0.0,
                                1772238063.86988,
                                8723647476158
                            ],
                            "sub": []
                        },
                        {
                            "stat": [
                                "doRadify_vir2vcsAll",
                                "entry",
                                0.17742300033569336,
                                0.056176999999999998,
                                0.029961000000000002,
                                298444,
                                383840,
                                0.0020309999999999998,
                                0.0,
                                1772238063.869931,
                                8723647554018
                            ],
                            "sub": []
                        },
                        {
                            "stat": [
                                "doRadify_vir2vcsAll",
                                "exit",
                                0.17972707748413086,
                                0.058479999999999997,
                                0.029961000000000002,
                                300144,
                                383840,
                                0.0020309999999999998,
                                0.0,
                                1772238063.8722351,
                                8723653334440
                            ],
                            "sub": []
                        }
                    ]
                },
                {
                    "stat": [
                        "doPostDesignResolutionToVir2Vcs",
                        "exit",
                        0.17975401878356934,
                        0.058507999999999998,
                        0.029961000000000002,
                        300144,
                        383840,
                        0.0020309999999999998,
                        0.0,
                        1772238063.872262,
                        8723653363109
                    ],