{
    "stat": {
        "ru_self_end": {
            "ru_utime_sec": 0.093831999999999999,
            "ru_minflt": 13964,
            "ru_stime_sec": 0.052129000000000002,
            "ru_maxrss_kb": 123596,
            "ru_nvcsw": 30,
            "ru_majflt": 0,
            "ru_nivcsw": 88
        },
        "ru_childs_end": {
            "ru_utime_sec": 0.016390999999999999,
            "ru_minflt": 2713,
            "ru_stime_sec": 0.0049740000000000001,
            "ru_maxrss_kb": 111860,
            "ru_nvcsw": 19,
            "ru_majflt": 0,
            "ru_nivcsw": 20
        },
        "peak_mem_kb": 381280,
        "cpu_cycles_end": 11153371006138
    },
    "Modules": {
        "...MASTER...": {
            "end_perf": [
                0.24423384666442871,
                0.064861000000000002,
                0.041668999999999998,
                303352,
                381280,
                11153266943669,
                0,
                0
            ],
            "start_perf": [
                0.23927688598632812,
                0.062503000000000003,
                0.041668999999999998,
                298884,
                381280,
                1737427673.290504,
                11153254524602
            ],
            "child_modules": {
                "std": 1,
                "testbench": 1
            },
            "nQuads": 0,
            "nRouts": 5,
            "nMops": 0
        },
        "std": {
            "start_perf": [
                0.24430298805236816,
                0.064930000000000002,
                0.041668999999999998,
                303352,
                381280,
                1737427673.2955301,
                11153267062816
            ],
            "end_perf": [
                0.25178098678588867,
                0.072281999999999999,
                0.041668999999999998,
                305592,
                381280,
                11153285789466,
                8589934594,
                0
            ],
            "svclass": [
                "$vcs_nba_dyn_obj",
                576,
                35,
                2,
                2,
                0,
                "sigprop$$",
                576,
                35,
                2,
                2,
                0,
                "process",
                2380,
                200,
                8,
                8,
                0,
                "event",
                597,
                34,
                2,
                2,
                0,
                "mailbox",
                1769,
                140,
                9,
                9,
                0,
                "semaphore",
                1119,
                84,
                5,
                5,
                0
            ],
            "child_modules": {},
            "Compiled": "Yes",
            "nRouts": 33,
            "nMops": 528,
            "Compiled Times": 1,
            "nQuads": 218
        },
        "testbench": {
            "end_perf": [
                0.2813258171081543,
                0.092002,
                0.049539,
                309028,
                381280,
                11153359932929,
                17179869185,
                0
            ],
            "start_perf": [
                0.25183391571044922,
                0.072336999999999999,
                0.041668999999999998,
                305592,
                381280,
                1737427673.303061,
                11153285863517
            ],
            "child_modules": {},
            "Compiled": "Yes",
            "nRouts": 148,
            "nMops": 2759,
            "Compiled Times": 1,
            "nQuads": 1295
        }
    },
    "CompUnits": {
        "amcQw_d": {
            "mod": "...MASTER...",
            "mode": 4,
            "out": "objs/amcQw_d.o",
            "bytes": 7832,
            "checksum": 0,
            "text": 434
        },
        "reYIK_d": {
            "mod": "std",
            "mode": 4,
            "out": "reYIK_d.o",
            "cls": 7017,
            "bytes": 43000,
            "checksum": 0,
            "text": 7325,
            "archive": "archive.0/_43110_archive_1.a"
        },
        "iAVhC_d": {
            "mod": "testbench",
            "mode": 4,
            "out": "iAVhC_d.o",
            "bytes": 55312,
            "checksum": 0,
            "text": 29618,
            "archive": "archive.0/_43110_archive_1.a"
        }
    },
    "ObjArchives": [
        {
            "archive": "archive.0/_43110_archive_1.a",
            "objects": [
                [
                    "reYIK_d.o",
                    43000
                ],
                [
                    "iAVhC_d.o",
                    55312
                ],
                [
                    "amcQwB.o",
                    116846
                ]
            ],
            "size": 215158
        }
    ],
    "reusePaths": {}
}