{
    "cycles_program_begin": 12363911090441,
    "PrevCompiledModules": {},
    "PEModules": [],
    "rlimit": {
        "data": -1,
        "stack": -1
    },
    "perf": [
        {
            "stat": [
                "main",
                "entry",
                0.016448974609375,
                0.030936000000000002,
                0.015468000000000001,
                203224,
                204480,
                0.0,
                0.0,
                1772239522.3212259,
                12363911316222
            ],
            "sub": [
                {
                    "stat": [
                        "doParsingAndDesignResolution",
                        "entry",
                        0.13206601142883301,
                        0.038676000000000002,
                        0.019338000000000001,
                        212912,
                        213712,
                        0.0,
                        0.0,
                        1772239522.4368429,
                        12364199860119
                    ],
                    "sub": []
                },
                {
                    "stat": [
                        "doParsingAndDesignResolution",
                        "exit",
                        0.15050315856933594,
                        0.048301999999999998,
                        0.019800000000000002,
                        250880,
                        253976,
                        0.0,
                        0.0,
                        1772239522.4552801,
                        12364245887614
                    ],
                    "sub": []
                },
                {
                    "stat": [
                        "doPostDesignResolutionToVir2Vcs",
                        "entry",
                        0.15865206718444824,
                        0.056002999999999997,
                        0.020001000000000001,
                        298156,
                        381952,
                        0.0,
                        0.0,
                        1772239522.463429,
                        12364266224333
                    ],
                    "sub": [
                        {
                            "stat": [
                                "doUptoVir2VcsNoSepCleanup",
                                "entry",
                                0.16177701950073242,
                                0.058299999999999998,
                                0.020820999999999999,
                                298380,
                                381952,
                                0.0,
                                0.0,
                                1772239522.4665539,
                                12364274008097
                            ],
                            "sub": []
                        },
                        {
                            "stat": [
                                "doUptoVir2VcsNoSepCleanup",
                                "exit",
                                0.17792320251464844,
                                0.071631,
                                0.021068,
                                298636,
                                381952,
                                0.0,
                                0.0021210000000000001,
                                1772239522.4827001,
                                12364314300470
                            ],
                            "sub": []
                        },
                        {
                            "stat": [
                                "doRadify_vir2vcsAll",
                                "entry",
                                0.17797017097473145,
                                0.071668999999999997,
                                0.021079000000000001,
                                298636,
                                381952,
                                0.0,
                                0.0021210000000000001,
                                1772239522.4827471,
                                12364314378754
                            ],
                            "sub": []
                        },
                        {
                            "stat": [
                                "doRadify_vir2vcsAll",
                                "exit",
                                0.18072104454040527,
                                0.074411000000000005,
                                0.021079000000000001,
                                300368,
                                381952,
                                0.0,
                                0.0021210000000000001,
                                1772239522.485498,
                                12364321315442
                            ],
                            "sub": []
                        }
                    ]
                },
                {
                    "stat": [
                        "doPostDesignResolutionToVir2Vcs",
                        "exit",
                        0.18076515197753906,
                        0.074457999999999996,
                        0.021079000000000001,
                        300368,
                        381952,
                        0.0,
                        0.0021210000000000001,
                        1772239522.4855421,
                        12364321355667
                    ],
                    "sub": []
                },
                {
                    "stat": [
                        "doGAToPass2",
                        "entry",
                        0.18077898025512695,
                        0.074470999999999996,
                        0.021079000000000001,
                        300368,
                        381952,
                        0.0,
                        0.0021210000000000001,
                        1772239522.4855559,
                        12364321387820
                    ],
                    "sub": [
                        {
                            "stat": [
                                "DoPass2",
                                "entry",
                                0.23190808296203613,
                                0.075521000000000005,
                                0.021079000000000001,
                                298812,
                                381952,
                                0.021614000000000001,
                                0.012997,
                                1772239522.536685,
                                12364449067543
                            ],
                            "sub": []
                        },
                        {
                            "stat": [
                                "DoPass2",
                                "exit",
                                0.27075600624084473,
                                0.104507,
                                0.030748999999999999,
                                308168,
                                381952,
                                0.021614000000000001,
                                0.012997,
                                1772239522.5755329,
                                12364546011005
                            ],
                            "sub": []
                        }
                    ]
                },
                {
                    "stat": [
                        "doGAToPass2",
                        "exit",
                        0.27377200126647949,
                        0.104752,
                        0.033520000000000001,
                        308168,
                        381952,
                        0.021614000000000001,
                        0.012997,
                        1772239522.5785489,
                        12364553543205
                    ],