{
    "CompUnits": {
        "amcQw_d": {
            "mod": "...MASTER...",
            "out": "objs/amcQw_d.o",
            "bytes": 7832,
            "mode": 4,
            "text": 434,
            "checksum": 0
        },
        "reYIK_d": {
            "mod": "std",
            "out": "reYIK_d.o",
            "cls": 7017,
            "bytes": 43000,
            "mode": 4,
            "text": 7325,
            "checksum": 0,
            "archive": "archive.0/_20928_archive_1.a"
        },
        "iAVhC_d": {
            "mod": "testbench",
            "out": "iAVhC_d.o",
            "bytes": 102294,
            "mode": 4,
            "text": 60173,
            "checksum": 0,
            "archive": "archive.0/_20928_archive_1.a"
        }
    },
    "Modules": {
        "...MASTER...": {
            "child_modules": {
                "std": 1,
                "testbench": 1
            },
            "start_perf": [
                0.40458202362060547,
                0.089089000000000002,
                0.039920999999999998,
                310224,
                385436,
                1738903916.5517571,
                11096516207986
            ],
            "nRouts": 5,
            "end_perf": [
                0.41759586334228516,
                0.090562000000000004,
                0.041797000000000001,
                311204,
                385436,
                11096548701010,
                0,
                0
            ],
            "nQuads": 0,
            "nMops": 0
        },
        "std": {
            "child_modules": {},
            "start_perf": [
                0.41768002510070801,
                0.090611999999999998,
                0.041820999999999997,
                311204,
                385436,
                1738903916.5648551,
                11096548862836
            ],
            "Compiled Times": 1,
            "nMops": 528,
            "Compiled": "Yes",
            "significant_routs": [
                [
                    24,
                    "F_VCSgd_reYIK_24_0",
                    5182712,
                    984,
                    90
                ]
            ],
            "nRouts": 33,
            "end_perf": [
                0.42935681343078613,
                0.098624000000000003,
                0.042266999999999999,
                312172,
                385436,
                11096578058991,
                8589934594,
                0
            ],
            "svclass": [
                "$vcs_nba_dyn_obj",
                576,
                35,
                2,
                2,
                0,
                "sigprop$$",
                576,
                35,
                2,
                2,
                0,
                "process",
                2380,
                200,
                8,
                8,
                0,
                "event",
                597,
                34,
                2,
                2,
                0,
                "mailbox",
                1769,
                140,
                9,
                9,
                0,
                "semaphore",
                1119,
                84,
                5,
                5,
                0
            ],
            "nQuads": 218
        },
        "testbench": {
            "child_modules": {},
            "start_perf": [
                0.42940592765808105,
                0.098659999999999998,
                0.042282,
                312172,
                385436,
                1738903916.576581,
                11096578130016
            ],
            "Compiled": "Yes",
            "nMops": 6342,
            "Compiled Times": 1,
            "significant_routs": [
                [
                    53,
                    "U_VCSgd_iAVhC_53",
                    5008039,
                    519,
                    37
                ],
                [
                    143,
                    "R_VCSgd_iAVhC_8f",
                    7200732,
                    803,
                    76
                ],
                [
                    225,
                    "R_VCSgd_iAVhC_e1",
                    14365399,
                    356,
                    34
                ]
            ],
            "nRouts": 290,
            "end_perf": [
                0.4887688159942627,
                0.13898099999999999,
                0.048830999999999999,
                312172,
                385436,
                11096726379869,
                21474836481,
                0
            ],
            "nQuads": 2458
        }
    },
    "reusePaths": {},
    "ObjArchives": [
        {
            "archive": "archive.0/_20928_archive_1.a",
            "objects": [
                [
                    "reYIK_d.o",
                    43000
                ],
                [
                    "iAVhC_d.o",
                    102294
                ],
                [
                    "amcQwB.o",
                    117078
                ]
            ],
            "size": 262372
        }
    ],
    "stat": {
        "ru_self_end": {
            "ru_utime_sec": 0.13976,
            "ru_minflt": 13757,
            "ru_stime_sec": 0.052881999999999998,
            "ru_maxrss_kb": 123560,
            "ru_majflt": 742,
            "ru_nvcsw": 632,
            "ru_nivcsw": 63
        },
        "ru_childs_end": {
            "ru_utime_sec": 0.019182999999999999,
            "ru_minflt": 2618,
            "ru_stime_sec": 0.008966,
            "ru_maxrss_kb": 111032,
            "ru_majflt": 177,
            "ru_nvcsw": 157,
            "ru_nivcsw": 13
        },
        "cpu_cycles_end": 11096740745478,
        "peak_mem_kb": 385436
    }
}