{
    "ObjArchives": [
        {
            "archive": "archive.0/_159981_archive_1.a",
            "objects": [
                [
                    "reYIK_d.o",
                    43000
                ],
                [
                    "MrQea_d.o",
                    16462
                ],
                [
                    "iAVhC_d.o",
                    130180
                ],
                [
                    "VtR8t_d.o",
                    16508
                ],
                [
                    "amcQwB.o",
                    117354
                ]
            ],
            "size": 323504
        }
    ],
    "Modules": {
        "...MASTER...": {
            "start_perf": [
                0.21896815299987793,
                0.082003000000000006,
                0.041001000000000003,
                310356,
                385456,
                1735876271.0451851,
                182578780831008
            ],
            "child_modules": {
                "std": 1,
                "testbench": 1
            },
            "nRouts": 5,
            "end_perf": [
                0.22105717658996582,
                0.084090999999999999,
                0.041001000000000003,
                311336,
                385456,
                182578786084188,
                0,
                0
            ],
            "nQuads": 0,
            "nMops": 0
        },
        "DCInput_UInt8": {
            "start_perf": [
                0.23112010955810547,
                0.091716000000000006,
                0.041001000000000003,
                312304,
                385456,
                1735876271.057337,
                182578811159701
            ],
            "child_modules": {},
            "Compiled": "Yes",
            "nQuads": 262,
            "Compiled Times": 1,
            "nRouts": 36,
            "end_perf": [
                0.23928999900817871,
                0.098948999999999995,
                0.041229000000000002,
                312304,
                385456,
                182578831605886,
                12884901889,
                0
            ],
            "nMops": 749
        },
        "std": {
            "significant_routs": [
                [
                    24,
                    "F_VCSgd_reYIK_24_0",
                    5778626,
                    984,
                    90
                ]
            ],
            "start_perf": [
                0.22121000289916992,
                0.084161,
                0.041001000000000003,
                311336,
                385456,
                1735876271.0474269,
                182578786435750
            ],
            "child_modules": {},
            "Compiled": "Yes",
            "nQuads": 218,
            "Compiled Times": 1,
            "nRouts": 33,
            "svclass": [
                "$vcs_nba_dyn_obj",
                576,
                35,
                2,
                2,
                0,
                "sigprop$$",
                576,
                35,
                2,
                2,
                0,
                "process",
                2380,
                200,
                8,
                8,
                0,
                "event",
                597,
                34,
                2,
                2,
                0,
                "mailbox",
                1769,
                140,
                9,
                9,
                0,
                "semaphore",
                1119,
                84,
                5,
                5,
                0
            ],
            "end_perf": [
                0.23105096817016602,
                0.091663999999999995,
                0.041001000000000003,
                312304,
                385456,
                182578811044947,
                8589934594,
                0
            ],
            "nMops": 528
        },
        "testbench": {
            "significant_routs": [
                [
                    27,
                    "U_VCSgd_iAVhC_27",
                    2755553,
                    1997,
                    141
                ],
                [
                    68,
                    "U_VCSgd_iAVhC_68",
                    4317665,
                    4186,
                    421
                ]
            ],
            "start_perf": [
                0.23933696746826172,
                0.098983000000000002,
                0.041243000000000002,
                312304,
                385456,
                1735876271.0655539,
                182578831667631
            ],
            "child_modules": {
                "DCInput_UInt8_golden": 6,
                "DCInput_UInt8": 6
            },
            "Compiled": "Yes",
            "nQuads": 2667,
            "Compiled Times": 1,
            "end_perf": [
                0.28890609741210938,
                0.148004,
                0.041243000000000002,
                312304,
                385456,
                182578955467082,
                25769803777,
                0
            ],
            "nMops": 7644,
            "nRouts": 393
        },
        "DCInput_UInt8_golden": {
            "start_perf": [
                0.28896498680114746,
                0.148065,
                0.041243000000000002,
                312304,
                385456,
                1735876271.1151819,
                182578955586286
            ],
            "child_modules": {},
            "Compiled": "Yes",
            "nQuads": 262,
            "Compiled Times": 1,
            "nRouts": 36,
            "end_perf": [
                0.29704594612121582,
                0.15540499999999999,
                0.041243000000000002,
                312304,
                385456,
                182578975772792,
                30064771073,
                0
            ],
            "nMops": 749
        }
    },
    "CompUnits": {
        "reYIK_d": {
            "out": "reYIK_d.o",
            "mod": "std",
            "bytes": 43000,
            "checksum": 0,
            "text": 7325,
            "mode": 4,
            "cls": 7017,
            "archive": "archive.0/_159981_archive_1.a"
        },
        "amcQw_d": {
            "out": "objs/amcQw_d.o",
            "mod": "...MASTER...",
            "bytes": 7832,
            "checksum": 0,
            "text": 434,
            "mode": 4
        },
        "MrQea_d": {
            "out": "MrQea_d.o",
            "mod": "DCInput_UInt8",
            "bytes": 16462,
            "checksum": 0,
            "text": 6323,
            "mode": 4,
            "archive": "archive.0/_159981_archive_1.a"
        },
        "iAVhC_d": {
            "out": "iAVhC_d.o",
            "mod": "testbench",
            "bytes": 130180,
            "checksum": 0,
            "text": 70710,
            "mode": 4,
            "archive": "archive.0/_159981_archive_1.a"
        },
        "VtR8t_d": {
            "out": "VtR8t_d.o",
            "mod": "DCInput_UInt8_golden",
            "bytes": 16508,
            "checksum": 0,
            "text": 6323,
            "mode": 4,
            "archive": "archive.0/_159981_archive_1.a"
        }
    },
    "reusePaths": {},
    "stat": {
        "ru_self_end": {
            "ru_maxrss_kb": 125764,
            "ru_utime_sec": 0.159886,
            "ru_stime_sec": 0.041280999999999998,
            "ru_minflt": 14526,
            "ru_nivcsw": 142,
            "ru_majflt": 0,
            "ru_nvcsw": 30
        },
        "peak_mem_kb": 385456,
        "ru_childs_end": {
            "ru_maxrss_kb": 113188,
            "ru_utime_sec": 0.014862999999999999,
            "ru_stime_sec": 0.0053579999999999999,
            "ru_minflt": 2711,
            "ru_nivcsw": 16,
            "ru_majflt": 0,
            "ru_nvcsw": 18
        },
        "cpu_cycles_end": 182578988420366
    }
}