{
    "Modules": {
        "...MASTER...": {
            "start_perf": [
                0.19693779945373535,
                0.084736000000000006,
                0.021184000000000001,
                310772,
                384084,
                1741141202.3717079,
                5899339991032
            ],
            "child_modules": {
                "tb": 1,
                "std": 1
            },
            "end_perf": [
                0.19884395599365234,
                0.086251999999999995,
                0.021562999999999999,
                311752,
                384084,
                5899344785751,
                0,
                0
            ],
            "nQuads": 0,
            "nMops": 0,
            "nRouts": 5
        },
        "tb": {
            "start_perf": [
                0.20669388771057129,
                0.094075000000000006,
                0.021572999999999998,
                312720,
                384084,
                1741141202.381464,
                5899364351658
            ],
            "significant_routs": [
                [
                    2,
                    "R_VCSgd_g7hgQ_2",
                    5300309,
                    4575,
                    576
                ],
                [
                    63,
                    "R_VCSgd_g7hgQ_3f",
                    3997808,
                    3596,
                    369
                ],
                [
                    109,
                    "R_VCSgd_g7hgQ_6d",
                    2316127,
                    2110,
                    277
                ]
            ],
            "child_modules": {},
            "Compiled": "Yes",
            "Compiled Times": 1,
            "end_perf": [
                0.24694299697875977,
                0.12992899999999999,
                0.025146999999999999,
                312720,
                384084,
                5899464878396,
                21474836481,
                0
            ],
            "nQuads": 1954,
            "nMops": 4508,
            "nRouts": 153
        },
        "std": {
            "start_perf": [
                0.19889593124389648,
                0.086293999999999996,
                0.021572999999999998,
                311752,
                384084,
                1741141202.373666,
                5899344878709
            ],
            "significant_routs": [
                [
                    24,
                    "F_VCSgd_reYIK_24_0",
                    2338296,
                    984,
                    90
                ]
            ],
            "child_modules": {},
            "Compiled": "Yes",
            "Compiled Times": 1,
            "end_perf": [
                0.2066199779510498,
                0.093998999999999999,
                0.021572999999999998,
                312720,
                384084,
                5899364253486,
                8589934594,
                0
            ],
            "nMops": 528,
            "svclass": [
                "$vcs_nba_dyn_obj",
                576,
                35,
                2,
                2,
                0,
                "sigprop$$",
                576,
                35,
                2,
                2,
                0,
                "process",
                2380,
                200,
                8,
                8,
                0,
                "event",
                597,
                34,
                2,
                2,
                0,
                "mailbox",
                1769,
                140,
                9,
                9,
                0,
                "semaphore",
                1119,
                84,
                5,
                5,
                0
            ],
            "nQuads": 218,
            "nRouts": 33
        }
    },
    "CompUnits": {
        "amcQw_d": {
            "mod": "...MASTER...",
            "bytes": 7824,
            "out": "objs/amcQw_d.o",
            "text": 434,
            "mode": 4,
            "checksum": 0
        },
        "reYIK_d": {
            "mod": "std",
            "bytes": 43000,
            "out": "reYIK_d.o",
            "text": 7325,
            "cls": 7017,
            "mode": 4,
            "checksum": 0,
            "archive": "archive.0/_60439_archive_1.a"
        },
        "g7hgQ_d": {
            "mod": "tb",
            "bytes": 81916,
            "out": "g7hgQ_d.o",
            "text": 41166,
            "mode": 4,
            "checksum": 0,
            "archive": "archive.0/_60439_archive_1.a"
        }
    },
    "stat": {
        "ru_self_end": {
            "ru_stime_sec": 0.028705999999999999,
            "ru_utime_sec": 0.13123099999999999,
            "ru_maxrss_kb": 128336,
            "ru_minflt": 14375,
            "ru_majflt": 0,
            "ru_nvcsw": 69,
            "ru_nivcsw": 71
        },
        "ru_childs_end": {
            "ru_stime_sec": 0.0045789999999999997,
            "ru_utime_sec": 0.013868999999999999,
            "ru_maxrss_kb": 115744,
            "ru_minflt": 2710,
            "ru_majflt": 0,
            "ru_nvcsw": 20,
            "ru_nivcsw": 17
        },
        "cpu_cycles_end": 5899478037083,
        "peak_mem_kb": 384084
    },
    "reusePaths": {},
    "ObjArchives": [
        {
            "archive": "archive.0/_60439_archive_1.a",
            "objects": [
                [
                    "reYIK_d.o",
                    43000
                ],
                [
                    "g7hgQ_d.o",
                    81916
                ],
                [
                    "amcQwB.o",
                    120336
                ]
            ],
            "size": 245252
        }
    ]
}