{
    "NameTable": {
        "...MASTER...": [
            "SIM",
            "amcQw",
            "module",
            3
        ],
        "std": [
            "std",
            "reYIK",
            "module",
            1
        ],
        "testbench": [
            "testbench",
            "iAVhC",
            "module",
            2
        ]
    },
    "SIMBData": {
        "bytes": 117316,
        "out": "amcQwB.o",
        "text": 0,
        "archive": "archive.0/_19682_archive_1.a"
    },
    "cpu_cycles_pass2_start": 10498515953460,
    "cycles_program_begin": 10498022665951,
    "CurCompileModules": [
        "...MASTER...",
        "...MASTER...",
        "std",
        "std",
        "testbench",
        "testbench"
    ],
    "PEModules": [],
    "perf": [
        {
            "sub": [
                {
                    "sub": [],
                    "stat": [
                        "doParsingAndDesignResolution",
                        "entry",
                        0.13414287567138672,
                        0.045475000000000002,
                        0.015158,
                        212912,
                        213712,
                        0.0,
                        0.0,
                        1772175795.8844709,
                        10498315631902
                    ]
                },
                {
                    "sub": [],
                    "stat": [
                        "doParsingAndDesignResolution",
                        "exit",
                        0.15162801742553711,
                        0.054178999999999998,
                        0.022744,
                        314112,
                        385184,
                        0.0,
                        0.0,
                        1772175795.9019561,
                        10498359299895
                    ]
                },
                {
                    "sub": [
                        {
                            "sub": [],
                            "stat": [
                                "doUptoVir2VcsNoSepCleanup",
                                "entry",
                                0.15769791603088379,
                                0.060227999999999997,
                                0.022744,
                                300196,
                                385184,
                                0.0,
                                0.0,
                                1772175795.908026,
                                10498374424806
                            ]
                        },
                        {
                            "sub": [],
                            "stat": [
                                "doUptoVir2VcsNoSepCleanup",
                                "exit",
                                0.17809391021728516,
                                0.075686000000000003,
                                0.022744,
                                313560,
                                385184,
                                0.001921,
                                0.0,
                                1772175795.928422,
                                10498425345844
                            ]
                        },
                        {
                            "sub": [],
                            "stat": [
                                "doRadify_vir2vcsAll",
                                "entry",
                                0.17815184593200684,
                                0.075745999999999994,
                                0.022744,
                                313560,
                                385184,
                                0.001921,
                                0.0,
                                1772175795.9284799,
                                10498425433759
                            ]
                        },
                        {
                            "sub": [],
                            "stat": [
                                "doRadify_vir2vcsAll",
                                "exit",
                                0.18138289451599121,
                                0.075745999999999994,
                                0.025974000000000001,
                                313560,
                                385184,
                                0.001921,
                                0.0,
                                1772175795.931711,
                                10498433552478
                            ]
                        }
                    ],
                    "stat": [
                        "doPostDesignResolutionToVir2Vcs",
                        "entry",
                        0.15412783622741699,
                        0.056673000000000001,
                        0.022744,
                        300004,
                        385184,
                        0.0,
                        0.0,
                        1772175795.9044559,
                        10498365528957
                    ]
                },
                {
                    "sub": [],
                    "stat": [
                        "doPostDesignResolutionToVir2Vcs",
                        "exit",
                        0.18142104148864746,
                        0.075745999999999994,
                        0.026013000000000001,
                        313560,
                        385184,
                        0.001921,
                        0.0,
                        1772175795.9317491,
                        10498433590363
                    ]
                },
                {
                    "sub": [
                        {
                            "sub": [],
                            "stat": [
                                "DoPass2",
                                "entry",
                                0.2144019603729248,
                                0.076069999999999999,
                                0.026623999999999998,
                                312004,
                                385184,
                                0.023791,
                                0.0078840000000000004,
                                1772175795.96473,
                                10498515946352
                            ]
                        },
                        {
                            "sub": [],
                            "stat": [
                                "DoPass2",
                                "exit",
                                0.25984501838684082,
                                0.115471,
                                0.032337999999999999,
                                314328,
                                385184,
                                0.023791,
                                0.0078840000000000004,
                                1772175796.0101731,
                                10498629379382
                            ]
                        }
                    ],
                    "stat": [
                        "doGAToPass2",
                        "entry",
                        0.18143296241760254,
                        0.075745999999999994,
                        0.026026000000000001,
                        313560,
                        385184,
                        0.001921,
                        0.0,
                        1772175795.931761,
                        10498433614436
                    ]
                },
                {
                    "sub": [],