{
    "PEModules": [],
    "NameTable": {
        "std": [
            "std",
            "reYIK",
            "module",
            1
        ],
        "testbench": [
            "testbench",
            "iAVhC",
            "module",
            2
        ],
        "...MASTER...": [
            "SIM",
            "amcQw",
            "module",
            3
        ]
    },
    "MlibObjs": {},
    "cycles_program_begin": 70764990749158,
    "cpu_cycles_pass2_start": 70765523761403,
    "perf": [
        {
            "stat": [
                "main",
                "entry",
                0.016255855560302734,
                0.036240000000000001,
                0.014074,
                203220,
                204476,
                0.0,
                0.0,
                1741080632.1188259,
                70764990991823
            ],
            "sub": [
                {
                    "stat": [
                        "doParsingAndDesignResolution",
                        "entry",
                        0.13982796669006348,
                        0.047809999999999998,
                        0.014343,
                        212908,
                        213708,
                        0.0,
                        0.0,
                        1741080632.242398,
                        70765299357068
                    ],
                    "sub": []
                },
                {
                    "stat": [
                        "doParsingAndDesignResolution",
                        "exit",
                        0.15094995498657227,
                        0.055975999999999998,
                        0.017488,
                        316216,
                        383848,
                        0.0,
                        0.0,
                        1741080632.25352,
                        70765327137991
                    ],
                    "sub": []
                },
                {
                    "stat": [
                        "doPostDesignResolutionToVir2Vcs",
                        "entry",
                        0.15858602523803711,
                        0.058436000000000002,
                        0.022474999999999998,
                        298176,
                        383848,
                        0.0,
                        0.0,
                        1741080632.2611561,
                        70765346191029
                    ],
                    "sub": [
                        {
                            "stat": [
                                "doUptoVir2VcsNoSepCleanup",
                                "entry",
                                0.16329789161682129,
                                0.061534999999999999,
                                0.023667000000000001,
                                298400,
                                383848,
                                0.0,
                                0.0,
                                1741080632.2658679,
                                70765357940118
                            ],
                            "sub": []
                        },
                        {
                            "stat": [
                                "doUptoVir2VcsNoSepCleanup",
                                "exit",
                                0.18687891960144043,
                                0.075704999999999995,
                                0.023667000000000001,
                                298656,
                                383848,
                                0.0019139999999999999,
                                0.0,
                                1741080632.289449,
                                70765416814780
                            ],
                            "sub": []
                        },
                        {
                            "stat": [
                                "doRadify_vir2vcsAll",
                                "entry",
                                0.18694186210632324,
                                0.075760999999999995,
                                0.023675000000000002,
                                298656,
                                383848,
                                0.0019139999999999999,
                                0.0,
                                1741080632.2895119,
                                70765416904187
                            ],
                            "sub": []
                        },
                        {
                            "stat": [
                                "doRadify_vir2vcsAll",
                                "exit",
                                0.19040989875793457,
                                0.078863000000000003,
                                0.023675000000000002,
                                300432,
                                383848,
                                0.0019139999999999999,
                                0.0,
                                1741080632.29298,
                                70765425624587
                            ],
                            "sub": []
                        }
                    ]
                },
                {
                    "stat": [
                        "doPostDesignResolutionToVir2Vcs",
                        "exit",
                        0.19045495986938477,
                        0.078909999999999994,
                        0.023675000000000002,
                        300432,
                        383848,
                        0.0019139999999999999,
                        0.0,
                        1741080632.293025,
                        70765425659667
                    ],
                    "sub": []
                },
                {
                    "stat": [
                        "doGAToPass2",
                        "entry",
                        0.19046688079833984,
                        0.078921000000000005,
                        0.023675000000000002,
                        300432,
                        383848,
                        0.0019139999999999999,
                        0.0,
                        1741080632.2930369,
                        70765425687962
                    ],
                    "sub": [
                        {
                            "stat": [
                                "DoPass2",
                                "entry",
                                0.22972798347473145,
                                0.080130000000000007,
                                0.023675000000000002,
                                298876,
                                383848,
                                0.020743999999999999,
                                0.0,
                                1741080632.332298,
                                70765523748904
                            ],
                            "sub": []
                        },
                        {
                            "stat": [
                                "DoPass2",
                                "exit",
                                0.28410482406616211,
                                0.115788,
                                0.026720000000000001,
                                310668,
                                383848,
                                0.020743999999999999,
                                0.0,
                                1741080632.3866749,
                                70765659436640
                            ],