{
    "rlimit": {
        "data": -1,
        "stack": -1
    },
    "perf": [
        {
            "stat": [
                "main",
                "entry",
                0.0163421630859375,
                0.030875,
                0.017642999999999999,
                203220,
                204476,
                0.0,
                0.0,
                1755717774.0473461,
                12696258796218
            ],
            "sub": [
                {
                    "stat": [
                        "doParsingAndDesignResolution",
                        "entry",
                        0.13020014762878418,
                        0.036517000000000001,
                        0.022823,
                        212908,
                        213708,
                        0.0,
                        0.0,
                        1755717774.1612041,
                        12696542960791
                    ],
                    "sub": []
                },
                {
                    "stat": [
                        "doParsingAndDesignResolution",
                        "exit",
                        0.14325499534606934,
                        0.045441000000000002,
                        0.027264,
                        316624,
                        381548,
                        0.0,
                        0.0,
                        1755717774.1742589,
                        12696575556139
                    ],
                    "sub": []
                },
                {
                    "stat": [
                        "doPostDesignResolutionToVir2Vcs",
                        "entry",
                        0.14829707145690918,
                        0.048516999999999998,
                        0.029624999999999999,
                        298208,
                        381548,
                        0.0,
                        0.0,
                        1755717774.179301,
                        12696588138990
                    ],
                    "sub": [
                        {
                            "stat": [
                                "doUptoVir2VcsNoSepCleanup",
                                "entry",
                                0.15366816520690918,
                                0.050471000000000002,
                                0.032118000000000001,
                                298432,
                                381548,
                                0.0,
                                0.0,
                                1755717774.1846721,
                                12696601532238
                            ],
                            "sub": []
                        },
                        {
                            "stat": [
                                "doUptoVir2VcsNoSepCleanup",
                                "exit",
                                0.1789860725402832,
                                0.065229999999999996,
                                0.034789,
                                298688,
                                381548,
                                0.0019689999999999998,
                                0.0,
                                1755717774.20999,
                                12696664729617
                            ],
                            "sub": []
                        },
                        {
                            "stat": [
                                "doRadify_vir2vcsAll",
                                "entry",
                                0.17903494834899902,
                                0.065262000000000001,
                                0.034805999999999997,
                                298688,
                                381548,
                                0.0019689999999999998,
                                0.0,
                                1755717774.2100389,
                                12696664806547
                            ],
                            "sub": []
                        },
                        {
                            "stat": [
                                "doRadify_vir2vcsAll",
                                "exit",
                                0.18198704719543457,
                                0.068203,
                                0.034805999999999997,
                                300432,
                                381548,
                                0.0019689999999999998,
                                0.0,
                                1755717774.212991,
                                12696672230706
                            ],
                            "sub": []
                        }
                    ]
                },
                {
                    "stat": [
                        "doPostDesignResolutionToVir2Vcs",
                        "exit",
                        0.18202400207519531,
                        0.068240999999999996,
                        0.034805999999999997,
                        300432,
                        381548,
                        0.0019689999999999998,
                        0.0,
                        1755717774.213028,
                        12696672267501
                    ],
                    "sub": []
                },
                {
                    "stat": [
                        "doGAToPass2",
                        "entry",
                        0.1820371150970459,
                        0.068252999999999994,
                        0.034805999999999997,
                        300432,
                        381548,
                        0.0019689999999999998,
                        0.0,
                        1755717774.2130411,
                        12696672297350
                    ],
                    "sub": [
                        {
                            "stat": [
                                "DoPass2",
                                "entry",
                                0.20257306098937988,
                                0.069544999999999996,
                                0.034805999999999997,
                                298876,
                                381548,
                                0.014637000000000001,
                                0.0057039999999999999,
                                1755717774.233577,
                                12696723616690
                            ],
                            "sub": []
                        },
                        {
                            "stat": [
                                "DoPass2",
                                "exit",
                                0.25080704689025879,
                                0.11358500000000001,
                                0.038087000000000003,
                                311728,
                                381548,
                                0.014637000000000001,
                                0.0057039999999999999,
                                1755717774.281811,
                                12696843999646
                            ],
                            "sub": []
                        }
                    ]
                },
                {
                    "stat": [
                        "doGAToPass2",
                        "exit",
                        0.25392007827758789,
                        0.116686,
                        0.038087000000000003,
                        311728,
                        381548,
                        0.014637000000000001,
                        0.0057039999999999999,
                        1755717774.284924,
                        12696851767367
                    ],