{
    "Modules": {
        "tb_multi_pipe": {
            "Compiled": "Yes",
            "start_perf": [
                0.17916703224182129,
                0.054953000000000002,
                0.026315999999999999,
                310204,
                383832,
                1735120126.863471,
                77941468698164
            ],
            "child_modules": {},
            "Compiled Times": 21,
            "end_perf": [
                0.19484400749206543,
                0.070405999999999996,
                0.026315999999999999,
                312152,
                383832,
                77941507943730,
                17179869185,
                0
            ],
            "nQuads": 900,
            "nMops": 2578,
            "nRouts": 97
        },
        "...MASTER...": {
            "start_perf": [
                0.17328810691833496,
                0.051577999999999999,
                0.025817,
                310204,
                383832,
                1735120126.8575921,
                77941454037424
            ],
            "child_modules": {
                "tb_multi_pipe": 1,
                "std": 1
            },
            "end_perf": [
                0.17678308486938477,
                0.052588999999999997,
                0.026294000000000001,
                310204,
                383832,
                77941462802713,
                0,
                0
            ],
            "nQuads": 0,
            "nMops": 0,
            "nRouts": 5
        },
        "std": {
            "svclass": [
                "$vcs_nba_dyn_obj",
                0,
                35,
                2,
                2,
                0,
                "sigprop$$",
                0,
                35,
                2,
                2,
                0,
                "process",
                0,
                200,
                8,
                8,
                0,
                "event",
                0,
                34,
                2,
                2,
                0,
                "mailbox",
                0,
                140,
                9,
                9,
                0,
                "semaphore",
                0,
                84,
                5,
                5,
                0
            ],
            "start_perf": [
                0.17684602737426758,
                0.052631999999999998,
                0.026315999999999999,
                310204,
                383832,
                1735120126.86115,
                77941462913146
            ],
            "Compiled": "Yes",
            "child_modules": {},
            "Compiled Times": 21,
            "end_perf": [
                0.17913198471069336,
                0.054917000000000001,
                0.026315999999999999,
                310204,
                383832,
                77941468657911,
                8589934594,
                0
            ],
            "nQuads": 218,
            "nMops": 528,
            "nRouts": 33
        }
    },
    "CompUnits": {
        "t2BSw_d": {
            "mod": "tb_multi_pipe",
            "checksum": 0,
            "out": "t2BSw_d.o",
            "bytes": 38120,
            "text": 21295,
            "mode": 4,
            "archive": "archive.20/_96058_archive_1.a"
        }
    },
    "reusePaths": {
        "amcQw_d": {
            "icPath": "csrc"
        },
        "reYIK_d": {
            "icPath": "csrc"
        }
    },
    "stat": {
        "ru_self_end": {
            "ru_minflt": 13732,
            "ru_utime_sec": 0.075242000000000003,
            "ru_stime_sec": 0.026527999999999999,
            "ru_maxrss_kb": 125564,
            "ru_majflt": 5,
            "ru_nvcsw": 43,
            "ru_nivcsw": 5
        },
        "cpu_cycles_end": 77941520423153,
        "ru_childs_end": {
            "ru_minflt": 2727,
            "ru_utime_sec": 0.0078759999999999993,
            "ru_stime_sec": 0.0066740000000000002,
            "ru_maxrss_kb": 114556,
            "ru_majflt": 0,
            "ru_nvcsw": 18,
            "ru_nivcsw": 3
        },
        "peak_mem_kb": 383832
    },
    "ObjArchives": [
        {
            "size": 154854,
            "objects": [
                [
                    "t2BSw_d.o",
                    38120
                ],
                [
                    "amcQwB.o",
                    116734
                ]
            ],
            "archive": "archive.20/_96058_archive_1.a"
        }
    ]
}