{
    "cycles_program_begin": 48515857468386,
    "cpu_cycles_pass2_start": 48516338205358,
    "CurCompileUdps": {},
    "NameTable": {
        "std": [
            "std",
            "reYIK",
            "module",
            1
        ],
        "BHT_tb": [
            "BHT_tb",
            "Tm3m9",
            "module",
            2
        ],
        "...MASTER...": [
            "SIM",
            "amcQw",
            "module",
            3
        ]
    },
    "perf": [
        {
            "stat": [
                "main",
                "entry",
                0.017212152481079102,
                0.046413999999999997,
                0.0046990000000000001,
                203220,
                204476,
                0.0,
                0.0,
                1754392588.6029811,
                48515857787209
            ],
            "sub": [
                {
                    "stat": [
                        "doParsingAndDesignResolution",
                        "entry",
                        0.13192009925842285,
                        0.052675,
                        0.0090690000000000007,
                        212908,
                        213708,
                        0.0,
                        0.0,
                        1754392588.717689,
                        48516144029406
                    ],
                    "sub": []
                },
                {
                    "stat": [
                        "doParsingAndDesignResolution",
                        "exit",
                        0.14644503593444824,
                        0.062385999999999997,
                        0.016636000000000001,
                        317560,
                        385376,
                        0.0,
                        0.0,
                        1754392588.732214,
                        48516180273568
                    ],
                    "sub": []
                },
                {
                    "stat": [
                        "doPostDesignResolutionToVir2Vcs",
                        "entry",
                        0.15324902534484863,
                        0.069502999999999995,
                        0.016841999999999999,
                        298280,
                        385376,
                        0.0,
                        0.0,
                        1754392588.739018,
                        48516197246902
                    ],
                    "sub": [
                        {
                            "stat": [
                                "doUptoVir2VcsNoSepCleanup",
                                "entry",
                                0.15779304504394531,
                                0.073976,
                                0.016841999999999999,
                                298472,
                                385376,
                                0.0,
                                0.0,
                                1754392588.743562,
                                48516208590635
                            ],
                            "sub": []
                        },
                        {
                            "stat": [
                                "doUptoVir2VcsNoSepCleanup",
                                "exit",
                                0.18498015403747559,
                                0.094935000000000005,
                                0.020638,
                                311896,
                                385376,
                                0.0018699999999999999,
                                0.0,
                                1754392588.7707491,
                                48516276494983
                            ],
                            "sub": []
                        },
                        {
                            "stat": [
                                "doRadify_vir2vcsAll",
                                "entry",
                                0.18506312370300293,
                                0.095004000000000005,
                                0.020653000000000001,
                                311896,
                                385376,
                                0.0018699999999999999,
                                0.0,
                                1754392588.7708321,
                                48516276603826
                            ],
                            "sub": []
                        },
                        {
                            "stat": [
                                "doRadify_vir2vcsAll",
                                "exit",
                                0.18903994560241699,
                                0.098979999999999999,
                                0.020653000000000001,
                                311896,
                                385376,
                                0.0018699999999999999,
                                0.0,
                                1754392588.7748089,
                                48516286595392
                            ],
                            "sub": []
                        }
                    ]
                },
                {
                    "stat": [
                        "doPostDesignResolutionToVir2Vcs",
                        "exit",
                        0.18907809257507324,
                        0.099018999999999996,
                        0.020653000000000001,
                        311896,
                        385376,
                        0.0018699999999999999,
                        0.0,
                        1754392588.774847,
                        48516286627764
                    ],
                    "sub": []
                },
                {
                    "stat": [
                        "doGAToPass2",
                        "entry",
                        0.18908810615539551,
                        0.099030000000000007,
                        0.020653000000000001,
                        311896,
                        385376,
                        0.0018699999999999999,
                        0.0,
                        1754392588.774857,
                        48516286653529
                    ],
                    "sub": [
                        {
                            "stat": [
                                "DoPass2",
                                "entry",
                                0.2097160816192627,
                                0.099914000000000003,
                                0.020815,
                                310340,
                                385376,
                                0.011247,
                                0.0089219999999999994,
                                1754392588.795485,
                                48516338193294
                            ],
                            "sub": []
                        },
                        {
                            "stat": [
                                "DoPass2",
                                "exit",
                                0.273712158203125,
                                0.155696,
                                0.028680000000000001,
                                312288,
                                385376,
                                0.011247,
                                0.0089219999999999994,
                                1754392588.8594811,
                                48516497927002
                            ],