{
    "CompUnits": {
        "Tm3m9_d": {
            "mode": 4,
            "bytes": 105844,
            "mod": "BHT_tb",
            "out": "Tm3m9_d.o",
            "text": 55718,
            "checksum": 0,
            "archive": "archive.1/_7944_archive_1.a"
        }
    },
    "Modules": {
        "...MASTER...": {
            "child_modules": {
                "BHT_tb": 1,
                "std": 1
            },
            "start_perf": [
                0.3200690746307373,
                0.065291000000000002,
                0.045886000000000003,
                310608,
                385752,
                1754393592.823571,
                1019496371358
            ],
            "end_perf": [
                0.32738804817199707,
                0.066116999999999995,
                0.046670999999999997,
                310608,
                385752,
                1019514689682,
                0,
                0
            ],
            "nRouts": 5,
            "nQuads": 0,
            "nMops": 0
        },
        "std": {
            "child_modules": {},
            "start_perf": [
                0.32743501663208008,
                0.066145999999999996,
                0.046691000000000003,
                310608,
                385752,
                1754393592.8309369,
                1019514769094
            ],
            "nRouts": 33,
            "Compiled": "Yes",
            "nQuads": 218,
            "Compiled Times": 2,
            "svclass": [
                "$vcs_nba_dyn_obj",
                0,
                35,
                2,
                2,
                0,
                "sigprop$$",
                0,
                35,
                2,
                2,
                0,
                "process",
                0,
                200,
                8,
                8,
                0,
                "event",
                0,
                34,
                2,
                2,
                0,
                "mailbox",
                0,
                140,
                9,
                9,
                0,
                "semaphore",
                0,
                84,
                5,
                5,
                0
            ],
            "end_perf": [
                0.3319551944732666,
                0.068167000000000005,
                0.046691000000000003,
                310608,
                385752,
                1019526087388,
                8589934594,
                0
            ],
            "nMops": 528
        },
        "BHT_tb": {
            "child_modules": {},
            "start_perf": [
                0.33198213577270508,
                0.068195000000000006,
                0.046691000000000003,
                310608,
                385752,
                1754393592.835484,
                1019526126099
            ],
            "nRouts": 348,
            "Compiled": "Yes",
            "nQuads": 2619,
            "significant_routs": [
                [
                    138,
                    "R_VCSgd_Tm3m9_8a",
                    5987583,
                    7095,
                    903
                ]
            ],
            "Compiled Times": 2,
            "end_perf": [
                0.36322617530822754,
                0.097290000000000001,
                0.046691000000000003,
                312556,
                385752,
                1019604224170,
                17179869185,
                0
            ],
            "nMops": 6842
        }
    },
    "reusePaths": {
        "amcQw_d": {
            "icPath": "csrc"
        },
        "reYIK_d": {
            "icPath": "csrc"
        }
    },
    "ObjArchives": [
        {
            "size": 225124,
            "objects": [
                [
                    "Tm3m9_d.o",
                    105844
                ],
                [
                    "amcQwB.o",
                    119280
                ]
            ],
            "archive": "archive.1/_7944_archive_1.a"
        }
    ],
    "stat": {
        "ru_self_end": {
            "ru_nivcsw": 13,
            "ru_utime_sec": 0.10033499999999999,
            "ru_stime_sec": 0.046691000000000003,
            "ru_maxrss_kb": 125572,
            "ru_nvcsw": 1110,
            "ru_minflt": 13303,
            "ru_majflt": 1470
        },
        "ru_childs_end": {
            "ru_nivcsw": 1,
            "ru_utime_sec": 0.0094400000000000005,
            "ru_stime_sec": 0.0078320000000000004,
            "ru_maxrss_kb": 113668,
            "ru_nvcsw": 108,
            "ru_minflt": 2667,
            "ru_majflt": 120
        },
        "peak_mem_kb": 385752,
        "cpu_cycles_end": 1019613721361
    }
}