{
    "Modules": {
        "std": {
            "start_perf": [
                0.19082784652709961,
                0.057072999999999999,
                0.039093999999999997,
                303156,
                381268,
                1751700126.6834619,
                1801143584947
            ],
            "svclass": [
                "$vcs_nba_dyn_obj",
                576,
                35,
                2,
                2,
                0,
                "sigprop$$",
                576,
                35,
                2,
                2,
                0,
                "process",
                2380,
                200,
                8,
                8,
                0,
                "event",
                597,
                34,
                2,
                2,
                0,
                "mailbox",
                1769,
                140,
                9,
                9,
                0,
                "semaphore",
                1119,
                84,
                5,
                5,
                0
            ],
            "nRouts": 33,
            "child_modules": {},
            "nQuads": 218,
            "Compiled Times": 1,
            "Compiled": "Yes",
            "significant_routs": [
                [
                    24,
                    "F_VCSgd_reYIK_24_0",
                    4138678,
                    984,
                    90
                ]
            ],
            "end_perf": [
                0.19944882392883301,
                0.064885999999999999,
                0.039093999999999997,
                305468,
                381268,
                1801165133079,
                8589934594,
                0
            ],
            "nMops": 528
        },
        "...MASTER...": {
            "nMops": 0,
            "start_perf": [
                0.18831896781921387,
                0.054732000000000003,
                0.039093999999999997,
                298624,
                381268,
                1751700126.680953,
                1801137314146
            ],
            "nRouts": 5,
            "nQuads": 0,
            "child_modules": {
                "std": 1,
                "test": 1
            },
            "end_perf": [
                0.19066596031188965,
                0.057001999999999997,
                0.039093999999999997,
                303156,
                381268,
                1801143209065,
                0,
                0
            ]
        },
        "test": {
            "nMops": 1086,
            "start_perf": [
                0.19949793815612793,
                0.064936999999999995,
                0.039093999999999997,
                305468,
                381268,
                1751700126.692132,
                1801165203949
            ],
            "nRouts": 59,
            "child_modules": {},
            "nQuads": 525,
            "Compiled Times": 1,
            "Compiled": "Yes",
            "significant_routs": [
                [
                    32,
                    "R_VCSgd_x9Hvb_20",
                    2263383,
                    1410,
                    127
                ]
            ],
            "end_perf": [
                0.21079182624816895,
                0.076146000000000005,
                0.039093999999999997,
                307132,
                381268,
                1801193447678,
                17179869185,
                0
            ]
        }
    },
    "CompUnits": {
        "amcQw_d": {
            "mod": "...MASTER...",
            "out": "objs/amcQw_d.o",
            "mode": 4,
            "bytes": 7824,
            "checksum": 0,
            "text": 434
        },
        "reYIK_d": {
            "mod": "std",
            "archive": "archive.0/_23271_archive_1.a",
            "cls": 7017,
            "out": "reYIK_d.o",
            "mode": 4,
            "bytes": 43000,
            "checksum": 0,
            "text": 7325
        },
        "x9Hvb_d": {
            "mod": "test",
            "archive": "archive.0/_23271_archive_1.a",
            "out": "x9Hvb_d.o",
            "mode": 4,
            "bytes": 25866,
            "checksum": 0,
            "text": 11574
        }
    },
    "reusePaths": {},
    "ObjArchives": [
        {
            "archive": "archive.0/_23271_archive_1.a",
            "objects": [
                [
                    "reYIK_d.o",
                    43000
                ],
                [
                    "x9Hvb_d.o",
                    25866
                ],
                [
                    "amcQwB.o",
                    116788
                ]
            ],
            "size": 185654
        }
    ],
    "stat": {
        "ru_self_end": {
            "ru_utime_sec": 0.080812999999999996,
            "ru_stime_sec": 0.039093999999999997,
            "ru_maxrss_kb": 121448,
            "ru_minflt": 13451,
            "ru_majflt": 0,
            "ru_nvcsw": 52,
            "ru_nivcsw": 105
        },
        "ru_childs_end": {
            "ru_utime_sec": 0.015730000000000001,
            "ru_stime_sec": 0.0049639999999999997,
            "ru_maxrss_kb": 111596,
            "ru_minflt": 2709,
            "ru_majflt": 0,
            "ru_nvcsw": 22,
            "ru_nivcsw": 25
        },
        "cpu_cycles_end": 1801205844974,
        "peak_mem_kb": 381268
    }
}