{
    "CompUnits": {
        "amcQw_d": {
            "out": "objs/amcQw_d.o",
            "mod": "...MASTER...",
            "bytes": 7824,
            "text": 434,
            "mode": 4,
            "checksum": 0
        },
        "g7hgQ_d": {
            "out": "g7hgQ_d.o",
            "mod": "tb",
            "bytes": 30920,
            "text": 14603,
            "mode": 4,
            "archive": "archive.0/_59902_archive_1.a",
            "checksum": 0
        },
        "reYIK_d": {
            "out": "reYIK_d.o",
            "mod": "std",
            "bytes": 43000,
            "text": 7325,
            "mode": 4,
            "cls": 7017,
            "archive": "archive.0/_59902_archive_1.a",
            "checksum": 0
        }
    },
    "Modules": {
        "tb": {
            "child_modules": {},
            "start_perf": [
                0.25916290283203125,
                0.071759000000000003,
                0.035879000000000001,
                305460,
                381672,
                1740823383.048806,
                11797386077594
            ],
            "nMops": 1336,
            "end_perf": [
                0.27355504035949707,
                0.077821000000000001,
                0.043234000000000002,
                307124,
                381672,
                11797422046526,
                17179869185,
                0
            ],
            "Compiled": "Yes",
            "nRouts": 75,
            "nQuads": 633,
            "Compiled Times": 1
        },
        "...MASTER...": {
            "child_modules": {
                "std": 1,
                "tb": 1
            },
            "start_perf": [
                0.24851202964782715,
                0.065024999999999999,
                0.032107999999999998,
                298588,
                381672,
                1740823383.0381551,
                11797359488125
            ],
            "nMops": 0,
            "end_perf": [
                0.25071883201599121,
                0.065024999999999999,
                0.034313000000000003,
                303124,
                381672,
                11797365042444,
                0,
                0
            ],
            "nRouts": 5,
            "nQuads": 0
        },
        "std": {
            "child_modules": {},
            "start_perf": [
                0.25080084800720215,
                0.065024999999999999,
                0.034380000000000001,
                303124,
                381672,
                1740823383.0404439,
                11797365203573
            ],
            "Compiled": "Yes",
            "nMops": 528,
            "end_perf": [
                0.25907206535339355,
                0.071694999999999995,
                0.035846999999999997,
                305460,
                381672,
                11797385978343,
                8589934594,
                0
            ],
            "nQuads": 218,
            "nRouts": 33,
            "Compiled Times": 1,
            "svclass": [
                "$vcs_nba_dyn_obj",
                576,
                35,
                2,
                2,
                0,
                "sigprop$$",
                576,
                35,
                2,
                2,
                0,
                "process",
                2380,
                200,
                8,
                8,
                0,
                "event",
                597,
                34,
                2,
                2,
                0,
                "mailbox",
                1769,
                140,
                9,
                9,
                0,
                "semaphore",
                1119,
                84,
                5,
                5,
                0
            ]
        }
    },
    "ObjArchives": [
        {
            "archive": "archive.0/_59902_archive_1.a",
            "objects": [
                [
                    "reYIK_d.o",
                    43000
                ],
                [
                    "g7hgQ_d.o",
                    30920
                ],
                [
                    "amcQwB.o",
                    116788
                ]
            ],
            "size": 190708
        }
    ],
    "reusePaths": {},
    "stat": {
        "ru_self_end": {
            "ru_nivcsw": 128,
            "ru_utime_sec": 0.082017000000000007,
            "ru_nvcsw": 12,
            "ru_minflt": 13328,
            "ru_stime_sec": 0.043754000000000001,
            "ru_maxrss_kb": 121064,
            "ru_majflt": 0
        },
        "ru_childs_end": {
            "ru_nivcsw": 18,
            "ru_utime_sec": 0.013457,
            "ru_nvcsw": 20,
            "ru_minflt": 2712,
            "ru_stime_sec": 0.01031,
            "ru_maxrss_kb": 111424,
            "ru_majflt": 0
        },
        "peak_mem_kb": 381672,
        "cpu_cycles_end": 11797435981724
    }
}