{
    "CompUnits": {
        "amcQw_d": {
            "mod": "...MASTER...",
            "out": "objs/amcQw_d.o",
            "bytes": 7832,
            "text": 434,
            "mode": 4,
            "checksum": 0
        },
        "reYIK_d": {
            "mod": "std",
            "out": "reYIK_d.o",
            "bytes": 43000,
            "text": 7325,
            "mode": 4,
            "cls": 7017,
            "checksum": 0,
            "archive": "archive.0/_48289_archive_1.a"
        },
        "iAVhC_d": {
            "mod": "testbench",
            "out": "iAVhC_d.o",
            "bytes": 63222,
            "text": 36578,
            "mode": 4,
            "checksum": 0,
            "archive": "archive.0/_48289_archive_1.a"
        }
    },
    "Modules": {
        "...MASTER...": {
            "end_perf": [
                0.20372986793518066,
                0.063787999999999997,
                0.034502999999999999,
                303204,
                383848,
                11860262063527,
                0,
                0
            ],
            "start_perf": [
                0.20164394378662109,
                0.063787999999999997,
                0.032419000000000003,
                298692,
                383848,
                1737445976.568573,
                11860256817482
            ],
            "child_modules": {
                "testbench": 1,
                "std": 1
            },
            "nQuads": 0,
            "nMops": 0,
            "nRouts": 5
        },
        "testbench": {
            "end_perf": [
                0.24712300300598145,
                0.10191799999999999,
                0.035226,
                309256,
                383848,
                11860370376589,
                17179869185,
                0
            ],
            "start_perf": [
                0.21280193328857422,
                0.070452000000000001,
                0.035226,
                305440,
                383848,
                1737445976.579731,
                11860284656137
            ],
            "significant_routs": [
                [
                    102,
                    "R_VCSgd_iAVhC_66",
                    3812713,
                    431,
                    57
                ]
            ],
            "child_modules": {},
            "Compiled": "Yes",
            "Compiled Times": 1,
            "nQuads": 1502,
            "nMops": 4453,
            "nRouts": 117
        },
        "std": {
            "end_perf": [
                0.21275591850280762,
                0.070419999999999996,
                0.035209999999999998,
                305440,
                383848,
                11860284587906,
                8589934594,
                0
            ],
            "start_perf": [
                0.20379304885864258,
                0.063787999999999997,
                0.034568000000000002,
                303204,
                383848,
                1737445976.5707221,
                11860262171802
            ],
            "significant_routs": [
                [
                    24,
                    "F_VCSgd_reYIK_24_0",
                    2415969,
                    984,
                    90
                ]
            ],
            "child_modules": {},
            "Compiled": "Yes",
            "Compiled Times": 1,
            "svclass": [
                "$vcs_nba_dyn_obj",
                576,
                35,
                2,
                2,
                0,
                "sigprop$$",
                576,
                35,
                2,
                2,
                0,
                "process",
                2380,
                200,
                8,
                8,
                0,
                "event",
                597,
                34,
                2,
                2,
                0,
                "mailbox",
                1769,
                140,
                9,
                9,
                0,
                "semaphore",
                1119,
                84,
                5,
                5,
                0
            ],
            "nQuads": 218,
            "nMops": 528,
            "nRouts": 33
        }
    },
    "stat": {
        "ru_self_end": {
            "ru_utime_sec": 0.104078,
            "ru_stime_sec": 0.037468000000000001,
            "ru_majflt": 0,
            "ru_maxrss_kb": 123472,
            "ru_minflt": 14072,
            "ru_nivcsw": 120,
            "ru_nvcsw": 33
        },
        "ru_childs_end": {
            "ru_utime_sec": 0.015166000000000001,
            "ru_stime_sec": 0.0040670000000000003,
            "ru_majflt": 0,
            "ru_maxrss_kb": 111576,
            "ru_minflt": 2713,
            "ru_nivcsw": 38,
            "ru_nvcsw": 20
        },
        "cpu_cycles_end": 11860381298129,
        "peak_mem_kb": 383848
    },
    "reusePaths": {},
    "ObjArchives": [
        {
            "objects": [
                [
                    "reYIK_d.o",
                    43000
                ],
                [
                    "iAVhC_d.o",
                    63222
                ],
                [
                    "amcQwB.o",
                    117234
                ]
            ],
            "archive": "archive.0/_48289_archive_1.a",
            "size": 223456
        }
    ]
}