{
    "cpu_cycles_pass2_start": 13312377502977,
    "cycles_program_begin": 13311868203788,
    "PEModules": [],
    "NameTable": {
        "std": [
            "std",
            "reYIK",
            "module",
            1
        ],
        "tb": [
            "tb",
            "g7hgQ",
            "module",
            2
        ],
        "...MASTER...": [
            "SIM",
            "amcQw",
            "module",
            3
        ]
    },
    "PrevCompiledModules": {},
    "perf": [
        {
            "stat": [
                "main",
                "entry",
                0.016566991806030273,
                0.031050999999999999,
                0.019407000000000001,
                203220,
                204476,
                0.0,
                0.0,
                1755718020.6847451,
                13311868445718
            ],
            "sub": [
                {
                    "stat": [
                        "doParsingAndDesignResolution",
                        "entry",
                        0.13006901741027832,
                        0.040812000000000001,
                        0.020406000000000001,
                        212908,
                        213708,
                        0.0,
                        0.0,
                        1755718020.7982471,
                        13312151696231
                    ],
                    "sub": []
                },
                {
                    "stat": [
                        "doParsingAndDesignResolution",
                        "exit",
                        0.1549839973449707,
                        0.048128999999999998,
                        0.030929999999999999,
                        314072,
                        385140,
                        0.0,
                        0.0,
                        1755718020.8231621,
                        13312213912870
                    ],
                    "sub": []
                },
                {
                    "stat": [
                        "doPostDesignResolutionToVir2Vcs",
                        "entry",
                        0.15752792358398438,
                        0.050514999999999997,
                        0.031085999999999999,
                        300056,
                        385140,
                        0.0,
                        0.0,
                        1755718020.825706,
                        13312220268681
                    ],
                    "sub": [
                        {
                            "stat": [
                                "doUptoVir2VcsNoSepCleanup",
                                "entry",
                                0.16246485710144043,
                                0.055273999999999997,
                                0.031244999999999998,
                                300248,
                                385140,
                                0.0,
                                0.0,
                                1755718020.8306429,
                                13312232570417
                            ],
                            "sub": []
                        },
                        {
                            "stat": [
                                "doUptoVir2VcsNoSepCleanup",
                                "exit",
                                0.18935489654541016,
                                0.071620000000000003,
                                0.035810000000000002,
                                314088,
                                385140,
                                0.0,
                                0.0019729999999999999,
                                1755718020.857533,
                                13312299703459
                            ],
                            "sub": []
                        },
                        {
                            "stat": [
                                "doRadify_vir2vcsAll",
                                "entry",
                                0.18941903114318848,
                                0.071664000000000005,
                                0.035832000000000003,
                                314088,
                                385140,
                                0.0,
                                0.0019729999999999999,
                                1755718020.8575971,
                                13312299790677
                            ],
                            "sub": []
                        },
                        {
                            "stat": [
                                "doRadify_vir2vcsAll",
                                "exit",
                                0.19264984130859375,
                                0.071664000000000005,
                                0.038915999999999999,
                                314088,
                                385140,
                                0.0,
                                0.0019729999999999999,
                                1755718020.8608279,
                                13312307909638
                            ],
                            "sub": []
                        }
                    ]
                },
                {
                    "stat": [
                        "doPostDesignResolutionToVir2Vcs",
                        "exit",
                        0.19268703460693359,
                        0.071664000000000005,
                        0.038954000000000003,
                        314088,
                        385140,
                        0.0,
                        0.0019729999999999999,
                        1755718020.8608651,
                        13312307942124
                    ],
                    "sub": []
                },
                {
                    "stat": [
                        "doGAToPass2",
                        "entry",
                        0.19269800186157227,
                        0.071664000000000005,
                        0.038965,
                        314088,
                        385140,
                        0.0,
                        0.0019729999999999999,
                        1755718020.8608761,
                        13312307965912
                    ],
                    "sub": [
                        {
                            "stat": [
                                "DoPass2",
                                "entry",
                                0.22052502632141113,
                                0.071825,
                                0.039903000000000001,
                                312532,
                                385140,
                                0.0053140000000000001,
                                0.014375000000000001,
                                1755718020.8887031,
                                13312377492148
                            ],
                            "sub": []
                        },
                        {
                            "stat": [
                                "DoPass2",
                                "exit",
                                0.28819680213928223,
                                0.12174699999999999,
                                0.042659999999999997,
                                314480,
                                385140,
                                0.0053140000000000001,
                                0.014375000000000001,
                                1755718020.9563749,
                                13312546387451
                            ],