{
    "Modules": {
        "...MASTER...": {
            "nRouts": 5,
            "child_modules": {
                "std": 1,
                "tb": 1
            },
            "start_perf": [
                0.21970200538635254,
                0.053203,
                0.041801999999999999,
                298648,
                383844,
                1772238065.6293831,
                8728039162828
            ],
            "nMops": 0,
            "end_perf": [
                0.22186493873596191,
                0.055329999999999997,
                0.041801999999999999,
                303144,
                383844,
                8728044609926,
                0,
                0
            ],
            "nQuads": 0
        },
        "std": {
            "nRouts": 33,
            "start_perf": [
                0.22196197509765625,
                0.055405000000000003,
                0.041801999999999999,
                303144,
                383844,
                1772238065.6316431,
                8728044803063
            ],
            "child_modules": {},
            "Compiled": "Yes",
            "svclass": [
                "$vcs_nba_dyn_obj",
                576,
                35,
                2,
                2,
                0,
                "sigprop$$",
                576,
                35,
                2,
                2,
                0,
                "process",
                2380,
                200,
                8,
                8,
                0,
                "event",
                597,
                34,
                2,
                2,
                0,
                "mailbox",
                1769,
                140,
                9,
                9,
                0,
                "semaphore",
                1119,
                84,
                5,
                5,
                0
            ],
            "Compiled Times": 1,
            "nMops": 528,
            "end_perf": [
                0.22755885124206543,
                0.060909999999999999,
                0.041875000000000002,
                305456,
                383844,
                8728058823840,
                8589934594,
                0
            ],
            "nQuads": 218
        },
        "tb": {
            "nRouts": 69,
            "child_modules": {},
            "start_perf": [
                0.22760891914367676,
                0.060940000000000001,
                0.041896000000000003,
                305456,
                383844,
                1772238065.63729,
                8728058894618
            ],
            "Compiled": "Yes",
            "Compiled Times": 1,
            "nMops": 1284,
            "end_perf": [
                0.24099993705749512,
                0.069208000000000006,
                0.046137999999999998,
                307120,
                383844,
                8728092383429,
                17179869185,
                0
            ],
            "nQuads": 593
        }
    },
    "CompUnits": {
        "amcQw_d": {
            "bytes": 7824,
            "mod": "...MASTER...",
            "out": "objs/amcQw_d.o",
            "text": 434,
            "checksum": 0,
            "mode": 4
        },
        "reYIK_d": {
            "bytes": 43000,
            "mod": "std",
            "out": "reYIK_d.o",
            "cls": 7017,
            "text": 7325,
            "checksum": 0,
            "mode": 4,
            "archive": "archive.0/_158900_archive_1.a"
        },
        "g7hgQ_d": {
            "bytes": 29896,
            "mod": "tb",
            "out": "g7hgQ_d.o",
            "text": 13995,
            "checksum": 0,
            "mode": 4,
            "archive": "archive.0/_158900_archive_1.a"
        }
    },
    "reusePaths": {},
    "stat": {
        "cpu_cycles_end": 8728104204510,
        "ru_self_end": {
            "ru_utime_sec": 0.071225999999999998,
            "ru_stime_sec": 0.048732999999999999,
            "ru_nvcsw": 31,
            "ru_minflt": 13289,
            "ru_maxrss_kb": 120864,
            "ru_majflt": 0,
            "ru_nivcsw": 88
        },
        "ru_childs_end": {
            "ru_utime_sec": 0.022093999999999999,
            "ru_stime_sec": 0.010408000000000001,
            "ru_nvcsw": 17,
            "ru_minflt": 4113,
            "ru_maxrss_kb": 111296,
            "ru_majflt": 0,
            "ru_nivcsw": 24
        },
        "peak_mem_kb": 383844
    },
    "ObjArchives": [
        {
            "archive": "archive.0/_158900_archive_1.a",
            "objects": [
                [
                    "reYIK_d.o",
                    43000
                ],
                [
                    "g7hgQ_d.o",
                    29896
                ],
                [
                    "amcQwB.o",
                    116812
                ]
            ],
            "size": 189708
        }
    ]
}