{
    "Modules": {
        "...MASTER...": {
            "nMops": 0,
            "start_perf": [
                0.19425487518310547,
                0.068625000000000005,
                0.022064,
                298680,
                383844,
                1772235952.7195759,
                3454173825441
            ],
            "child_modules": {
                "std": 1,
                "testbench": 1
            },
            "nQuads": 0,
            "end_perf": [
                0.19646000862121582,
                0.068661,
                0.024233000000000001,
                303172,
                383844,
                3454179363443,
                0,
                0
            ],
            "nRouts": 5
        },
        "std": {
            "start_perf": [
                0.1965329647064209,
                0.068705000000000002,
                0.024249,
                303172,
                383844,
                1772235952.721854,
                3454179511460
            ],
            "nMops": 528,
            "child_modules": {},
            "Compiled Times": 1,
            "end_perf": [
                0.20409297943115234,
                0.075698000000000001,
                0.024249,
                305432,
                383844,
                3454198444239,
                8589934594,
                0
            ],
            "nQuads": 218,
            "Compiled": "Yes",
            "svclass": [
                "$vcs_nba_dyn_obj",
                576,
                35,
                2,
                2,
                0,
                "sigprop$$",
                576,
                35,
                2,
                2,
                0,
                "process",
                2380,
                200,
                8,
                8,
                0,
                "event",
                597,
                34,
                2,
                2,
                0,
                "mailbox",
                1769,
                140,
                9,
                9,
                0,
                "semaphore",
                1119,
                84,
                5,
                5,
                0
            ],
            "nRouts": 33
        },
        "testbench": {
            "nMops": 3464,
            "start_perf": [
                0.20414996147155762,
                0.075756000000000004,
                0.024249,
                305432,
                383844,
                1772235952.729471,
                3454198519458
            ],
            "Compiled Times": 1,
            "child_modules": {},
            "nQuads": 867,
            "end_perf": [
                0.22818994522094727,
                0.099330000000000002,
                0.024249,
                308840,
                383844,
                3454258581124,
                17179869185,
                0
            ],
            "Compiled": "Yes",
            "nRouts": 97
        }
    },
    "reusePaths": {},
    "CompUnits": {
        "reYIK_d": {
            "mod": "std",
            "out": "reYIK_d.o",
            "text": 7325,
            "bytes": 43000,
            "cls": 7017,
            "mode": 4,
            "checksum": 0,
            "archive": "archive.0/_27325_archive_1.a"
        },
        "amcQw_d": {
            "mod": "...MASTER...",
            "out": "objs/amcQw_d.o",
            "text": 434,
            "bytes": 7832,
            "mode": 4,
            "checksum": 0
        },
        "iAVhC_d": {
            "mod": "testbench",
            "out": "iAVhC_d.o",
            "text": 28576,
            "bytes": 52358,
            "mode": 4,
            "checksum": 0,
            "archive": "archive.0/_27325_archive_1.a"
        }
    },
    "ObjArchives": [
        {
            "archive": "archive.0/_27325_archive_1.a",
            "objects": [
                [
                    "reYIK_d.o",
                    43000
                ],
                [
                    "iAVhC_d.o",
                    52358
                ],
                [
                    "amcQwB.o",
                    117168
                ]
            ],
            "size": 212526
        }
    ],
    "stat": {
        "ru_self_end": {
            "ru_majflt": 0,
            "ru_stime_sec": 0.024249,
            "ru_utime_sec": 0.10288799999999999,
            "ru_maxrss_kb": 123324,
            "ru_minflt": 13827,
            "ru_nvcsw": 37,
            "ru_nivcsw": 80
        },
        "ru_childs_end": {
            "ru_majflt": 0,
            "ru_stime_sec": 0.0060270000000000002,
            "ru_utime_sec": 0.022679000000000001,
            "ru_maxrss_kb": 111828,
            "ru_minflt": 4113,
            "ru_nvcsw": 21,
            "ru_nivcsw": 39
        },
        "cpu_cycles_end": 3454267389727,
        "peak_mem_kb": 383844
    }
}