{
    "ObjArchives": [
        {
            "archive": "archive.0/_105607_archive_1.a",
            "objects": [
                [
                    "reYIK_d.o",
                    43000
                ],
                [
                    "g7hgQ_d.o",
                    70322
                ],
                [
                    "amcQwB.o",
                    119666
                ]
            ],
            "size": 232988
        }
    ],
    "reusePaths": {},
    "Modules": {
        "std": {
            "start_perf": [
                0.21359896659851074,
                0.068642999999999996,
                0.036160999999999999,
                311712,
                381988,
                1754305403.499481,
                84146530468805
            ],
            "end_perf": [
                0.22148990631103516,
                0.074729000000000004,
                0.037364000000000001,
                312680,
                381988,
                84146550207493,
                8589934594,
                0
            ],
            "child_modules": {},
            "Compiled": "Yes",
            "svclass": [
                "$vcs_nba_dyn_obj",
                576,
                35,
                2,
                2,
                0,
                "sigprop$$",
                576,
                35,
                2,
                2,
                0,
                "process",
                2380,
                200,
                8,
                8,
                0,
                "event",
                597,
                34,
                2,
                2,
                0,
                "mailbox",
                1769,
                140,
                9,
                9,
                0,
                "semaphore",
                1119,
                84,
                5,
                5,
                0
            ],
            "nMops": 528,
            "Compiled Times": 1,
            "nQuads": 218,
            "nRouts": 33
        },
        "...MASTER...": {
            "end_perf": [
                0.21353793144226074,
                0.068642999999999996,
                0.036108000000000001,
                311712,
                381988,
                84146530334480,
                0,
                0
            ],
            "start_perf": [
                0.21147799491882324,
                0.068642999999999996,
                0.034049000000000003,
                310732,
                381988,
                1754305403.49736,
                84146525176915
            ],
            "child_modules": {
                "std": 1,
                "tb": 1
            },
            "nQuads": 0,
            "nMops": 0,
            "nRouts": 5
        },
        "tb": {
            "start_perf": [
                0.22153711318969727,
                0.074759999999999993,
                0.037379999999999997,
                312680,
                381988,
                1754305403.5074191,
                84146550279290
            ],
            "end_perf": [
                0.26386594772338867,
                0.108474,
                0.037379999999999997,
                312680,
                381988,
                84146655984260,
                21474836481,
                0
            ],
            "child_modules": {},
            "Compiled": "Yes",
            "nMops": 3923,
            "Compiled Times": 1,
            "nQuads": 1427,
            "significant_routs": [
                [
                    2,
                    "R_VCSgd_g7hgQ_2",
                    3007938,
                    1875,
                    247
                ],
                [
                    99,
                    "R_VCSgd_g7hgQ_63",
                    3170129,
                    3104,
                    410
                ],
                [
                    119,
                    "R_VCSgd_g7hgQ_77",
                    5807740,
                    107,
                    19
                ]
            ],
            "nRouts": 150
        }
    },
    "CompUnits": {
        "g7hgQ_d": {
            "checksum": 0,
            "text": 33886,
            "mod": "tb",
            "out": "g7hgQ_d.o",
            "bytes": 70322,
            "archive": "archive.0/_105607_archive_1.a",
            "mode": 4
        },
        "reYIK_d": {
            "checksum": 0,
            "text": 7325,
            "mod": "std",
            "out": "reYIK_d.o",
            "bytes": 43000,
            "cls": 7017,
            "archive": "archive.0/_105607_archive_1.a",
            "mode": 4
        },
        "amcQw_d": {
            "checksum": 0,
            "text": 434,
            "mod": "...MASTER...",
            "out": "objs/amcQw_d.o",
            "bytes": 7824,
            "mode": 4
        }
    },
    "stat": {
        "ru_self_end": {
            "ru_maxrss_kb": 128256,
            "ru_utime_sec": 0.108503,
            "ru_stime_sec": 0.042625999999999997,
            "ru_nvcsw": 26,
            "ru_minflt": 14303,
            "ru_majflt": 0,
            "ru_nivcsw": 186
        },
        "cpu_cycles_end": 84146700930793,
        "ru_childs_end": {
            "ru_maxrss_kb": 115892,
            "ru_utime_sec": 0.015911999999999999,
            "ru_stime_sec": 0.0047549999999999997,
            "ru_nvcsw": 19,
            "ru_minflt": 2708,
            "ru_majflt": 0,
            "ru_nivcsw": 20
        },
        "peak_mem_kb": 381988
    }
}