{
    "rlimit": {
        "data": -1,
        "stack": -1
    },
    "cycles_program_begin": 19540073020931,
    "stat": {
        "ru_self_cgstart": {
            "ru_utime_sec": 0.069653000000000007,
            "ru_nivcsw": 104,
            "ru_stime_sec": 0.030956999999999998,
            "ru_minflt": 11974,
            "ru_maxrss_kb": 112524,
            "ru_majflt": 0,
            "ru_nvcsw": 24
        },
        "nQuads": 1918,
        "Frontend(%)": 64.879646334129745,
        "ru_childs_cgstart": {
            "ru_utime_sec": 0.010184,
            "ru_nivcsw": 19,
            "ru_stime_sec": 0.0095809999999999992,
            "ru_minflt": 2707,
            "ru_maxrss_kb": 112524,
            "ru_majflt": 0,
            "ru_nvcsw": 20
        },
        "cpu_cycles_cgstart": 19540602627208,
        "cpu_cycles_total": 672455393,
        "realTime": 0.28532099723815918,
        "nMops": 4329,
        "ru_childs_end": {
            "ru_utime_sec": 0.010184,
            "ru_nivcsw": 19,
            "ru_stime_sec": 0.0095809999999999992,
            "ru_minflt": 2707,
            "ru_maxrss_kb": 112524,
            "ru_majflt": 0,
            "ru_nvcsw": 20
        },
        "totalObjSize": 246382,
        "ru_self_end": {
            "ru_utime_sec": 0.11287,
            "ru_nivcsw": 129,
            "ru_stime_sec": 0.036637000000000003,
            "ru_minflt": 14244,
            "ru_maxrss_kb": 124292,
            "ru_majflt": 0,
            "ru_nvcsw": 24
        },
        "cpu_cycles_end": 19540745476324,
        "mop/quad": 2.2570385818561003,
        "mopSpeed": 100168.9150102969,
        "quadSpeed": 44380.683527315647,
        "peak_mem_kb": 381072,
        "outputSizePerQuad": 128.45776850886341,
        "CodeGen(%)": 35.120353665870262
    },
    "NameTable": {
        "std": [
            "std",
            "reYIK",
            "module",
            1
        ],
        "tb": [
            "tb",
            "g7hgQ",
            "module",
            2
        ],
        "...MASTER...": [
            "SIM",
            "amcQw",
            "module",
            3
        ]
    },
    "CurCompileModules": [
        "...MASTER...",
        "...MASTER...",
        "std",
        "std",
        "tb",
        "tb"
    ],
    "CompileStrategy": "fullobj",
    "perf": [
        {
            "stat": [
                "main",
                "entry",
                0.015931844711303711,
                0.030432000000000001,
                0.015216,
                203220,
                204476,
                0.0,
                0.0,
                1751861637.0323069,
                19540073233599
            ],
            "sub": [
                {
                    "stat": [
                        "doParsingAndDesignResolution",
                        "entry",
                        0.13289499282836914,
                        0.039857999999999998,
                        0.015942999999999999,
                        212908,
                        213708,
                        0.0,
                        0.0,
                        1751861637.1492701,
                        19540365131865
                    ],
                    "sub": []
                },
                {
                    "stat": [
                        "doParsingAndDesignResolution",
                        "exit",
                        0.14782500267028809,
                        0.044787,
                        0.024042999999999998,
                        316452,
                        381072,
                        0.0,
                        0.0,
                        1751861637.1642001,
                        19540402416141
                    ],
                    "sub": []
                },
                {
                    "stat": [
                        "doPostDesignResolutionToVir2Vcs",
                        "entry",
                        0.15416193008422852,
                        0.050020000000000002,
                        0.025010000000000001,
                        298100,
                        381072,
                        0.0,
                        0.0,
                        1751861637.170537,
                        19540418245134
                    ],
                    "sub": [
                        {
                            "stat": [
                                "doUptoVir2VcsNoSepCleanup",
                                "entry",
                                0.16004586219787598,
                                0.050020000000000002,
                                0.029058,
                                298612,
                                381072,
                                0.0,
                                0.0,
                                1751861637.1764209,
                                19540432918088
                            ],
                            "sub": []
                        },
                        {
                            "stat": [
                                "doUptoVir2VcsNoSepCleanup",
                                "exit",
                                0.19235086441040039,
                                0.067068000000000003,
                                0.029058,
                                298740,
                                381072,
                                0.0,
                                0.0021189999999999998,
                                1751861637.2087259,
                                19540513539087
                            ],
                            "sub": []
                        },
                        {
                            "stat": [
                                "doRadify_vir2vcsAll",
                                "entry",
                                0.19240283966064453,
                                0.067121,
                                0.029058,
                                298740,
                                381072,
                                0.0,
                                0.0021189999999999998,
                                1751861637.2087779,
                                19540513613216
                            ],
                            "sub": []
                        },
                        {
                            "stat": [
                                "doRadify_vir2vcsAll",
                                "exit",
                                0.19939684867858887,
                                0.068845000000000003,
                                0.030598,
                                300556,
                                381072,
                                0.0,
                                0.0021189999999999998,
                                1751861637.2157719,
                                19540531141674
                            ],
                            "sub": []
                        }
                    ]
                },
                {
                    "stat": [
                        "doPostDesignResolutionToVir2Vcs",
                        "exit",
                        0.19944095611572266,
                        0.068876999999999994,
                        0.030612,
                        300556,
                        381072,
                        0.0,
                        0.0021189999999999998,
                        1751861637.215816,
                        19540531180307
                    ],