{
    "ObjArchives": [
        {
            "archive": "archive.0/_128173_archive_1.a",
            "objects": [
                [
                    "reYIK_d.o",
                    43000
                ],
                [
                    "iAVhC_d.o",
                    80680
                ],
                [
                    "amcQwB.o",
                    116956
                ]
            ],
            "size": 240636
        }
    ],
    "Modules": {
        "testbench": {
            "start_perf": [
                0.21098113059997559,
                0.066361000000000003,
                0.045622999999999997,
                305612,
                381552,
                1755715858.9971061,
                7916281586095
            ],
            "end_perf": [
                0.25498700141906738,
                0.10025000000000001,
                0.050125000000000003,
                310028,
                381552,
                7916391470258,
                17179869185,
                0
            ],
            "nRouts": 170,
            "child_modules": {},
            "Compiled": "Yes",
            "nQuads": 1958,
            "Compiled Times": 1,
            "significant_routs": [
                [
                    61,
                    "R_VCSgd_iAVhC_3d",
                    2748846,
                    789,
                    51
                ],
                [
                    63,
                    "R_VCSgd_iAVhC_3f",
                    9533332,
                    714,
                    46
                ]
            ],
            "nMops": 5557
        },
        "...MASTER...": {
            "start_perf": [
                0.20107603073120117,
                0.061310000000000003,
                0.040873,
                298940,
                381552,
                1755715858.987201,
                7916256859390
            ],
            "nRouts": 5,
            "end_perf": [
                0.20318508148193359,
                0.062575000000000006,
                0.041716999999999997,
                303408,
                381552,
                7916262158418,
                0,
                0
            ],
            "child_modules": {
                "std": 1,
                "testbench": 1
            },
            "nQuads": 0,
            "nMops": 0
        },
        "std": {
            "start_perf": [
                0.2032620906829834,
                0.062614000000000003,
                0.041743000000000002,
                303408,
                381552,
                1755715858.989387,
                7916262314385
            ],
            "end_perf": [
                0.21084809303283691,
                0.066280000000000006,
                0.045567999999999997,
                305612,
                381552,
                7916281433875,
                8589934594,
                0
            ],
            "nRouts": 33,
            "child_modules": {},
            "Compiled": "Yes",
            "nQuads": 218,
            "Compiled Times": 1,
            "svclass": [
                "$vcs_nba_dyn_obj",
                576,
                35,
                2,
                2,
                0,
                "sigprop$$",
                576,
                35,
                2,
                2,
                0,
                "process",
                2380,
                200,
                8,
                8,
                0,
                "event",
                597,
                34,
                2,
                2,
                0,
                "mailbox",
                1769,
                140,
                9,
                9,
                0,
                "semaphore",
                1119,
                84,
                5,
                5,
                0
            ],
            "nMops": 528
        }
    },
    "stat": {
        "ru_self_end": {
            "ru_utime_sec": 0.104908,
            "ru_stime_sec": 0.050125000000000003,
            "ru_nivcsw": 105,
            "ru_minflt": 14234,
            "ru_maxrss_kb": 124244,
            "ru_majflt": 0,
            "ru_nvcsw": 35
        },
        "ru_childs_end": {
            "ru_utime_sec": 0.01384,
            "ru_stime_sec": 0.0074799999999999997,
            "ru_nivcsw": 29,
            "ru_minflt": 2711,
            "ru_maxrss_kb": 111992,
            "ru_majflt": 0,
            "ru_nvcsw": 22
        },
        "peak_mem_kb": 381552,
        "cpu_cycles_end": 7916405996223
    },
    "CompUnits": {
        "amcQw_d": {
            "mode": 4,
            "text": 434,
            "mod": "...MASTER...",
            "out": "objs/amcQw_d.o",
            "bytes": 7832,
            "checksum": 0
        },
        "reYIK_d": {
            "archive": "archive.0/_128173_archive_1.a",
            "mode": 4,
            "text": 7325,
            "mod": "std",
            "out": "reYIK_d.o",
            "bytes": 43000,
            "cls": 7017,
            "checksum": 0
        },
        "iAVhC_d": {
            "archive": "archive.0/_128173_archive_1.a",
            "mode": 4,
            "text": 49348,
            "mod": "testbench",
            "out": "iAVhC_d.o",
            "bytes": 80680,
            "checksum": 0
        }
    },
    "reusePaths": {}
}