{
    "CompUnits": {
        "reYIK_d": {
            "cls": 7017,
            "text": 7325,
            "mod": "std",
            "out": "reYIK_d.o",
            "bytes": 43000,
            "archive": "archive.0/_43838_archive_1.a",
            "checksum": 0,
            "mode": 4
        },
        "amcQw_d": {
            "text": 434,
            "mod": "...MASTER...",
            "out": "objs/amcQw_d.o",
            "bytes": 7832,
            "checksum": 0,
            "mode": 4
        },
        "iAVhC_d": {
            "text": 30394,
            "mod": "testbench",
            "out": "iAVhC_d.o",
            "bytes": 57456,
            "archive": "archive.0/_43838_archive_1.a",
            "checksum": 0,
            "mode": 4
        }
    },
    "Modules": {
        "...MASTER...": {
            "start_perf": [
                0.30417013168334961,
                0.067405000000000007,
                0.037422999999999998,
                298796,
                381540,
                1740556092.3074191,
                5530687794020
            ],
            "child_modules": {
                "std": 1,
                "testbench": 1
            },
            "end_perf": [
                0.31408214569091797,
                0.067954000000000001,
                0.039341000000000001,
                303348,
                381540,
                5530712545754,
                0,
                0
            ],
            "nQuads": 0,
            "nMops": 0,
            "nRouts": 5
        },
        "std": {
            "start_perf": [
                0.31413412094116211,
                0.067987000000000006,
                0.039359999999999999,
                303348,
                381540,
                1740556092.3173831,
                5530712658255
            ],
            "child_modules": {},
            "Compiled Times": 1,
            "Compiled": "Yes",
            "significant_routs": [
                [
                    24,
                    "F_VCSgd_reYIK_24_0",
                    3637469,
                    984,
                    90
                ]
            ],
            "end_perf": [
                0.32400608062744141,
                0.075281000000000001,
                0.039433000000000003,
                305600,
                381540,
                5530737352929,
                8589934594,
                0
            ],
            "nMops": 528,
            "svclass": [
                "$vcs_nba_dyn_obj",
                576,
                35,
                2,
                2,
                0,
                "sigprop$$",
                576,
                35,
                2,
                2,
                0,
                "process",
                2380,
                200,
                8,
                8,
                0,
                "event",
                597,
                34,
                2,
                2,
                0,
                "mailbox",
                1769,
                140,
                9,
                9,
                0,
                "semaphore",
                1119,
                84,
                5,
                5,
                0
            ],
            "nQuads": 218,
            "nRouts": 33
        },
        "testbench": {
            "start_perf": [
                0.32405495643615723,
                0.075314000000000006,
                0.039449999999999999,
                305600,
                381540,
                1740556092.3273039,
                5530737427989
            ],
            "child_modules": {},
            "Compiled Times": 1,
            "Compiled": "Yes",
            "significant_routs": [
                [
                    1,
                    "R_VCSgd_iAVhC_1",
                    7556634,
                    466,
                    46
                ],
                [
                    141,
                    "R_VCSgd_iAVhC_8d",
                    4042234,
                    37,
                    2
                ]
            ],
            "end_perf": [
                0.36269807815551758,
                0.10245799999999999,
                0.041742000000000001,
                309052,
                381540,
                5530833954665,
                17179869185,
                0
            ],
            "nQuads": 1326,
            "nMops": 2842,
            "nRouts": 150
        }
    },
    "reusePaths": {},
    "ObjArchives": [
        {
            "archive": "archive.0/_43838_archive_1.a",
            "objects": [
                [
                    "reYIK_d.o",
                    43000
                ],
                [
                    "iAVhC_d.o",
                    57456
                ],
                [
                    "amcQwB.o",
                    117698
                ]
            ],
            "size": 218154
        }
    ],
    "stat": {
        "ru_self_end": {
            "ru_nivcsw": 100,
            "ru_utime_sec": 0.106582,
            "ru_majflt": 303,
            "ru_stime_sec": 0.042112999999999998,
            "ru_maxrss_kb": 121960,
            "ru_minflt": 14014,
            "ru_nvcsw": 312
        },
        "ru_childs_end": {
            "ru_nivcsw": 23,
            "ru_utime_sec": 0.013450999999999999,
            "ru_majflt": 141,
            "ru_stime_sec": 0.010867,
            "ru_maxrss_kb": 109804,
            "ru_minflt": 2674,
            "ru_nvcsw": 157
        },
        "cpu_cycles_end": 5530846175242,
        "peak_mem_kb": 381540
    }
}