{
    "cycles_program_begin": 32795445714974,
    "cpu_cycles_pass2_start": 32795889493543,
    "CurCompileModules": [
        "...MASTER...",
        "...MASTER...",
        "std",
        "std",
        "testbench",
        "testbench"
    ],
    "perf": [
        {
            "stat": [
                "main",
                "entry",
                0.016690969467163086,
                0.034839000000000002,
                0.013063999999999999,
                203220,
                204476,
                0.0,
                0.0,
                1740567015.680578,
                32795445907064
            ],
            "sub": [
                {
                    "stat": [
                        "doParsingAndDesignResolution",
                        "entry",
                        0.13179898262023926,
                        0.041604000000000002,
                        0.018169000000000001,
                        212908,
                        213708,
                        0.0,
                        0.0,
                        1740567015.795686,
                        32795733195211
                    ],
                    "sub": []
                },
                {
                    "stat": [
                        "doParsingAndDesignResolution",
                        "exit",
                        0.14404797554016113,
                        0.045934999999999997,
                        0.025656000000000002,
                        316284,
                        381704,
                        0.0,
                        0.0,
                        1740567015.807935,
                        32795763773106
                    ],
                    "sub": []
                },
                {
                    "stat": [
                        "doPostDesignResolutionToVir2Vcs",
                        "entry",
                        0.14926385879516602,
                        0.048001000000000002,
                        0.028760999999999998,
                        298164,
                        381704,
                        0.0,
                        0.0,
                        1740567015.8131509,
                        32795776793445
                    ],
                    "sub": [
                        {
                            "stat": [
                                "doUptoVir2VcsNoSepCleanup",
                                "entry",
                                0.15261697769165039,
                                0.050423000000000003,
                                0.029413000000000002,
                                298420,
                                381704,
                                0.0,
                                0.0,
                                1740567015.816504,
                                32795785158171
                            ],
                            "sub": []
                        },
                        {
                            "stat": [
                                "doUptoVir2VcsNoSepCleanup",
                                "exit",
                                0.17062187194824219,
                                0.063292000000000001,
                                0.029536,
                                298676,
                                381704,
                                0.0018979999999999999,
                                0.0,
                                1740567015.8345089,
                                32795830097841
                            ],
                            "sub": []
                        },
                        {
                            "stat": [
                                "doRadify_vir2vcsAll",
                                "entry",
                                0.17067193984985352,
                                0.063327999999999995,
                                0.029552999999999999,
                                298676,
                                381704,
                                0.0018979999999999999,
                                0.0,
                                1740567015.834559,
                                32795830178991
                            ],
                            "sub": []
                        },
                        {
                            "stat": [
                                "doRadify_vir2vcsAll",
                                "exit",
                                0.17370796203613281,
                                0.063327999999999995,
                                0.032480000000000002,
                                300452,
                                381704,
                                0.0018979999999999999,
                                0.0,
                                1740567015.837595,
                                32795837808953
                            ],
                            "sub": []
                        }
                    ]
                },
                {
                    "stat": [
                        "doPostDesignResolutionToVir2Vcs",
                        "exit",
                        0.17374491691589355,
                        0.063327999999999995,
                        0.032517999999999998,
                        300452,
                        381704,
                        0.0018979999999999999,
                        0.0,
                        1740567015.8376319,
                        32795837842664
                    ],
                    "sub": []
                },
                {
                    "stat": [
                        "doGAToPass2",
                        "entry",
                        0.17375707626342773,
                        0.063327999999999995,
                        0.032530000000000003,
                        300452,
                        381704,
                        0.0018979999999999999,
                        0.0,
                        1740567015.8376441,
                        32795837868676
                    ],
                    "sub": [
                        {
                            "stat": [
                                "DoPass2",
                                "entry",
                                0.19441103935241699,
                                0.063327999999999995,
                                0.033527000000000001,
                                298896,
                                381704,
                                0.018825999999999999,
                                0.0017260000000000001,
                                1740567015.8582981,
                                32795889482950
                            ],
                            "sub": []
                        },
                        {
                            "stat": [
                                "DoPass2",
                                "exit",
                                0.23140907287597656,
                                0.091500999999999999,
                                0.041591000000000003,
                                310604,
                                381704,
                                0.018825999999999999,
                                0.0017260000000000001,
                                1740567015.8952961,
                                32795981814363
                            ],