{
    "cpu_cycles_pass2_start": 3271304309220,
    "cycles_program_begin": 3270787613816,
    "CompileStrategy": "fullobj",
    "PEModules": [],
    "LVLData": [
        "SIM"
    ],
    "MlibObjs": {},
    "perf": [
        {
            "stat": [
                "main",
                "entry",
                0.016778945922851562,
                0.036443999999999997,
                0.012148000000000001,
                203224,
                204480,
                0.0,
                0.0,
                1772525409.9962299,
                3270787866971
            ],
            "sub": [
                {
                    "stat": [
                        "doParsingAndDesignResolution",
                        "entry",
                        0.13160610198974609,
                        0.043693999999999997,
                        0.015887999999999999,
                        212912,
                        213712,
                        0.0,
                        0.0,
                        1772525410.111057,
                        3271074388366
                    ],
                    "sub": []
                },
                {
                    "stat": [
                        "doParsingAndDesignResolution",
                        "exit",
                        0.14994597434997559,
                        0.054352999999999999,
                        0.023293999999999999,
                        312300,
                        381524,
                        0.0,
                        0.0,
                        1772525410.1293969,
                        3271120168563
                    ],
                    "sub": []
                },
                {
                    "stat": [
                        "doPostDesignResolutionToVir2Vcs",
                        "entry",
                        0.15246295928955078,
                        0.055982999999999998,
                        0.023991999999999999,
                        298192,
                        381524,
                        0.0,
                        0.0,
                        1772525410.1319139,
                        3271126438534
                    ],
                    "sub": [
                        {
                            "stat": [
                                "doUptoVir2VcsNoSepCleanup",
                                "entry",
                                0.15660905838012695,
                                0.059999999999999998,
                                0.024,
                                298384,
                                381524,
                                0.0,
                                0.0,
                                1772525410.13606,
                                3271136792014
                            ],
                            "sub": []
                        },
                        {
                            "stat": [
                                "doUptoVir2VcsNoSepCleanup",
                                "exit",
                                0.18250417709350586,
                                0.073330999999999993,
                                0.028517000000000001,
                                312236,
                                381524,
                                0.0,
                                0.001908,
                                1772525410.1619551,
                                3271201412879
                            ],
                            "sub": []
                        },
                        {
                            "stat": [
                                "doRadify_vir2vcsAll",
                                "entry",
                                0.18256115913391113,
                                0.073372999999999994,
                                0.028534,
                                312236,
                                381524,
                                0.0,
                                0.001908,
                                1772525410.1620121,
                                3271201495068
                            ],
                            "sub": []
                        },
                        {
                            "stat": [
                                "doRadify_vir2vcsAll",
                                "exit",
                                0.1860201358795166,
                                0.076626,
                                0.028534,
                                312236,
                                381524,
                                0.0,
                                0.001908,
                                1772525410.1654711,
                                3271210200605
                            ],
                            "sub": []
                        }
                    ]
                },
                {
                    "stat": [
                        "doPostDesignResolutionToVir2Vcs",
                        "exit",
                        0.18606305122375488,
                        0.076670000000000002,
                        0.028534,
                        312236,
                        381524,
                        0.0,
                        0.001908,
                        1772525410.165514,
                        3271210242022
                    ],
                    "sub": []
                },
                {
                    "stat": [
                        "doGAToPass2",
                        "entry",
                        0.18607807159423828,
                        0.076685000000000003,
                        0.028534,
                        312236,
                        381524,
                        0.0,
                        0.001908,
                        1772525410.165529,
                        3271210271197
                    ],
                    "sub": [
                        {
                            "stat": [
                                "DoPass2",
                                "entry",
                                0.22372913360595703,
                                0.077660000000000007,
                                0.028611000000000001,
                                310680,
                                381524,
                                0.020545000000000001,
                                0.012014,
                                1772525410.2031801,
                                3271304298290
                            ],
                            "sub": []
                        },
                        {
                            "stat": [
                                "DoPass2",
                                "exit",
                                0.29056096076965332,
                                0.116815,
                                0.036252,
                                312624,
                                381524,
                                0.020545000000000001,
                                0.012014,
                                1772525410.2700119,
                                3271471067886
                            ],
                            "sub": []
                        }
                    ]
                },
                {
                    "stat": [
                        "doGAToPass2",
                        "exit",
                        0.29349994659423828,
                        0.11974700000000001,
                        0.036252,
                        312624,
                        381524,
                        0.020545000000000001,
                        0.012014,
                        1772525410.2729509,
                        3271478398856
                    ],