{
    "cpu_cycles_pass2_start": 18233208742654,
    "cycles_program_begin": 18232703936097,
    "NameTable": {
        "std": [
            "std",
            "reYIK",
            "module",
            1
        ],
        "tb": [
            "tb",
            "g7hgQ",
            "module",
            2
        ],
        "...MASTER...": [
            "SIM",
            "amcQw",
            "module",
            3
        ]
    },
    "PEModules": [],
    "CompileStrategy": "fullobj",
    "PrevCompiledModules": {},
    "perf": [
        {
            "stat": [
                "main",
                "entry",
                0.017132043838500977,
                0.034858,
                0.015492000000000001,
                203220,
                204476,
                0.0,
                0.0,
                1740887907.041647,
                18232704152179
            ],
            "sub": [
                {
                    "stat": [
                        "doParsingAndDesignResolution",
                        "entry",
                        0.13068699836730957,
                        0.041910000000000003,
                        0.019050000000000001,
                        212908,
                        213708,
                        0.0,
                        0.0,
                        1740887907.1552019,
                        18232987566778
                    ],
                    "sub": []
                },
                {
                    "stat": [
                        "doParsingAndDesignResolution",
                        "exit",
                        0.14293909072875977,
                        0.053162000000000001,
                        0.020447,
                        316520,
                        384192,
                        0.0,
                        0.0,
                        1740887907.167454,
                        18233018167053
                    ],
                    "sub": []
                },
                {
                    "stat": [
                        "doPostDesignResolutionToVir2Vcs",
                        "entry",
                        0.1532130241394043,
                        0.056676999999999998,
                        0.024305,
                        298236,
                        384192,
                        0.0,
                        0.0,
                        1740887907.1777279,
                        18233043800071
                    ],
                    "sub": [
                        {
                            "stat": [
                                "doUptoVir2VcsNoSepCleanup",
                                "entry",
                                0.15983700752258301,
                                0.059775000000000002,
                                0.025617000000000001,
                                298492,
                                384192,
                                0.0,
                                0.0,
                                1740887907.1843519,
                                18233060320754
                            ],
                            "sub": []
                        },
                        {
                            "stat": [
                                "doUptoVir2VcsNoSepCleanup",
                                "exit",
                                0.19443011283874512,
                                0.069232000000000002,
                                0.036651999999999997,
                                312300,
                                384192,
                                0.0020470000000000002,
                                0.0,
                                1740887907.218945,
                                18233146662346
                            ],
                            "sub": []
                        },
                        {
                            "stat": [
                                "doRadify_vir2vcsAll",
                                "entry",
                                0.19448208808898926,
                                0.069266999999999995,
                                0.036671000000000002,
                                312300,
                                384192,
                                0.0020470000000000002,
                                0.0,
                                1740887907.218997,
                                18233146741421
                            ],
                            "sub": []
                        },
                        {
                            "stat": [
                                "doRadify_vir2vcsAll",
                                "exit",
                                0.19759416580200195,
                                0.072361999999999996,
                                0.036671000000000002,
                                312300,
                                384192,
                                0.0020470000000000002,
                                0.0,
                                1740887907.2221091,
                                18233154573051
                            ],
                            "sub": []
                        }
                    ]
                },
                {
                    "stat": [
                        "doPostDesignResolutionToVir2Vcs",
                        "exit",
                        0.19763708114624023,
                        0.072405999999999998,
                        0.036671000000000002,
                        312300,
                        384192,
                        0.0020470000000000002,
                        0.0,
                        1740887907.222152,
                        18233154611623
                    ],
                    "sub": []
                },
                {
                    "stat": [
                        "doGAToPass2",
                        "entry",
                        0.19765019416809082,
                        0.072418999999999997,
                        0.036671000000000002,
                        312300,
                        384192,
                        0.0020470000000000002,
                        0.0,
                        1740887907.2221651,
                        18233154640552
                    ],
                    "sub": [
                        {
                            "stat": [
                                "DoPass2",
                                "entry",
                                0.21929812431335449,
                                0.073441000000000006,
                                0.036720000000000003,
                                310744,
                                384192,
                                0.015769999999999999,
                                0.0044929999999999996,
                                1740887907.243813,
                                18233208733281
                            ],
                            "sub": []
                        },
                        {
                            "stat": [
                                "DoPass2",
                                "exit",
                                0.26894211769104004,
                                0.120194,
                                0.039135000000000003,
                                312692,
                                384192,
                                0.015769999999999999,
                                0.0044929999999999996,
                                1740887907.293457,
                                18233332634376
                            ],