{
    "PrevCompiledModules": {},
    "PEModules": [],
    "cycles_program_begin": 10067397167314,
    "stat": {
        "ru_self_cgstart": {
            "ru_stime_sec": 0.022445,
            "ru_utime_sec": 0.074818999999999997,
            "ru_maxrss_kb": 111856,
            "ru_minflt": 11752,
            "ru_nvcsw": 9,
            "ru_majflt": 0,
            "ru_nivcsw": 100
        },
        "mop/quad": 2.4110764430577225,
        "ru_childs_cgstart": {
            "ru_stime_sec": 0.0051869999999999998,
            "ru_utime_sec": 0.014973999999999999,
            "ru_maxrss_kb": 111856,
            "ru_minflt": 2710,
            "ru_nvcsw": 19,
            "ru_majflt": 0,
            "ru_nivcsw": 14
        },
        "totalObjSize": 217266,
        "nQuads": 1282,
        "cpu_cycles_total": 604011817,
        "cpu_cycles_cgstart": 10067869901355,
        "nMops": 3091,
        "ru_childs_end": {
            "ru_stime_sec": 0.0051869999999999998,
            "ru_utime_sec": 0.014973999999999999,
            "ru_maxrss_kb": 111856,
            "ru_minflt": 2710,
            "ru_nvcsw": 19,
            "ru_majflt": 0,
            "ru_nivcsw": 14
        },
        "ru_self_end": {
            "ru_stime_sec": 0.034229000000000002,
            "ru_utime_sec": 0.102728,
            "ru_maxrss_kb": 123168,
            "ru_minflt": 13943,
            "ru_nvcsw": 13,
            "ru_majflt": 0,
            "ru_nivcsw": 113
        },
        "Frontend(%)": 76.288423306315948,
        "cpu_cycles_end": 10068001179131,
        "outputSizePerQuad": 169.47425897035882,
        "mopSpeed": 110752.80375506108,
        "quadSpeed": 45935.003045612524,
        "CodeGen(%)": 23.711576693684052,
        "peak_mem_kb": 384884,
        "realTime": 0.25753307342529297
    },
    "perf": [
        {
            "stat": [
                "main",
                "entry",
                0.015564203262329102,
                0.036632999999999999,
                0.01099,
                203220,
                204476,
                0.0,
                0.0,
                1755716720.8244531,
                10067397349708
            ],
            "sub": [
                {
                    "stat": [
                        "doParsingAndDesignResolution",
                        "entry",
                        0.1323699951171875,
                        0.047397000000000002,
                        0.011849,
                        212908,
                        213708,
                        0.0,
                        0.0,
                        1755716720.9412589,
                        10067688887883
                    ],
                    "sub": []
                },
                {
                    "stat": [
                        "doParsingAndDesignResolution",
                        "exit",
                        0.1496281623840332,
                        0.059575000000000003,
                        0.015658999999999999,
                        314004,
                        384884,
                        0.0,
                        0.0,
                        1755716720.9585171,
                        10067731996764
                    ],
                    "sub": []
                },
                {
                    "stat": [
                        "doPostDesignResolutionToVir2Vcs",
                        "entry",
                        0.15190720558166504,
                        0.061855,
                        0.015658999999999999,
                        299988,
                        384884,
                        0.0,
                        0.0,
                        1755716720.9607961,
                        10067737653328
                    ],
                    "sub": [
                        {
                            "stat": [
                                "doUptoVir2VcsNoSepCleanup",
                                "entry",
                                0.15527200698852539,
                                0.06522,
                                0.015658999999999999,
                                300180,
                                384884,
                                0.0,
                                0.0,
                                1755716720.9641609,
                                10067746055573
                            ],
                            "sub": []
                        },
                        {
                            "stat": [
                                "doUptoVir2VcsNoSepCleanup",
                                "exit",
                                0.1698920726776123,
                                0.070801000000000003,
                                0.022357999999999999,
                                300308,
                                384884,
                                0.0019250000000000001,
                                0.0,
                                1755716720.978781,
                                10067782537545
                            ],
                            "sub": []
                        },
                        {
                            "stat": [
                                "doRadify_vir2vcsAll",
                                "entry",
                                0.16994309425354004,
                                0.07084,
                                0.022370000000000001,
                                300308,
                                384884,
                                0.0019250000000000001,
                                0.0,
                                1755716720.978832,
                                10067782613062
                            ],
                            "sub": []
                        },
                        {
                            "stat": [
                                "doRadify_vir2vcsAll",
                                "exit",
                                0.17403912544250488,
                                0.073709999999999998,
                                0.022370000000000001,
                                302240,
                                384884,
                                0.0019250000000000001,
                                0.0,
                                1755716720.982928,
                                10067792904864
                            ],
                            "sub": []
                        }
                    ]
                },
                {
                    "stat": [
                        "doPostDesignResolutionToVir2Vcs",
                        "exit",
                        0.17408013343811035,
                        0.073751999999999998,
                        0.022370000000000001,
                        302240,
                        384884,
                        0.0019250000000000001,
                        0.0,
                        1755716720.982969,
                        10067792938865
                    ],
                    "sub": []
                },
                {
                    "stat": [
                        "doGAToPass2",
                        "entry",
                        0.17409110069274902,
                        0.073762999999999995,
                        0.022370000000000001,
                        302240,
                        384884,
                        0.0019250000000000001,
                        0.0,
                        1755716720.98298,
                        10067792964373
                    ],