{
    "reusePaths": {},
    "Modules": {
        "...MASTER...": {
            "child_modules": {
                "std": 1,
                "testbench": 1
            },
            "start_perf": [
                0.18170905113220215,
                0.054577000000000001,
                0.038283999999999999,
                298676,
                383840,
                1755717574.4726551,
                12198117690180
            ],
            "nRouts": 5,
            "end_perf": [
                0.18374991416931152,
                0.056617000000000001,
                0.038283999999999999,
                303172,
                383840,
                12198122803553,
                0,
                0
            ],
            "nQuads": 0,
            "nMops": 0
        },
        "std": {
            "svclass": [
                "$vcs_nba_dyn_obj",
                576,
                35,
                2,
                2,
                0,
                "sigprop$$",
                576,
                35,
                2,
                2,
                0,
                "process",
                2380,
                200,
                8,
                8,
                0,
                "event",
                597,
                34,
                2,
                2,
                0,
                "mailbox",
                1769,
                140,
                9,
                9,
                0,
                "semaphore",
                1119,
                84,
                5,
                5,
                0
            ],
            "start_perf": [
                0.18379807472229004,
                0.056666000000000001,
                0.038283999999999999,
                303172,
                383840,
                1755717574.4747441,
                12198122899477
            ],
            "child_modules": {},
            "Compiled": "Yes",
            "significant_routs": [
                [
                    9,
                    "F_VCSgd_reYIK_9_0",
                    4878676,
                    181,
                    16
                ],
                [
                    20,
                    "F_VCSgd_reYIK_20_0",
                    2888029,
                    407,
                    20
                ],
                [
                    24,
                    "F_VCSgd_reYIK_24_0",
                    2397552,
                    984,
                    90
                ]
            ],
            "Compiled Times": 1,
            "nRouts": 33,
            "end_perf": [
                0.19512796401977539,
                0.064459000000000002,
                0.038675000000000001,
                305432,
                383840,
                12198151231043,
                8589934594,
                0
            ],
            "nQuads": 218,
            "nMops": 528
        },
        "testbench": {
            "start_perf": [
                0.19517707824707031,
                0.064490000000000006,
                0.038693999999999999,
                305432,
                383840,
                1755717574.4861231,
                12198151303965
            ],
            "child_modules": {},
            "Compiled": "Yes",
            "significant_routs": [
                [
                    91,
                    "R_VCSgd_iAVhC_5b",
                    2424021,
                    2194,
                    267
                ]
            ],
            "Compiled Times": 1,
            "nRouts": 97,
            "end_perf": [
                0.22034192085266113,
                0.089523000000000005,
                0.038693999999999999,
                308840,
                383840,
                12198214178049,
                17179869185,
                0
            ],
            "nQuads": 867,
            "nMops": 3464
        }
    },
    "CompUnits": {
        "amcQw_d": {
            "mod": "...MASTER...",
            "out": "objs/amcQw_d.o",
            "checksum": 0,
            "bytes": 7832,
            "text": 434,
            "mode": 4
        },
        "iAVhC_d": {
            "mod": "testbench",
            "out": "iAVhC_d.o",
            "checksum": 0,
            "bytes": 52358,
            "archive": "archive.0/_286085_archive_1.a",
            "text": 28576,
            "mode": 4
        },
        "reYIK_d": {
            "mod": "std",
            "out": "reYIK_d.o",
            "checksum": 0,
            "bytes": 43000,
            "archive": "archive.0/_286085_archive_1.a",
            "text": 7325,
            "cls": 7017,
            "mode": 4
        }
    },
    "ObjArchives": [
        {
            "archive": "archive.0/_286085_archive_1.a",
            "objects": [
                [
                    "reYIK_d.o",
                    43000
                ],
                [
                    "iAVhC_d.o",
                    52358
                ],
                [
                    "amcQwB.o",
                    117136
                ]
            ],
            "size": 212494
        }
    ],
    "stat": {
        "ru_self_end": {
            "ru_nivcsw": 79,
            "ru_utime_sec": 0.093897999999999995,
            "ru_stime_sec": 0.038693999999999999,
            "ru_nvcsw": 26,
            "ru_majflt": 0,
            "ru_maxrss_kb": 123128,
            "ru_minflt": 13827
        },
        "ru_childs_end": {
            "ru_nivcsw": 16,
            "ru_utime_sec": 0.010260999999999999,
            "ru_stime_sec": 0.0079380000000000006,
            "ru_nvcsw": 17,
            "ru_majflt": 0,
            "ru_maxrss_kb": 111760,
            "ru_minflt": 2709
        },
        "peak_mem_kb": 383840,
        "cpu_cycles_end": 12198225023447
    }
}