{
    "cpu_cycles_pass2_start": 6292765541055,
    "CurCompileUdps": {},
    "cycles_program_begin": 6292263857671,
    "perf": [
        {
            "stat": [
                "main",
                "entry",
                0.017182111740112305,
                0.037754000000000003,
                0.012584,
                203220,
                204476,
                0.0,
                0.0,
                1754395705.36938,
                6292264032355
            ],
            "sub": [
                {
                    "stat": [
                        "doParsingAndDesignResolution",
                        "entry",
                        0.13254213333129883,
                        0.048250000000000001,
                        0.012584,
                        212908,
                        213708,
                        0.0,
                        0.0,
                        1754395705.48474,
                        6292551951073
                    ],
                    "sub": []
                },
                {
                    "stat": [
                        "doParsingAndDesignResolution",
                        "exit",
                        0.14876103401184082,
                        0.05731,
                        0.019102999999999998,
                        317276,
                        385368,
                        0.0,
                        0.0,
                        1754395705.5009589,
                        6292592447118
                    ],
                    "sub": []
                },
                {
                    "stat": [
                        "doPostDesignResolutionToVir2Vcs",
                        "entry",
                        0.15331411361694336,
                        0.062728999999999993,
                        0.019602000000000001,
                        298224,
                        385368,
                        0.0,
                        0.0,
                        1754395705.505512,
                        6292603813810
                    ],
                    "sub": [
                        {
                            "stat": [
                                "doUptoVir2VcsNoSepCleanup",
                                "entry",
                                0.16098523139953613,
                                0.068032999999999996,
                                0.020008999999999999,
                                298416,
                                385368,
                                0.0,
                                0.0,
                                1754395705.5131831,
                                6292622933464
                            ],
                            "sub": []
                        },
                        {
                            "stat": [
                                "doUptoVir2VcsNoSepCleanup",
                                "exit",
                                0.19178915023803711,
                                0.092502000000000001,
                                0.020108999999999998,
                                311908,
                                385368,
                                0.0018,
                                0.0,
                                1754395705.543987,
                                6292699841497
                            ],
                            "sub": []
                        },
                        {
                            "stat": [
                                "doRadify_vir2vcsAll",
                                "entry",
                                0.19184207916259766,
                                0.092547000000000004,
                                0.020119000000000001,
                                311908,
                                385368,
                                0.0018,
                                0.0,
                                1754395705.54404,
                                6292699914746
                            ],
                            "sub": []
                        },
                        {
                            "stat": [
                                "doRadify_vir2vcsAll",
                                "exit",
                                0.19552922248840332,
                                0.095771999999999996,
                                0.020119000000000001,
                                311908,
                                385368,
                                0.0018,
                                0.0,
                                1754395705.5477271,
                                6292709195017
                            ],
                            "sub": []
                        }
                    ]
                },
                {
                    "stat": [
                        "doPostDesignResolutionToVir2Vcs",
                        "exit",
                        0.19557619094848633,
                        0.095820000000000002,
                        0.020119000000000001,
                        311908,
                        385368,
                        0.0018,
                        0.0,
                        1754395705.5477741,
                        6292709233261
                    ],
                    "sub": []
                },
                {
                    "stat": [
                        "doGAToPass2",
                        "entry",
                        0.19558906555175781,
                        0.095833000000000002,
                        0.020119000000000001,
                        311908,
                        385368,
                        0.0018,
                        0.0,
                        1754395705.547787,
                        6292709261717
                    ],
                    "sub": [
                        {
                            "stat": [
                                "DoPass2",
                                "entry",
                                0.21811413764953613,
                                0.096884999999999999,
                                0.020184000000000001,
                                310352,
                                385368,
                                0.013498,
                                0.005777,
                                1754395705.570312,
                                6292765531159
                            ],
                            "sub": []
                        },
                        {
                            "stat": [
                                "DoPass2",
                                "exit",
                                0.29600906372070312,
                                0.163796,
                                0.025198999999999999,
                                312300,
                                385368,
                                0.013498,
                                0.005777,
                                1754395705.6482069,
                                6292959942769
                            ],
                            "sub": []
                        }
                    ]
                },
                {
                    "stat": [
                        "doGAToPass2",
                        "exit",
                        0.30115318298339844,
                        0.16697799999999999,
                        0.025198999999999999,
                        312300,
                        385368,
                        0.013498,
                        0.005777,
                        1754395705.6533511,
                        6292972784926
                    ],