{
    "cycles_program_begin": 28972575957667,
    "NameTable": {
        "std": [
            "std",
            "reYIK",
            "module",
            1
        ],
        "testbench": [
            "testbench",
            "iAVhC",
            "module",
            2
        ],
        "...MASTER...": [
            "SIM",
            "amcQw",
            "module",
            3
        ]
    },
    "CompileStrategy": "fullobj",
    "PrevCompiledModules": {},
    "cpu_cycles_pass2_start": 28973046827890,
    "perf": [
        {
            "stat": [
                "main",
                "entry",
                0.017204046249389648,
                0.037426000000000001,
                0.014970000000000001,
                203220,
                204476,
                0.0,
                0.0,
                1737452832.418184,
                28972576198514
            ],
            "sub": [
                {
                    "stat": [
                        "doParsingAndDesignResolution",
                        "entry",
                        0.1300051212310791,
                        0.042997,
                        0.019543999999999999,
                        212908,
                        213708,
                        0.0,
                        0.0,
                        1737452832.5309851,
                        28972857688566
                    ],
                    "sub": []
                },
                {
                    "stat": [
                        "doParsingAndDesignResolution",
                        "exit",
                        0.14621090888977051,
                        0.049156999999999999,
                        0.028674999999999999,
                        312180,
                        383856,
                        0.0,
                        0.0,
                        1737452832.5471909,
                        28972898160380
                    ],
                    "sub": []
                },
                {
                    "stat": [
                        "doPostDesignResolutionToVir2Vcs",
                        "entry",
                        0.14821410179138184,
                        0.050409000000000002,
                        0.029405000000000001,
                        298164,
                        383856,
                        0.0,
                        0.0,
                        1737452832.5491941,
                        28972903145486
                    ],
                    "sub": [
                        {
                            "stat": [
                                "doUptoVir2VcsNoSepCleanup",
                                "entry",
                                0.15137505531311035,
                                0.05357,
                                0.029405000000000001,
                                298420,
                                383856,
                                0.0,
                                0.0,
                                1737452832.5523551,
                                28972911048267
                            ],
                            "sub": []
                        },
                        {
                            "stat": [
                                "doUptoVir2VcsNoSepCleanup",
                                "exit",
                                0.17540597915649414,
                                0.066073000000000007,
                                0.029405000000000001,
                                298676,
                                383856,
                                0.0023059999999999999,
                                0.0,
                                1737452832.576386,
                                28972971029229
                            ],
                            "sub": []
                        },
                        {
                            "stat": [
                                "doRadify_vir2vcsAll",
                                "entry",
                                0.1754610538482666,
                                0.066129999999999994,
                                0.029405000000000001,
                                298676,
                                383856,
                                0.0023059999999999999,
                                0.0,
                                1737452832.576441,
                                28972971109741
                            ],
                            "sub": []
                        },
                        {
                            "stat": [
                                "doRadify_vir2vcsAll",
                                "exit",
                                0.17797708511352539,
                                0.068633,
                                0.029405000000000001,
                                300452,
                                383856,
                                0.0023059999999999999,
                                0.0,
                                1737452832.5789571,
                                28972977437045
                            ],
                            "sub": []
                        }
                    ]
                },
                {
                    "stat": [
                        "doPostDesignResolutionToVir2Vcs",
                        "exit",
                        0.17801094055175781,
                        0.068668000000000007,
                        0.029405000000000001,
                        300452,
                        383856,
                        0.0023059999999999999,
                        0.0,
                        1737452832.5789909,
                        28972977469159
                    ],
                    "sub": []
                },
                {
                    "stat": [
                        "doGAToPass2",
                        "entry",
                        0.17802190780639648,
                        0.068679000000000004,
                        0.029405000000000001,
                        300452,
                        383856,
                        0.0023059999999999999,
                        0.0,
                        1737452832.5790019,
                        28972977492207
                    ],
                    "sub": [
                        {
                            "stat": [
                                "DoPass2",
                                "entry",
                                0.20577311515808105,
                                0.069609000000000004,
                                0.029405000000000001,
                                298896,
                                383856,
                                0.015848999999999999,
                                0.0050340000000000003,
                                1737452832.6067531,
                                28973046816619
                            ],
                            "sub": []
                        },
                        {
                            "stat": [
                                "DoPass2",
                                "exit",
                                0.24500393867492676,
                                0.101133,
                                0.033212999999999999,
                                310612,
                                383856,
                                0.015848999999999999,
                                0.0050340000000000003,
                                1737452832.6459839,
                                28973144725438
                            ],