{
    "Modules": {
        "std": {
            "start_perf": [
                0.21132206916809082,
                0.068768999999999997,
                0.032249,
                310220,
                381288,
                1741139694.770828,
                2136279761211
            ],
            "Compiled": "Yes",
            "Compiled Times": 2,
            "child_modules": {},
            "end_perf": [
                0.21407794952392578,
                0.069181999999999994,
                0.034590999999999997,
                310220,
                381288,
                2136286698342,
                8589934594,
                0
            ],
            "svclass": [
                "$vcs_nba_dyn_obj",
                0,
                35,
                2,
                2,
                0,
                "sigprop$$",
                0,
                35,
                2,
                2,
                0,
                "process",
                0,
                200,
                8,
                8,
                0,
                "event",
                0,
                34,
                2,
                2,
                0,
                "mailbox",
                0,
                140,
                9,
                9,
                0,
                "semaphore",
                0,
                84,
                5,
                5,
                0
            ],
            "nMops": 528,
            "nQuads": 218,
            "nRouts": 33
        },
        "...MASTER...": {
            "start_perf": [
                0.20403194427490234,
                0.068768999999999997,
                0.030564000000000001,
                310220,
                381288,
                1741139694.7635379,
                2136261569951
            ],
            "child_modules": {
                "std": 1,
                "testbench": 1
            },
            "end_perf": [
                0.21125698089599609,
                0.068768999999999997,
                0.032183000000000003,
                310220,
                381288,
                2136279639384,
                0,
                0
            ],
            "nMops": 0,
            "nQuads": 0,
            "nRouts": 5
        },
        "testbench": {
            "Compiled": "Yes",
            "start_perf": [
                0.21413898468017578,
                0.069223999999999994,
                0.034611999999999997,
                310220,
                381288,
                1741139694.7736449,
                2136286792173
            ],
            "Compiled Times": 2,
            "child_modules": {},
            "end_perf": [
                0.22683811187744141,
                0.078780000000000003,
                0.037513999999999999,
                310220,
                381288,
                2136318536764,
                17179869185,
                0
            ],
            "nMops": 2690,
            "nQuads": 803,
            "nRouts": 96
        }
    },
    "reusePaths": {
        "amcQw_d": {
            "icPath": "csrc"
        },
        "reYIK_d": {
            "icPath": "csrc"
        },
        "iAVhC_d": {
            "icPath": "csrc"
        }
    },
    "CompUnits": {},
    "ObjArchives": [
        {
            "archive": "archive.1/_22013_archive_1.a",
            "objects": [
                [
                    "amcQwB.o",
                    116260
                ]
            ],
            "size": 116260
        }
    ],
    "stat": {
        "ru_self_end": {
            "ru_utime_sec": 0.080080999999999999,
            "ru_stime_sec": 0.041716000000000003,
            "ru_majflt": 0,
            "ru_maxrss_kb": 125344,
            "ru_minflt": 13742,
            "ru_nvcsw": 21,
            "ru_nivcsw": 183
        },
        "ru_childs_end": {
            "ru_utime_sec": 0.020830000000000001,
            "ru_stime_sec": 0.0,
            "ru_majflt": 1,
            "ru_maxrss_kb": 114080,
            "ru_minflt": 2724,
            "ru_nvcsw": 21,
            "ru_nivcsw": 18
        },
        "cpu_cycles_end": 2136335378727,
        "peak_mem_kb": 381288
    }
}