{
    "stat": {
        "ru_self_cgstart": {
            "ru_majflt": 0,
            "ru_stime_sec": 0.041311,
            "ru_utime_sec": 0.061967000000000001,
            "ru_nvcsw": 43,
            "ru_maxrss_kb": 112564,
            "ru_nivcsw": 48,
            "ru_minflt": 11979
        },
        "ru_childs_end": {
            "ru_majflt": 1,
            "ru_stime_sec": 0.0055040000000000002,
            "ru_utime_sec": 0.013580999999999999,
            "ru_nvcsw": 20,
            "ru_maxrss_kb": 112564,
            "ru_nivcsw": 25,
            "ru_minflt": 2709
        },
        "nMops": 4597,
        "CodeGen(%)": 36.686137626442509,
        "ru_childs_cgstart": {
            "ru_majflt": 1,
            "ru_stime_sec": 0.0055040000000000002,
            "ru_utime_sec": 0.013580999999999999,
            "ru_nvcsw": 20,
            "ru_maxrss_kb": 112564,
            "ru_nivcsw": 25,
            "ru_minflt": 2709
        },
        "Frontend(%)": 63.313862373557491,
        "realTime": 0.25759387016296387,
        "cpu_cycles_cgstart": 68268333286955,
        "nQuads": 1937,
        "totalObjSize": 247968,
        "ru_self_end": {
            "ru_majflt": 0,
            "ru_stime_sec": 0.050484000000000001,
            "ru_utime_sec": 0.105742,
            "ru_nvcsw": 43,
            "ru_maxrss_kb": 125164,
            "ru_nivcsw": 77,
            "ru_minflt": 14428
        },
        "mop/quad": 2.3732576148683533,
        "cpu_cycles_end": 68268487399585,
        "cpu_cycles_total": 599245102,
        "quadSpeed": 44249.000571102231,
        "mopSpeed": 105014.27755568248,
        "peak_mem_kb": 384112,
        "outputSizePerQuad": 128.01652039235933
    },
    "CurCompileUdps": {},
    "cycles_program_begin": 68267888154483,
    "incremental": "on",
    "cpu_cycles_pass2_start": 68268333235889,
    "perf": [
        {
            "stat": [
                "main",
                "entry",
                0.01753687858581543,
                0.026995999999999999,
                0.023139,
                203220,
                204476,
                0.0,
                0.0,
                1740733825.463836,
                68267888462504
            ],
            "sub": [
                {
                    "stat": [
                        "doParsingAndDesignResolution",
                        "entry",
                        0.12918996810913086,
                        0.033522000000000003,
                        0.025819999999999999,
                        212908,
                        213708,
                        0.0,
                        0.0,
                        1740733825.575489,
                        68268167028452
                    ],
                    "sub": []
                },
                {
                    "stat": [
                        "doParsingAndDesignResolution",
                        "exit",
                        0.14036297798156738,
                        0.039510000000000003,
                        0.032485,
                        316572,
                        384112,
                        0.0,
                        0.0,
                        1740733825.5866621,
                        68268194926905
                    ],
                    "sub": []
                },
                {
                    "stat": [
                        "doPostDesignResolutionToVir2Vcs",
                        "entry",
                        0.14690995216369629,
                        0.043321999999999999,
                        0.035316,
                        298208,
                        384112,
                        0.0,
                        0.0,
                        1740733825.593209,
                        68268211270468
                    ],
                    "sub": [
                        {
                            "stat": [
                                "doUptoVir2VcsNoSepCleanup",
                                "entry",
                                0.1510469913482666,
                                0.047211000000000003,
                                0.035408000000000002,
                                298432,
                                384112,
                                0.0,
                                0.0,
                                1740733825.5973461,
                                68268221581402
                            ],
                            "sub": []
                        },
                        {
                            "stat": [
                                "doUptoVir2VcsNoSepCleanup",
                                "exit",
                                0.17049694061279297,
                                0.057777000000000002,
                                0.041269,
                                298688,
                                384112,
                                0.0,
                                0.0019970000000000001,
                                1740733825.616796,
                                68268270134611
                            ],
                            "sub": []
                        },
                        {
                            "stat": [
                                "doRadify_vir2vcsAll",
                                "entry",
                                0.1705479621887207,
                                0.057807999999999998,
                                0.041291000000000001,
                                298688,
                                384112,
                                0.0,
                                0.0019970000000000001,
                                1740733825.616847,
                                68268270209746
                            ],
                            "sub": []
                        },
                        {
                            "stat": [
                                "doRadify_vir2vcsAll",
                                "exit",
                                0.17430496215820312,
                                0.060802000000000002,
                                0.041291000000000001,
                                300432,
                                384112,
                                0.0,
                                0.0019970000000000001,
                                1740733825.620604,
                                68268279648271
                            ],
                            "sub": []
                        }
                    ]
                },
                {
                    "stat": [
                        "doPostDesignResolutionToVir2Vcs",
                        "exit",
                        0.17434597015380859,
                        0.060844000000000002,
                        0.041291000000000001,
                        300432,
                        384112,
                        0.0,
                        0.0019970000000000001,
                        1740733825.620645,
                        68268279687141
                    ],
                    "sub": []
                },
                {
                    "stat": [
                        "doGAToPass2",
                        "entry",
                        0.17435884475708008,
                        0.060857000000000001,
                        0.041291000000000001,
                        300432,
                        384112,
                        0.0,
                        0.0019970000000000001,
                        1740733825.6206579,
                        68268279716232
                    ],