{
    "cpu_cycles_pass2_start": 105262607469580,
    "cycles_program_begin": 105262223917988,
    "perf": [
        {
            "stat": [
                "main",
                "entry",
                0.010708093643188477,
                0.019230000000000001,
                0.011658,
                203220,
                204476,
                0.0,
                0.0,
                1735131072.709883,
                105262224057360
            ],
            "sub": [
                {
                    "stat": [
                        "doParsingAndDesignResolution",
                        "entry",
                        0.12973117828369141,
                        0.031857999999999997,
                        0.014879,
                        212908,
                        213708,
                        0.0,
                        0.0,
                        1735131072.8289061,
                        105262521162413
                    ],
                    "sub": []
                },
                {
                    "stat": [
                        "doParsingAndDesignResolution",
                        "exit",
                        0.13756608963012695,
                        0.033822999999999999,
                        0.021139000000000002,
                        316172,
                        383856,
                        0.0,
                        0.0,
                        1735131072.836741,
                        105262540704450
                    ],
                    "sub": []
                },
                {
                    "stat": [
                        "doPostDesignResolutionToVir2Vcs",
                        "entry",
                        0.14108800888061523,
                        0.036977000000000003,
                        0.022064,
                        298136,
                        383856,
                        0.0,
                        0.0,
                        1735131072.8402629,
                        105262549463058
                    ],
                    "sub": [
                        {
                            "stat": [
                                "doUptoVir2VcsNoSepCleanup",
                                "entry",
                                0.14268922805786133,
                                0.038578000000000001,
                                0.022064,
                                298360,
                                383856,
                                0.0,
                                0.0,
                                1735131072.8418641,
                                105262553443895
                            ],
                            "sub": []
                        },
                        {
                            "stat": [
                                "doUptoVir2VcsNoSepCleanup",
                                "exit",
                                0.14882111549377441,
                                0.041734,
                                0.02504,
                                298616,
                                383856,
                                0.0,
                                0.0,
                                1735131072.847996,
                                105262568769374
                            ],
                            "sub": []
                        },
                        {
                            "stat": [
                                "doRadify_vir2vcsAll",
                                "entry",
                                0.14885807037353516,
                                0.041757000000000002,
                                0.025054,
                                298616,
                                383856,
                                0.0,
                                0.0,
                                1735131072.848033,
                                105262568818583
                            ],
                            "sub": []
                        },
                        {
                            "stat": [
                                "doRadify_vir2vcsAll",
                                "exit",
                                0.15038108825683594,
                                0.042708999999999997,
                                0.025624999999999998,
                                300152,
                                383856,
                                0.0,
                                0.0,
                                1735131072.849556,
                                105262572655547
                            ],
                            "sub": []
                        }
                    ]
                },
                {
                    "stat": [
                        "doPostDesignResolutionToVir2Vcs",
                        "exit",
                        0.15040421485900879,
                        0.042723999999999998,
                        0.025634000000000001,
                        300152,
                        383856,
                        0.0,
                        0.0,
                        1735131072.8495791,
                        105262572676431
                    ],
                    "sub": []
                },
                {
                    "stat": [
                        "doGAToPass2",
                        "entry",
                        0.15041208267211914,
                        0.042728000000000002,
                        0.025637,
                        300152,
                        383856,
                        0.0,
                        0.0,
                        1735131072.849587,
                        105262572692378
                    ],
                    "sub": [
                        {
                            "stat": [
                                "DoPass2",
                                "entry",
                                0.16432404518127441,
                                0.043194999999999997,
                                0.025916999999999999,
                                298596,
                                383856,
                                0.012064,
                                0.001335,
                                1735131072.8634989,
                                105262607463167
                            ],
                            "sub": []
                        },
                        {
                            "stat": [
                                "DoPass2",
                                "exit",
                                0.17951416969299316,
                                0.057618000000000003,
                                0.026682999999999998,
                                308144,
                                383856,
                                0.012064,
                                0.001335,
                                1735131072.8786891,
                                105262645356459
                            ],
                            "sub": []
                        }
                    ]
                },
                {
                    "stat": [
                        "doGAToPass2",
                        "exit",
                        0.18134403228759766,
                        0.059448000000000001,
                        0.026682999999999998,
                        308144,
                        383856,
                        0.012064,
                        0.001335,
                        1735131072.8805189,
                        105262649924825
                    ],