{
    "reusePaths": {},
    "Modules": {
        "std": {
            "Compiled": "Yes",
            "svclass": [
                "$vcs_nba_dyn_obj",
                576,
                35,
                2,
                2,
                0,
                "sigprop$$",
                576,
                35,
                2,
                2,
                0,
                "process",
                2380,
                200,
                8,
                8,
                0,
                "event",
                597,
                34,
                2,
                2,
                0,
                "mailbox",
                1769,
                140,
                9,
                9,
                0,
                "semaphore",
                1119,
                84,
                5,
                5,
                0
            ],
            "start_perf": [
                0.21827912330627441,
                0.067540000000000003,
                0.033770000000000001,
                303352,
                381280,
                1737427673.564548,
                11153938742473
            ],
            "end_perf": [
                0.23145318031311035,
                0.068835999999999994,
                0.040490999999999999,
                305596,
                381280,
                11153971459333,
                8589934594,
                0
            ],
            "child_modules": {},
            "nQuads": 218,
            "Compiled Times": 1,
            "nMops": 528,
            "nRouts": 33
        },
        "...MASTER...": {
            "end_perf": [
                0.21749711036682129,
                0.067489999999999994,
                0.033744999999999997,
                303352,
                381280,
                11153936599787,
                0,
                0
            ],
            "start_perf": [
                0.21537303924560547,
                0.065924999999999997,
                0.033188000000000002,
                298884,
                381280,
                1737427673.5616419,
                11153931262454
            ],
            "child_modules": {
                "std": 1,
                "testbench": 1
            },
            "nQuads": 0,
            "nMops": 0,
            "nRouts": 5
        },
        "testbench": {
            "end_perf": [
                0.26456308364868164,
                0.095020999999999994,
                0.041313000000000002,
                309032,
                381280,
                11154054097894,
                17179869185,
                0
            ],
            "Compiled": "Yes",
            "start_perf": [
                0.23151206970214844,
                0.068874000000000005,
                0.040514000000000001,
                305596,
                381280,
                1737427673.577781,
                11153971539598
            ],
            "child_modules": {},
            "nQuads": 1308,
            "Compiled Times": 1,
            "nMops": 2791,
            "nRouts": 151
        }
    },
    "CompUnits": {
        "amcQw_d": {
            "mode": 4,
            "mod": "...MASTER...",
            "out": "objs/amcQw_d.o",
            "bytes": 7832,
            "text": 434,
            "checksum": 0
        },
        "reYIK_d": {
            "mode": 4,
            "mod": "std",
            "archive": "archive.0/_43817_archive_1.a",
            "out": "reYIK_d.o",
            "bytes": 43000,
            "text": 7325,
            "cls": 7017,
            "checksum": 0
        },
        "iAVhC_d": {
            "mode": 4,
            "mod": "testbench",
            "archive": "archive.0/_43817_archive_1.a",
            "out": "iAVhC_d.o",
            "bytes": 55848,
            "text": 29874,
            "checksum": 0
        }
    },
    "stat": {
        "peak_mem_kb": 381280,
        "ru_childs_end": {
            "ru_stime_sec": 0.016541,
            "ru_utime_sec": 0.0043420000000000004,
            "ru_majflt": 0,
            "ru_maxrss_kb": 111920,
            "ru_minflt": 2713,
            "ru_nvcsw": 18,
            "ru_nivcsw": 20
        },
        "ru_self_end": {
            "ru_stime_sec": 0.042819999999999997,
            "ru_utime_sec": 0.098487000000000005,
            "ru_majflt": 0,
            "ru_maxrss_kb": 123784,
            "ru_minflt": 13965,
            "ru_nvcsw": 52,
            "ru_nivcsw": 200
        },
        "cpu_cycles_end": 11154096094138
    },
    "ObjArchives": [
        {
            "archive": "archive.0/_43817_archive_1.a",
            "objects": [
                [
                    "reYIK_d.o",
                    43000
                ],
                [
                    "iAVhC_d.o",
                    55848
                ],
                [
                    "amcQwB.o",
                    116846
                ]
            ],
            "size": 215694
        }
    ]
}