{
    "SIMBData": {
        "archive": "archive.0/_234309_archive_1.a",
        "out": "amcQwB.o",
        "bytes": 117676,
        "text": 0
    },
    "cycles_program_begin": 228001187501631,
    "stat": {
        "totalObjSize": 316516,
        "CodeGen(%)": 41.689465921738709,
        "outputSizePerQuad": 116.19530102790014,
        "mop/quad": 3.6229809104258441,
        "ru_self_cgstart": {
            "ru_majflt": 1281,
            "ru_stime_sec": 0.054276999999999999,
            "ru_utime_sec": 0.093046000000000004,
            "ru_nvcsw": 1034,
            "ru_maxrss_kb": 111272,
            "ru_minflt": 11417,
            "ru_nivcsw": 50
        },
        "realTime": 0.53123903274536133,
        "nQuads": 2724,
        "ru_childs_cgstart": {
            "ru_majflt": 126,
            "ru_stime_sec": 0.0092809999999999993,
            "ru_utime_sec": 0.013306,
            "ru_nvcsw": 156,
            "ru_maxrss_kb": 111272,
            "ru_minflt": 2693,
            "ru_nivcsw": 24
        },
        "cpu_cycles_cgstart": 228002130759037,
        "cpu_cycles_end": 228002403012754,
        "ru_childs_end": {
            "ru_majflt": 126,
            "ru_stime_sec": 0.0092809999999999993,
            "ru_utime_sec": 0.013306,
            "ru_nvcsw": 156,
            "ru_maxrss_kb": 111272,
            "ru_minflt": 2693,
            "ru_nivcsw": 24
        },
        "nMops": 9869,
        "Frontend(%)": 58.310534078261298,
        "ru_self_end": {
            "ru_majflt": 1327,
            "ru_stime_sec": 0.060228999999999998,
            "ru_utime_sec": 0.16908300000000001,
            "ru_nvcsw": 1066,
            "ru_maxrss_kb": 123828,
            "ru_minflt": 13833,
            "ru_nivcsw": 92
        },
        "cpu_cycles_total": 1215511123,
        "mopSpeed": 129792.07491089861,
        "quadSpeed": 35824.664308165753,
        "peak_mem_kb": 385460
    },
    "LVLData": [
        "SIM"
    ],
    "perf": [
        {
            "stat": [
                "main",
                "entry",
                0.044764041900634766,
                0.029113,
                0.037430999999999999,
                203220,
                204476,
                0.0,
                0.0,
                1735894469.2014589,
                228001188901068
            ],
            "sub": [
                {
                    "stat": [
                        "doParsingAndDesignResolution",
                        "entry",
                        0.17023420333862305,
                        0.034847000000000003,
                        0.042590999999999997,
                        212908,
                        213708,
                        0.0,
                        0.0,
                        1735894469.3269291,
                        228001502031041
                    ],
                    "sub": []
                },
                {
                    "stat": [
                        "doParsingAndDesignResolution",
                        "exit",
                        0.24643206596374512,
                        0.057520000000000002,
                        0.046016000000000001,
                        312252,
                        385460,
                        0.0,
                        0.0,
                        1735894469.403127,
                        228001692250577
                    ],
                    "sub": []
                },
                {
                    "stat": [
                        "doPostDesignResolutionToVir2Vcs",
                        "entry",
                        0.24986004829406738,
                        0.058885,
                        0.047107999999999997,
                        298236,
                        385460,
                        0.0,
                        0.0,
                        1735894469.4065549,
                        228001700796316
                    ],
                    "sub": [
                        {
                            "stat": [
                                "doUptoVir2VcsNoSepCleanup",
                                "entry",
                                0.26522612571716309,
                                0.065349000000000004,
                                0.047107999999999997,
                                298428,
                                385460,
                                0.0,
                                0.0,
                                1735894469.421921,
                                228001739168022
                            ],
                            "sub": []
                        },
                        {
                            "stat": [
                                "doUptoVir2VcsNoSepCleanup",
                                "exit",
                                0.34994602203369141,
                                0.092082999999999998,
                                0.049877999999999999,
                                311868,
                                385460,
                                0.0021189999999999998,
                                0.0,
                                1735894469.5066409,
                                228001950613656
                            ],
                            "sub": []
                        },
                        {
                            "stat": [
                                "doRadify_vir2vcsAll",
                                "entry",
                                0.35001516342163086,
                                0.092082999999999998,
                                0.049947999999999999,
                                311868,
                                385460,
                                0.0021189999999999998,
                                0.0,
                                1735894469.5067101,
                                228001950735602
                            ],
                            "sub": []
                        },
                        {
                            "stat": [
                                "doRadify_vir2vcsAll",
                                "exit",
                                0.35585618019104004,
                                0.092201000000000005,
                                0.053783999999999998,
                                311868,
                                385460,
                                0.0021189999999999998,
                                0.0,
                                1735894469.5125511,
                                228001965387701
                            ],
                            "sub": []
                        }
                    ]
                },
                {
                    "stat": [
                        "doPostDesignResolutionToVir2Vcs",
                        "exit",
                        0.35590219497680664,
                        0.092230999999999994,
                        0.053801000000000002,
                        311868,
                        385460,
                        0.0021189999999999998,
                        0.0,
                        1735894469.5125971,
                        228001965423684
                    ],
                    "sub": []
                },
                {
                    "stat": [
                        "doGAToPass2",
                        "entry",
                        0.35591411590576172,
                        0.092238000000000001,
                        0.053806,
                        311868,
                        385460,
                        0.0021189999999999998,
                        0.0,
                        1735894469.512609,
                        228001965447326
                    ],