{
    "ObjArchives": [
        {
            "archive": "archive.0/_43037_archive_1.a",
            "objects": [
                [
                    "reYIK_d.o",
                    43000
                ],
                [
                    "iAVhC_d.o",
                    73738
                ],
                [
                    "amcQwB.o",
                    117132
                ]
            ],
            "size": 233870
        }
    ],
    "Modules": {
        "std": {
            "start_perf": [
                0.23389697074890137,
                0.062205000000000003,
                0.050541000000000003,
                303632,
                382244,
                1740643202.0627289,
                7287369530200
            ],
            "nRouts": 33,
            "child_modules": {},
            "Compiled": "Yes",
            "Compiled Times": 1,
            "nMops": 528,
            "significant_routs": [
                [
                    24,
                    "F_VCSgd_reYIK_24_0",
                    5594940,
                    984,
                    90
                ]
            ],
            "end_perf": [
                0.24386310577392578,
                0.068717,
                0.052548999999999998,
                305876,
                382244,
                7287394492597,
                8589934594,
                0
            ],
            "svclass": [
                "$vcs_nba_dyn_obj",
                576,
                35,
                2,
                2,
                0,
                "sigprop$$",
                576,
                35,
                2,
                2,
                0,
                "process",
                2380,
                200,
                8,
                8,
                0,
                "event",
                597,
                34,
                2,
                2,
                0,
                "mailbox",
                1769,
                140,
                9,
                9,
                0,
                "semaphore",
                1119,
                84,
                5,
                5,
                0
            ],
            "nQuads": 218
        },
        "...MASTER...": {
            "start_perf": [
                0.23077011108398438,
                0.060631999999999998,
                0.049771999999999997,
                299084,
                382244,
                1740643202.059602,
                7287361678560
            ],
            "nRouts": 5,
            "child_modules": {
                "std": 1,
                "testbench": 1
            },
            "nMops": 0,
            "end_perf": [
                0.23302197456359863,
                0.062155000000000002,
                0.050500999999999997,
                303632,
                382244,
                7287367346283,
                0,
                0
            ],
            "nQuads": 0
        },
        "testbench": {
            "start_perf": [
                0.24396800994873047,
                0.068779999999999994,
                0.052595999999999997,
                305876,
                382244,
                1740643202.0727999,
                7287394624466
            ],
            "nRouts": 183,
            "child_modules": {},
            "Compiled": "Yes",
            "Compiled Times": 1,
            "nMops": 4617,
            "end_perf": [
                0.28365612030029297,
                0.108177,
                0.052595999999999997,
                310288,
                382244,
                7287493729066,
                17179869185,
                0
            ],
            "nQuads": 1669
        }
    },
    "CompUnits": {
        "amcQw_d": {
            "mod": "...MASTER...",
            "out": "objs/amcQw_d.o",
            "bytes": 7832,
            "text": 434,
            "checksum": 0,
            "mode": 4
        },
        "reYIK_d": {
            "mod": "std",
            "out": "reYIK_d.o",
            "bytes": 43000,
            "cls": 7017,
            "text": 7325,
            "checksum": 0,
            "mode": 4,
            "archive": "archive.0/_43037_archive_1.a"
        },
        "iAVhC_d": {
            "mod": "testbench",
            "out": "iAVhC_d.o",
            "bytes": 73738,
            "text": 42409,
            "checksum": 0,
            "mode": 4,
            "archive": "archive.0/_43037_archive_1.a"
        }
    },
    "reusePaths": {},
    "stat": {
        "ru_self_end": {
            "ru_nivcsw": 93,
            "ru_maxrss_kb": 124872,
            "ru_utime_sec": 0.11271,
            "ru_stime_sec": 0.052595999999999997,
            "ru_nvcsw": 10,
            "ru_minflt": 14300,
            "ru_majflt": 0
        },
        "ru_childs_end": {
            "ru_nivcsw": 13,
            "ru_maxrss_kb": 112228,
            "ru_utime_sec": 0.014581999999999999,
            "ru_stime_sec": 0.0081679999999999999,
            "ru_nvcsw": 22,
            "ru_minflt": 2714,
            "ru_majflt": 0
        },
        "cpu_cycles_end": 7287506324238,
        "peak_mem_kb": 382244
    }
}