{
    "Modules": {
        "std": {
            "start_perf": [
                0.2324059009552002,
                0.069489999999999996,
                0.034979999999999997,
                303424,
                382004,
                1755717776.2431619,
                12701739499742
            ],
            "child_modules": {},
            "end_perf": [
                0.24046587944030762,
                0.077410999999999994,
                0.034979999999999997,
                305620,
                382004,
                12701759676643,
                8589934594,
                0
            ],
            "Compiled": "Yes",
            "Compiled Times": 1,
            "svclass": [
                "$vcs_nba_dyn_obj",
                576,
                35,
                2,
                2,
                0,
                "sigprop$$",
                576,
                35,
                2,
                2,
                0,
                "process",
                2380,
                200,
                8,
                8,
                0,
                "event",
                597,
                34,
                2,
                2,
                0,
                "mailbox",
                1769,
                140,
                9,
                9,
                0,
                "semaphore",
                1119,
                84,
                5,
                5,
                0
            ],
            "nQuads": 218,
            "nMops": 528,
            "nRouts": 33
        },
        "...MASTER...": {
            "start_perf": [
                0.23006987571716309,
                0.067271999999999998,
                0.034979999999999997,
                298876,
                382004,
                1755717776.2408259,
                12701733678352
            ],
            "child_modules": {
                "std": 1,
                "tb": 1
            },
            "end_perf": [
                0.23235702514648438,
                0.069440000000000002,
                0.034979999999999997,
                303424,
                382004,
                12701739397062,
                0,
                0
            ],
            "nMops": 0,
            "nQuads": 0,
            "nRouts": 5
        },
        "tb": {
            "start_perf": [
                0.24052000045776367,
                0.077466999999999994,
                0.034979999999999997,
                305620,
                382004,
                1755717776.251276,
                12701759755883
            ],
            "child_modules": {},
            "end_perf": [
                0.27731895446777344,
                0.113825,
                0.034979999999999997,
                310064,
                382004,
                12701851668462,
                21474836481,
                0
            ],
            "Compiled": "Yes",
            "Compiled Times": 1,
            "significant_routs": [
                [
                    2,
                    "R_VCSgd_g7hgQ_2",
                    4005115,
                    3505,
                    443
                ]
            ],
            "nQuads": 1714,
            "nMops": 4053,
            "nRouts": 160
        }
    },
    "CompUnits": {
        "amcQw_d": {
            "mod": "...MASTER...",
            "checksum": 0,
            "bytes": 7824,
            "out": "objs/amcQw_d.o",
            "text": 434,
            "mode": 4
        },
        "reYIK_d": {
            "mod": "std",
            "checksum": 0,
            "bytes": 43000,
            "out": "reYIK_d.o",
            "text": 7325,
            "cls": 7017,
            "archive": "archive.0/_311370_archive_1.a",
            "mode": 4
        },
        "g7hgQ_d": {
            "mod": "tb",
            "checksum": 0,
            "bytes": 77112,
            "out": "g7hgQ_d.o",
            "text": 37381,
            "archive": "archive.0/_311370_archive_1.a",
            "mode": 4
        }
    },
    "reusePaths": {},
    "ObjArchives": [
        {
            "size": 239932,
            "archive": "archive.0/_311370_archive_1.a",
            "objects": [
                [
                    "reYIK_d.o",
                    43000
                ],
                [
                    "g7hgQ_d.o",
                    77112
                ],
                [
                    "amcQwB.o",
                    119820
                ]
            ]
        }
    ],
    "stat": {
        "cpu_cycles_end": 12701868083838,
        "ru_self_end": {
            "ru_utime_sec": 0.11512,
            "ru_nvcsw": 11,
            "ru_stime_sec": 0.038029,
            "ru_nivcsw": 120,
            "ru_majflt": 0,
            "ru_maxrss_kb": 125748,
            "ru_minflt": 14414
        },
        "ru_childs_end": {
            "ru_utime_sec": 0.013236,
            "ru_nvcsw": 22,
            "ru_stime_sec": 0.0082380000000000005,
            "ru_nivcsw": 23,
            "ru_majflt": 0,
            "ru_maxrss_kb": 113036,
            "ru_minflt": 2710
        },
        "peak_mem_kb": 382004
    }
}