{
    "Modules": {
        "...MASTER...": {
            "start_perf": [
                0.22617506980895996,
                0.084071999999999994,
                0.029423000000000001,
                298876,
                385136,
                1740733825.0963621,
                68266971144702
            ],
            "child_modules": {
                "std": 1,
                "tb": 1
            },
            "end_perf": [
                0.22828006744384766,
                0.085766999999999996,
                0.029832000000000001,
                303424,
                385136,
                68266976425122,
                0,
                0
            ],
            "nQuads": 0,
            "nRouts": 5,
            "nMops": 0
        },
        "std": {
            "Compiled Times": 1,
            "start_perf": [
                0.22835397720336914,
                0.085814000000000001,
                0.029848,
                303424,
                385136,
                1740733825.098541,
                68266976576385
            ],
            "child_modules": {},
            "Compiled": "Yes",
            "end_perf": [
                0.23545002937316895,
                0.092909000000000005,
                0.029848,
                305620,
                385136,
                68266994337127,
                8589934594,
                0
            ],
            "svclass": [
                "$vcs_nba_dyn_obj",
                576,
                35,
                2,
                2,
                0,
                "sigprop$$",
                576,
                35,
                2,
                2,
                0,
                "process",
                2380,
                200,
                8,
                8,
                0,
                "event",
                597,
                34,
                2,
                2,
                0,
                "mailbox",
                1769,
                140,
                9,
                9,
                0,
                "semaphore",
                1119,
                84,
                5,
                5,
                0
            ],
            "nQuads": 218,
            "nMops": 528,
            "nRouts": 33
        },
        "tb": {
            "Compiled Times": 1,
            "significant_routs": [
                [
                    2,
                    "R_VCSgd_g7hgQ_2",
                    4219412,
                    3505,
                    443
                ]
            ],
            "start_perf": [
                0.23550105094909668,
                0.092961000000000002,
                0.029848,
                305620,
                385136,
                1740733825.1056881,
                68266994411859
            ],
            "child_modules": {},
            "Compiled": "Yes",
            "end_perf": [
                0.27508902549743652,
                0.129414,
                0.030450000000000001,
                310140,
                385136,
                68267093273694,
                21474836481,
                0
            ],
            "nQuads": 1733,
            "nMops": 4065,
            "nRouts": 163
        }
    },
    "stat": {
        "ru_self_end": {
            "ru_minflt": 14452,
            "ru_stime_sec": 0.030758000000000001,
            "ru_utime_sec": 0.13422899999999999,
            "ru_nivcsw": 204,
            "ru_maxrss_kb": 125428,
            "ru_majflt": 0,
            "ru_nvcsw": 27
        },
        "ru_childs_end": {
            "ru_minflt": 2711,
            "ru_stime_sec": 0.012017,
            "ru_utime_sec": 0.0086079999999999993,
            "ru_nivcsw": 25,
            "ru_maxrss_kb": 112848,
            "ru_majflt": 0,
            "ru_nvcsw": 20
        },
        "cpu_cycles_end": 68267132434157,
        "peak_mem_kb": 385136
    },
    "CompUnits": {
        "g7hgQ_d": {
            "mod": "tb",
            "out": "g7hgQ_d.o",
            "bytes": 77716,
            "text": 37610,
            "mode": 4,
            "checksum": 0,
            "archive": "archive.0/_157164_archive_1.a"
        },
        "amcQw_d": {
            "mod": "...MASTER...",
            "out": "objs/amcQw_d.o",
            "bytes": 7824,
            "text": 434,
            "mode": 4,
            "checksum": 0
        },
        "reYIK_d": {
            "mod": "std",
            "out": "reYIK_d.o",
            "bytes": 43000,
            "text": 7325,
            "checksum": 0,
            "cls": 7017,
            "mode": 4,
            "archive": "archive.0/_157164_archive_1.a"
        }
    },
    "reusePaths": {},
    "ObjArchives": [
        {
            "archive": "archive.0/_157164_archive_1.a",
            "objects": [
                [
                    "reYIK_d.o",
                    43000
                ],
                [
                    "g7hgQ_d.o",
                    77716
                ],
                [
                    "amcQwB.o",
                    119804
                ]
            ],
            "size": 240520
        }
    ]
}