{
    "LVLData": [
        "SIM"
    ],
    "cycles_program_begin": 23547074257936,
    "stat": {
        "ru_self_cgstart": {
            "ru_utime_sec": 0.069952,
            "ru_nvcsw": 8,
            "ru_minflt": 11780,
            "ru_stime_sec": 0.031906999999999998,
            "ru_maxrss_kb": 111432,
            "ru_nivcsw": 66,
            "ru_majflt": 0
        },
        "ru_childs_cgstart": {
            "ru_utime_sec": 0.014944000000000001,
            "ru_nvcsw": 19,
            "ru_minflt": 2713,
            "ru_stime_sec": 0.0066639999999999998,
            "ru_maxrss_kb": 111432,
            "ru_nivcsw": 40,
            "ru_majflt": 0
        },
        "cpu_cycles_cgstart": 23547528447493,
        "outputSizePerQuad": 134.46976744186045,
        "nMops": 4981,
        "ru_childs_end": {
            "ru_utime_sec": 0.014944000000000001,
            "ru_nvcsw": 19,
            "ru_minflt": 2713,
            "ru_stime_sec": 0.0066639999999999998,
            "ru_maxrss_kb": 111432,
            "ru_nivcsw": 40,
            "ru_majflt": 0
        },
        "nQuads": 1720,
        "totalObjSize": 231288,
        "peak_mem_kb": 381712,
        "ru_self_end": {
            "ru_utime_sec": 0.117969,
            "ru_nvcsw": 8,
            "ru_minflt": 14112,
            "ru_stime_sec": 0.031906999999999998,
            "ru_maxrss_kb": 123332,
            "ru_nivcsw": 133,
            "ru_majflt": 0
        },
        "cpu_cycles_end": 23547673262251,
        "CodeGen(%)": 36.126639230173119,
        "realTime": 0.25682306289672852,
        "mop/quad": 2.8959302325581397,
        "cpu_cycles_total": 599004315,
        "mopSpeed": 103734.09417497969,
        "quadSpeed": 35820.646854239123,
        "Frontend(%)": 63.873360769826874
    },
    "NameTable": {
        "std": [
            "std",
            "reYIK",
            "module",
            1
        ],
        "testbench": [
            "testbench",
            "iAVhC",
            "module",
            2
        ],
        "...MASTER...": [
            "SIM",
            "amcQw",
            "module",
            3
        ]
    },
    "perf": [
        {
            "stat": [
                "main",
                "entry",
                0.016870975494384766,
                0.035757999999999998,
                0.015892,
                203220,
                204476,
                0.0,
                0.0,
                1735812556.5801539,
                23547074489086
            ],
            "sub": [
                {
                    "stat": [
                        "doParsingAndDesignResolution",
                        "entry",
                        0.13054299354553223,
                        0.044616999999999997,
                        0.017846000000000001,
                        212908,
                        213708,
                        0.0,
                        0.0,
                        1735812556.693826,
                        23547358166768
                    ],
                    "sub": []
                },
                {
                    "stat": [
                        "doParsingAndDesignResolution",
                        "exit",
                        0.13981008529663086,
                        0.048368000000000001,
                        0.023227999999999999,
                        316200,
                        381712,
                        0.0,
                        0.0,
                        1735812556.7030931,
                        23547381308101
                    ],
                    "sub": []
                },
                {
                    "stat": [
                        "doPostDesignResolutionToVir2Vcs",
                        "entry",
                        0.1468970775604248,
                        0.049456,
                        0.029456,
                        298172,
                        381712,
                        0.0,
                        0.0,
                        1735812556.71018,
                        23547399001237
                    ],
                    "sub": [
                        {
                            "stat": [
                                "doUptoVir2VcsNoSepCleanup",
                                "entry",
                                0.15003204345703125,
                                0.050139999999999997,
                                0.031906999999999998,
                                298396,
                                381712,
                                0.0,
                                0.0,
                                1735812556.713315,
                                23547406816497
                            ],
                            "sub": []
                        },
                        {
                            "stat": [
                                "doUptoVir2VcsNoSepCleanup",
                                "exit",
                                0.16800594329833984,
                                0.065916000000000002,
                                0.031906999999999998,
                                298652,
                                381712,
                                0.0018699999999999999,
                                0.0,
                                1735812556.7312889,
                                23547451699166
                            ],
                            "sub": []
                        },
                        {
                            "stat": [
                                "doRadify_vir2vcsAll",
                                "entry",
                                0.1680610179901123,
                                0.065973000000000004,
                                0.031906999999999998,
                                298652,
                                381712,
                                0.0018699999999999999,
                                0.0,
                                1735812556.731344,
                                23547451777436
                            ],
                            "sub": []
                        },
                        {
                            "stat": [
                                "doRadify_vir2vcsAll",
                                "exit",
                                0.17069792747497559,
                                0.068600999999999995,
                                0.031906999999999998,
                                300252,
                                381712,
                                0.0018699999999999999,
                                0.0,
                                1735812556.7339809,
                                23547458413900
                            ],
                            "sub": []
                        }
                    ]
                },
                {
                    "stat": [
                        "doPostDesignResolutionToVir2Vcs",
                        "exit",
                        0.17073607444763184,
                        0.068640000000000007,
                        0.031906999999999998,
                        300252,
                        381712,
                        0.0018699999999999999,
                        0.0,
                        1735812556.734019,
                        23547458449513
                    ],
                    "sub": []
                },
                {
                    "stat": [
                        "doGAToPass2",
                        "entry",
                        0.17074799537658691,
                        0.068653000000000006,
                        0.031906999999999998,
                        300252,
                        381712,
                        0.0018699999999999999,
                        0.0,
                        1735812556.734031,
                        23547458475107
                    ],