{
    "stat": {
        "peak_mem_kb": 381280,
        "ru_self_end": {
            "ru_nvcsw": 1097,
            "ru_utime_sec": 0.073741000000000001,
            "ru_minflt": 13283,
            "ru_maxrss_kb": 123552,
            "ru_stime_sec": 0.073741000000000001,
            "ru_nivcsw": 60,
            "ru_majflt": 1318
        },
        "ru_childs_end": {
            "ru_nvcsw": 101,
            "ru_utime_sec": 0.014192,
            "ru_minflt": 2737,
            "ru_maxrss_kb": 112544,
            "ru_stime_sec": 0.007639,
            "ru_nivcsw": 31,
            "ru_majflt": 87
        },
        "cpu_cycles_end": 380507349613
    },
    "CompUnits": {},
    "Modules": {
        "...MASTER...": {
            "nRouts": 5,
            "start_perf": [
                0.3741919994354248,
                0.058883999999999999,
                0.065439999999999998,
                310220,
                381280,
                1735803275.0220571,
                380406703924
            ],
            "child_modules": {
                "testbench": 1,
                "std": 1
            },
            "end_perf": [
                0.38500595092773438,
                0.060775000000000003,
                0.065439999999999998,
                310220,
                381280,
                380433723329,
                0,
                0
            ],
            "nQuads": 0,
            "nMops": 0
        },
        "testbench": {
            "nRouts": 151,
            "start_perf": [
                0.39272284507751465,
                0.062420999999999997,
                0.066582000000000002,
                310220,
                381280,
                1735803275.0405879,
                380452910799
            ],
            "Compiled Times": 2,
            "child_modules": {},
            "end_perf": [
                0.4085240364074707,
                0.071043999999999996,
                0.071043999999999996,
                310220,
                381280,
                380492377339,
                17179869185,
                0
            ],
            "Compiled": "Yes",
            "nQuads": 1309,
            "nMops": 2797
        },
        "std": {
            "nRouts": 33,
            "start_perf": [
                0.38507485389709473,
                0.060845000000000003,
                0.065439999999999998,
                310220,
                381280,
                1735803275.0329399,
                380433840528
            ],
            "Compiled Times": 2,
            "child_modules": {},
            "Compiled": "Yes",
            "end_perf": [
                0.39269399642944336,
                0.062406999999999997,
                0.066567000000000001,
                310220,
                381280,
                380452857046,
                8589934594,
                0
            ],
            "svclass": [
                "$vcs_nba_dyn_obj",
                0,
                35,
                2,
                2,
                0,
                "sigprop$$",
                0,
                35,
                2,
                2,
                0,
                "process",
                0,
                200,
                8,
                8,
                0,
                "event",
                0,
                34,
                2,
                2,
                0,
                "mailbox",
                0,
                140,
                9,
                9,
                0,
                "semaphore",
                0,
                84,
                5,
                5,
                0
            ],
            "nMops": 528,
            "nQuads": 218
        }
    },
    "reusePaths": {
        "amcQw_d": {
            "icPath": "csrc"
        },
        "reYIK_d": {
            "icPath": "csrc"
        },
        "iAVhC_d": {
            "icPath": "csrc"
        }
    },
    "ObjArchives": [
        {
            "objects": [
                [
                    "amcQwB.o",
                    115970
                ]
            ],
            "archive": "archive.1/_6121_archive_1.a",
            "size": 115970
        }
    ]
}