{
    "stat": {
        "ru_self_end": {
            "ru_utime_sec": 0.11884599999999999,
            "ru_nvcsw": 9,
            "ru_stime_sec": 0.026172000000000001,
            "ru_maxrss_kb": 123124,
            "ru_minflt": 13959,
            "ru_majflt": 0,
            "ru_nivcsw": 143
        },
        "ru_childs_end": {
            "ru_utime_sec": 0.023893999999999999,
            "ru_nvcsw": 17,
            "ru_stime_sec": 0.011121000000000001,
            "ru_maxrss_kb": 111424,
            "ru_minflt": 4114,
            "ru_majflt": 0,
            "ru_nivcsw": 18
        },
        "cpu_cycles_end": 9814213504508,
        "peak_mem_kb": 385148
    },
    "Modules": {
        "...MASTER...": {
            "start_perf": [
                0.23445296287536621,
                0.084071999999999994,
                0.020555,
                300688,
                385148,
                1772238500.755688,
                9814111857520
            ],
            "end_perf": [
                0.23659992218017578,
                0.084071999999999994,
                0.022700999999999999,
                305172,
                385148,
                9814117250430,
                0,
                0
            ],
            "child_modules": {
                "std": 1,
                "testbench": 1
            },
            "nQuads": 0,
            "nMops": 0,
            "nRouts": 5
        },
        "std": {
            "start_perf": [
                0.23665904998779297,
                0.084071999999999994,
                0.022761,
                305172,
                385148,
                1772238500.757894,
                9814117360400
            ],
            "svclass": [
                "$vcs_nba_dyn_obj",
                576,
                35,
                2,
                2,
                0,
                "sigprop$$",
                576,
                35,
                2,
                2,
                0,
                "process",
                2380,
                200,
                8,
                8,
                0,
                "event",
                597,
                34,
                2,
                2,
                0,
                "mailbox",
                1769,
                140,
                9,
                9,
                0,
                "semaphore",
                1119,
                84,
                5,
                5,
                0
            ],
            "child_modules": {},
            "end_perf": [
                0.24363803863525391,
                0.088065000000000004,
                0.025684999999999999,
                307428,
                385148,
                9814134834425,
                8589934594,
                0
            ],
            "Compiled": "Yes",
            "Compiled Times": 1,
            "nMops": 528,
            "nQuads": 218,
            "nRouts": 33
        },
        "testbench": {
            "start_perf": [
                0.24369096755981445,
                0.088107000000000005,
                0.025697999999999999,
                307428,
                385148,
                1772238500.764926,
                9814134909646
            ],
            "end_perf": [
                0.27094912528991699,
                0.114875,
                0.025939,
                310872,
                385148,
                9814203003124,
                17179869185,
                0
            ],
            "child_modules": {},
            "Compiled": "Yes",
            "nMops": 2824,
            "Compiled Times": 1,
            "nQuads": 1255,
            "nRouts": 149
        }
    },
    "CompUnits": {
        "amcQw_d": {
            "mode": 4,
            "bytes": 7832,
            "mod": "...MASTER...",
            "out": "objs/amcQw_d.o",
            "text": 434,
            "checksum": 0
        },
        "reYIK_d": {
            "mode": 4,
            "bytes": 43000,
            "mod": "std",
            "out": "reYIK_d.o",
            "cls": 7017,
            "text": 7325,
            "checksum": 0,
            "archive": "archive.0/_190487_archive_1.a"
        },
        "iAVhC_d": {
            "mode": 4,
            "bytes": 57722,
            "mod": "testbench",
            "out": "iAVhC_d.o",
            "text": 29818,
            "checksum": 0,
            "archive": "archive.0/_190487_archive_1.a"
        }
    },
    "reusePaths": {},
    "ObjArchives": [
        {
            "archive": "archive.0/_190487_archive_1.a",
            "objects": [
                [
                    "reYIK_d.o",
                    43000
                ],
                [
                    "iAVhC_d.o",
                    57722
                ],
                [
                    "amcQwB.o",
                    117112
                ]
            ],
            "size": 217834
        }
    ]
}