{
    "CompUnits": {
        "amcQw_d": {
            "mod": "...MASTER...",
            "checksum": 0,
            "out": "objs/amcQw_d.o",
            "bytes": 7840,
            "mode": 4,
            "text": 434
        },
        "GM9M4_d": {
            "mod": "tb_alt_exc_dpram",
            "checksum": 0,
            "out": "GM9M4_d.o",
            "bytes": 67118,
            "archive": "archive.0/_36412_archive_1.a",
            "mode": 4,
            "text": 36338
        },
        "reYIK_d": {
            "mod": "std",
            "checksum": 0,
            "out": "reYIK_d.o",
            "bytes": 43000,
            "archive": "archive.0/_36412_archive_1.a",
            "mode": 4,
            "text": 7325,
            "cls": 7017
        }
    },
    "Modules": {
        "...MASTER...": {
            "start_perf": [
                0.21116185188293457,
                0.085123000000000004,
                0.021382999999999999,
                298892,
                384172,
                1755142568.8902509,
                16277071705282
            ],
            "nRouts": 5,
            "child_modules": {
                "tb_alt_exc_dpram": 1,
                "std": 1
            },
            "nQuads": 0,
            "end_perf": [
                0.21323895454406738,
                0.085123000000000004,
                0.023459000000000001,
                303332,
                384172,
                16277076932820,
                0,
                0
            ],
            "nMops": 0
        },
        "std": {
            "start_perf": [
                0.21333003044128418,
                0.085123000000000004,
                0.023532000000000001,
                303332,
                384172,
                1755142568.8924191,
                16277077118041
            ],
            "child_modules": {},
            "nMops": 528,
            "Compiled": "Yes",
            "Compiled Times": 1,
            "nQuads": 218,
            "end_perf": [
                0.22110795974731445,
                0.085123000000000004,
                0.031042,
                305516,
                384172,
                16277096604999,
                8589934594,
                0
            ],
            "svclass": [
                "$vcs_nba_dyn_obj",
                576,
                35,
                2,
                2,
                0,
                "sigprop$$",
                576,
                35,
                2,
                2,
                0,
                "process",
                2380,
                200,
                8,
                8,
                0,
                "event",
                597,
                34,
                2,
                2,
                0,
                "mailbox",
                1769,
                140,
                9,
                9,
                0,
                "semaphore",
                1119,
                84,
                5,
                5,
                0
            ],
            "nRouts": 33
        },
        "tb_alt_exc_dpram": {
            "start_perf": [
                0.22117781639099121,
                0.085123000000000004,
                0.031113999999999999,
                305516,
                384172,
                1755142568.9002669,
                16277096703516
            ],
            "significant_routs": [
                [
                    72,
                    "R_VCSgd_GM9M4_48",
                    3945368,
                    2836,
                    332
                ],
                [
                    78,
                    "R_VCSgd_GM9M4_4e",
                    4131585,
                    2816,
                    332
                ],
                [
                    95,
                    "R_VCSgd_GM9M4_5f",
                    2501535,
                    1718,
                    221
                ],
                [
                    96,
                    "R_VCSgd_GM9M4_60",
                    2535499,
                    1718,
                    221
                ]
            ],
            "child_modules": {},
            "nMops": 3985,
            "Compiled": "Yes",
            "Compiled Times": 1,
            "nQuads": 1573,
            "end_perf": [
                0.2610018253326416,
                0.117506,
                0.034113999999999998,
                309236,
                384172,
                16277196138073,
                17179869185,
                0
            ],
            "nRouts": 156
        }
    },
    "reusePaths": {},
    "ObjArchives": [
        {
            "archive": "archive.0/_36412_archive_1.a",
            "objects": [
                [
                    "reYIK_d.o",
                    43000
                ],
                [
                    "GM9M4_d.o",
                    67118
                ],
                [
                    "amcQwB.o",
                    118126
                ]
            ],
            "size": 228244
        }
    ],
    "stat": {
        "ru_self_end": {
            "ru_nivcsw": 214,
            "ru_maxrss_kb": 124740,
            "ru_utime_sec": 0.12124500000000001,
            "ru_minflt": 14174,
            "ru_stime_sec": 0.034389999999999997,
            "ru_nvcsw": 36,
            "ru_majflt": 0
        },
        "peak_mem_kb": 384172,
        "ru_childs_end": {
            "ru_nivcsw": 28,
            "ru_maxrss_kb": 112916,
            "ru_utime_sec": 0.017422,
            "ru_minflt": 2712,
            "ru_stime_sec": 0.0028270000000000001,
            "ru_nvcsw": 20,
            "ru_majflt": 0
        },
        "cpu_cycles_end": 16277206108713
    }
}