{
    "CompUnits": {
        "amcQw_d": {
            "mod": "...MASTER...",
            "out": "objs/amcQw_d.o",
            "bytes": 7824,
            "text": 434,
            "mode": 4,
            "checksum": 0
        },
        "reYIK_d": {
            "mod": "std",
            "out": "reYIK_d.o",
            "bytes": 43000,
            "text": 7325,
            "mode": 4,
            "cls": 7017,
            "checksum": 0,
            "archive": "archive.0/_109743_archive_1.a"
        },
        "g7hgQ_d": {
            "mod": "tb",
            "out": "g7hgQ_d.o",
            "bytes": 84068,
            "text": 42446,
            "mode": 4,
            "checksum": 0,
            "archive": "archive.0/_109743_archive_1.a"
        }
    },
    "Modules": {
        "tb": {
            "start_perf": [
                0.21240496635437012,
                0.075606000000000007,
                0.039792000000000001,
                312676,
                382016,
                1740887908.844862,
                18237204881822
            ],
            "significant_routs": [
                [
                    2,
                    "R_VCSgd_g7hgQ_2",
                    5142111,
                    4575,
                    576
                ],
                [
                    82,
                    "R_VCSgd_g7hgQ_52",
                    4314863,
                    3620,
                    369
                ]
            ],
            "child_modules": {},
            "Compiled": "Yes",
            "Compiled Times": 1,
            "nMops": 4709,
            "end_perf": [
                0.2518310546875,
                0.113265,
                0.040451000000000001,
                312676,
                382016,
                18237303330158,
                21474836481,
                0
            ],
            "nQuads": 1968,
            "nRouts": 165
        },
        "...MASTER...": {
            "start_perf": [
                0.20327186584472656,
                0.067079,
                0.039458,
                310728,
                382016,
                1740887908.8357289,
                18237182086387
            ],
            "child_modules": {
                "std": 1,
                "tb": 1
            },
            "end_perf": [
                0.20538187026977539,
                0.069173999999999999,
                0.039458,
                311708,
                382016,
                18237187390901,
                0,
                0
            ],
            "nQuads": 0,
            "nMops": 0,
            "nRouts": 5
        },
        "std": {
            "start_perf": [
                0.20544099807739258,
                0.069234000000000004,
                0.039458,
                311708,
                382016,
                1740887908.837898,
                18237187497172
            ],
            "child_modules": {},
            "Compiled": "Yes",
            "Compiled Times": 1,
            "nMops": 528,
            "end_perf": [
                0.2123560905456543,
                0.075573000000000001,
                0.039774999999999998,
                312676,
                382016,
                18237204813486,
                8589934594,
                0
            ],
            "svclass": [
                "$vcs_nba_dyn_obj",
                576,
                35,
                2,
                2,
                0,
                "sigprop$$",
                576,
                35,
                2,
                2,
                0,
                "process",
                2380,
                200,
                8,
                8,
                0,
                "event",
                597,
                34,
                2,
                2,
                0,
                "mailbox",
                1769,
                140,
                9,
                9,
                0,
                "semaphore",
                1119,
                84,
                5,
                5,
                0
            ],
            "nQuads": 218,
            "nRouts": 33
        }
    },
    "reusePaths": {},
    "ObjArchives": [
        {
            "archive": "archive.0/_109743_archive_1.a",
            "objects": [
                [
                    "reYIK_d.o",
                    43000
                ],
                [
                    "g7hgQ_d.o",
                    84068
                ],
                [
                    "amcQwB.o",
                    120150
                ]
            ],
            "size": 247218
        }
    ],
    "stat": {
        "ru_self_end": {
            "ru_nvcsw": 18,
            "ru_utime_sec": 0.11500199999999999,
            "ru_stime_sec": 0.043621,
            "ru_minflt": 14384,
            "ru_maxrss_kb": 128104,
            "ru_majflt": 0,
            "ru_nivcsw": 106
        },
        "ru_childs_end": {
            "ru_nvcsw": 19,
            "ru_utime_sec": 0.013705,
            "ru_stime_sec": 0.0067340000000000004,
            "ru_minflt": 2713,
            "ru_maxrss_kb": 115768,
            "ru_majflt": 0,
            "ru_nivcsw": 16
        },
        "cpu_cycles_end": 18237317289547,
        "peak_mem_kb": 382016
    }
}