{
    "rlimit": {
        "data": -1,
        "stack": -1
    },
    "MlibObjs": {},
    "cycles_program_begin": 39940968287686,
    "perf": [
        {
            "stat": [
                "main",
                "entry",
                0.015706062316894531,
                0.027740999999999998,
                0.019814999999999999,
                203220,
                204476,
                0.0,
                0.0,
                1751887187.855593,
                39940968466470
            ],
            "sub": [
                {
                    "stat": [
                        "doParsingAndDesignResolution",
                        "entry",
                        0.13112807273864746,
                        0.037206000000000003,
                        0.020445000000000001,
                        212908,
                        213708,
                        0.0,
                        0.0,
                        1751887187.971015,
                        39941256553941
                    ],
                    "sub": []
                },
                {
                    "stat": [
                        "doParsingAndDesignResolution",
                        "exit",
                        0.15188503265380859,
                        0.047530999999999997,
                        0.025593999999999999,
                        314032,
                        385112,
                        0.0,
                        0.0,
                        1751887187.9917719,
                        39941308363792
                    ],
                    "sub": []
                },
                {
                    "stat": [
                        "doPostDesignResolutionToVir2Vcs",
                        "entry",
                        0.15370917320251465,
                        0.048696000000000003,
                        0.026221000000000001,
                        300016,
                        385112,
                        0.0,
                        0.0,
                        1751887187.9935961,
                        39941312927076
                    ],
                    "sub": [
                        {
                            "stat": [
                                "doUptoVir2VcsNoSepCleanup",
                                "entry",
                                0.15880918502807617,
                                0.048696000000000003,
                                0.029756000000000001,
                                300240,
                                385112,
                                0.0,
                                0.0,
                                1751887187.9986961,
                                39941325641399
                            ],
                            "sub": []
                        },
                        {
                            "stat": [
                                "doUptoVir2VcsNoSepCleanup",
                                "exit",
                                0.17877817153930664,
                                0.061459,
                                0.032537000000000003,
                                314172,
                                385112,
                                0.0,
                                0.0,
                                1751887188.0186651,
                                39941375501380
                            ],
                            "sub": []
                        },
                        {
                            "stat": [
                                "doRadify_vir2vcsAll",
                                "entry",
                                0.17883419990539551,
                                0.061496000000000002,
                                0.032557000000000003,
                                314172,
                                385112,
                                0.0,
                                0.0,
                                1751887188.0187211,
                                39941375586670
                            ],
                            "sub": []
                        },
                        {
                            "stat": [
                                "doRadify_vir2vcsAll",
                                "exit",
                                0.19184708595275879,
                                0.065239000000000005,
                                0.032619000000000002,
                                314172,
                                385112,
                                0.0,
                                0.0,
                                1751887188.031734,
                                39941408134551
                            ],
                            "sub": []
                        }
                    ]
                },
                {
                    "stat": [
                        "doPostDesignResolutionToVir2Vcs",
                        "exit",
                        0.19189214706420898,
                        0.065269999999999995,
                        0.032634999999999997,
                        314172,
                        385112,
                        0.0,
                        0.0,
                        1751887188.0317791,
                        39941408170965
                    ],
                    "sub": []
                },
                {
                    "stat": [
                        "doGAToPass2",
                        "entry",
                        0.19190406799316406,
                        0.065278000000000003,
                        0.032639000000000001,
                        314172,
                        385112,
                        0.0,
                        0.0,
                        1751887188.031791,
                        39941408195021
                    ],
                    "sub": [
                        {
                            "stat": [
                                "DoPass2",
                                "entry",
                                0.23105502128601074,
                                0.066023999999999999,
                                0.033012,
                                312616,
                                385112,
                                0.017129999999999999,
                                0.001,
                                1751887188.0709419,
                                39941505987123
                            ],
                            "sub": []
                        },
                        {
                            "stat": [
                                "DoPass2",
                                "exit",
                                0.29446005821228027,
                                0.086247000000000004,
                                0.034499000000000002,
                                312616,
                                385112,
                                0.019681000000000001,
                                0.001,
                                1751887188.134347,
                                39941664216663
                            ],
                            "sub": []
                        }
                    ]
                },
                {
                    "stat": [
                        "doGAToPass2",
                        "exit",
                        0.29732918739318848,
                        0.088280999999999998,
                        0.035312000000000003,
                        314548,
                        385112,
                        0.019681000000000001,
                        0.001,
                        1751887188.1372161,
                        39941671394583
                    ],