{
    "Modules": {
        "...MASTER...": {
            "child_modules": {
                "std": 1,
                "tb_adder64": 1
            },
            "start_perf": [
                0.20561099052429199,
                0.061198000000000002,
                0.040798000000000001,
                298960,
                381568,
                1739342838.972239,
                43010685202829
            ],
            "nQuads": 0,
            "end_perf": [
                0.21252799034118652,
                0.061198000000000002,
                0.042604000000000003,
                300364,
                381568,
                43010702531193,
                0,
                0
            ],
            "nRouts": 5,
            "nMops": 0
        },
        "std": {
            "start_perf": [
                0.2130129337310791,
                0.061198000000000002,
                0.042700000000000002,
                300364,
                381568,
                1739342838.979641,
                43010703722832
            ],
            "child_modules": {},
            "Compiled": "Yes",
            "end_perf": [
                0.21630597114562988,
                0.063513,
                0.043665000000000002,
                300364,
                381568,
                43010711965407,
                8589934594,
                0
            ],
            "nQuads": 218,
            "Compiled Times": 2,
            "svclass": [
                "$vcs_nba_dyn_obj",
                0,
                35,
                2,
                2,
                0,
                "sigprop$$",
                0,
                35,
                2,
                2,
                0,
                "process",
                0,
                200,
                8,
                8,
                0,
                "event",
                0,
                34,
                2,
                2,
                0,
                "mailbox",
                0,
                140,
                9,
                9,
                0,
                "semaphore",
                0,
                84,
                5,
                5,
                0
            ],
            "nMops": 528,
            "nRouts": 33
        },
        "tb_adder64": {
            "child_modules": {},
            "start_perf": [
                0.21636199951171875,
                0.063547000000000006,
                0.043688999999999999,
                300364,
                381568,
                1739342838.98299,
                43010712042909
            ],
            "Compiled": "Yes",
            "nQuads": 1016,
            "end_perf": [
                0.23100590705871582,
                0.069953000000000001,
                0.045262999999999998,
                301572,
                381568,
                43010748651181,
                17179869185,
                0
            ],
            "Compiled Times": 2,
            "nRouts": 115,
            "nMops": 3066
        }
    },
    "ObjArchives": [
        {
            "size": 116512,
            "archive": "archive.1/_120274_archive_1.a",
            "objects": [
                [
                    "amcQwB.o",
                    116512
                ]
            ]
        }
    ],
    "CompUnits": {},
    "stat": {
        "ru_childs_end": {
            "ru_utime_sec": 0.015796000000000001,
            "ru_nivcsw": 28,
            "ru_stime_sec": 0.0071069999999999996,
            "ru_maxrss_kb": 112496,
            "ru_minflt": 2727,
            "ru_majflt": 0,
            "ru_nvcsw": 22
        },
        "ru_self_end": {
            "ru_utime_sec": 0.074559,
            "ru_nivcsw": 106,
            "ru_stime_sec": 0.045512999999999998,
            "ru_maxrss_kb": 119664,
            "ru_minflt": 12887,
            "ru_majflt": 0,
            "ru_nvcsw": 21
        },
        "cpu_cycles_end": 43010771502589,
        "peak_mem_kb": 381568
    },
    "reusePaths": {
        "amcQw_d": {
            "icPath": "csrc"
        },
        "reYIK_d": {
            "icPath": "csrc"
        },
        "WatCj_d": {
            "icPath": "csrc"
        }
    }
}