{
    "MlibObjs": {},
    "cycles_program_begin": 37842732564084,
    "cpu_cycles_pass2_start": 37843253720881,
    "perf": [
        {
            "stat": [
                "main",
                "entry",
                0.017489910125732422,
                0.029673999999999999,
                0.022768,
                203220,
                204476,
                0.0,
                0.0,
                1740569037.881882,
                37842732789735
            ],
            "sub": [
                {
                    "stat": [
                        "doParsingAndDesignResolution",
                        "entry",
                        0.13443803787231445,
                        0.037523000000000001,
                        0.026266000000000001,
                        212908,
                        213708,
                        0.0,
                        0.0,
                        1740569037.9988301,
                        37843024646688
                    ],
                    "sub": []
                },
                {
                    "stat": [
                        "doParsingAndDesignResolution",
                        "exit",
                        0.15732288360595703,
                        0.042641999999999999,
                        0.032724000000000003,
                        316488,
                        381984,
                        0.0,
                        0.0,
                        1740569038.0217149,
                        37843081792876
                    ],
                    "sub": []
                },
                {
                    "stat": [
                        "doPostDesignResolutionToVir2Vcs",
                        "entry",
                        0.16810393333435059,
                        0.049409000000000002,
                        0.035291999999999997,
                        298188,
                        381984,
                        0.0,
                        0.0,
                        1740569038.032496,
                        37843108696884
                    ],
                    "sub": [
                        {
                            "stat": [
                                "doUptoVir2VcsNoSepCleanup",
                                "entry",
                                0.17911696434020996,
                                0.053886000000000003,
                                0.035457000000000002,
                                298444,
                                381984,
                                0.0,
                                0.0,
                                1740569038.043509,
                                37843136176233
                            ],
                            "sub": []
                        },
                        {
                            "stat": [
                                "doUptoVir2VcsNoSepCleanup",
                                "exit",
                                0.19775104522705078,
                                0.060151000000000003,
                                0.045997999999999997,
                                311820,
                                381984,
                                0.0,
                                0.0,
                                1740569038.0621431,
                                37843182686738
                            ],
                            "sub": []
                        },
                        {
                            "stat": [
                                "doRadify_vir2vcsAll",
                                "entry",
                                0.19780492782592773,
                                0.060181999999999999,
                                0.046022,
                                311820,
                                381984,
                                0.0,
                                0.0,
                                1740569038.062197,
                                37843182762093
                            ],
                            "sub": []
                        },
                        {
                            "stat": [
                                "doRadify_vir2vcsAll",
                                "exit",
                                0.20175600051879883,
                                0.063947000000000004,
                                0.046184000000000003,
                                311820,
                                381984,
                                0.0,
                                0.0,
                                1740569038.066148,
                                37843192684343
                            ],
                            "sub": []
                        }
                    ]
                },
                {
                    "stat": [
                        "doPostDesignResolutionToVir2Vcs",
                        "exit",
                        0.20179295539855957,
                        0.063969999999999999,
                        0.046199999999999998,
                        311820,
                        381984,
                        0.0,
                        0.0,
                        1740569038.066185,
                        37843192713508
                    ],
                    "sub": []
                },
                {
                    "stat": [
                        "doGAToPass2",
                        "entry",
                        0.20180296897888184,
                        0.063976000000000005,
                        0.046204000000000002,
                        311820,
                        381984,
                        0.0,
                        0.0,
                        1740569038.066195,
                        37843192736006
                    ],
                    "sub": [
                        {
                            "stat": [
                                "DoPass2",
                                "entry",
                                0.22618794441223145,
                                0.064863000000000004,
                                0.046844999999999998,
                                310264,
                                381984,
                                0.014420000000000001,
                                0.0049259999999999998,
                                1740569038.09058,
                                37843253701131
                            ],
                            "sub": []
                        },
                        {
                            "stat": [
                                "DoPass2",
                                "exit",
                                0.2539360523223877,
                                0.087068999999999994,
                                0.047162000000000003,
                                310264,
                                381984,
                                0.014420000000000001,
                                0.00743,
                                1740569038.1183281,
                                37843322905595
                            ],
                            "sub": []
                        }
                    ]
                },
                {
                    "stat": [
                        "doGAToPass2",
                        "exit",
                        0.25708198547363281,
                        0.090160000000000004,
                        0.047162000000000003,
                        312196,
                        381984,
                        0.014420000000000001,
                        0.00743,
                        1740569038.121474,
                        37843330759423
                    ],