{
    "Modules": {
        "...MASTER...": {
            "start_perf": [
                0.20737910270690918,
                0.071152000000000007,
                0.023869999999999999,
                298772,
                381688,
                1772239258.523458,
                11705480552243
            ],
            "end_perf": [
                0.20891499519348145,
                0.072418999999999997,
                0.024139000000000001,
                303192,
                381688,
                11705484415589,
                0,
                0
            ],
            "child_modules": {
                "std": 1,
                "LIFObuffer_tb": 1
            },
            "nQuads": 0,
            "nMops": 0,
            "nRouts": 5
        },
        "std": {
            "start_perf": [
                0.20896100997924805,
                0.072453000000000004,
                0.024150999999999999,
                303192,
                381688,
                1772239258.5250399,
                11705484497863
            ],
            "child_modules": {},
            "end_perf": [
                0.21398806571960449,
                0.077239000000000002,
                0.024390999999999999,
                305480,
                381688,
                11705497093721,
                8589934594,
                0
            ],
            "Compiled": "Yes",
            "svclass": [
                "$vcs_nba_dyn_obj",
                576,
                35,
                2,
                2,
                0,
                "sigprop$$",
                576,
                35,
                2,
                2,
                0,
                "process",
                2380,
                200,
                8,
                8,
                0,
                "event",
                597,
                34,
                2,
                2,
                0,
                "mailbox",
                1769,
                140,
                9,
                9,
                0,
                "semaphore",
                1119,
                84,
                5,
                5,
                0
            ],
            "nQuads": 218,
            "Compiled Times": 1,
            "nMops": 528,
            "nRouts": 33
        },
        "LIFObuffer_tb": {
            "start_perf": [
                0.21402716636657715,
                0.077269000000000004,
                0.024400000000000002,
                305480,
                381688,
                1772239258.5301061,
                11705497142095
            ],
            "end_perf": [
                0.22662711143493652,
                0.089710999999999999,
                0.024466000000000002,
                307144,
                381688,
                11705528669744,
                17179869185,
                0
            ],
            "child_modules": {},
            "nRouts": 128,
            "Compiled": "Yes",
            "nQuads": 1056,
            "Compiled Times": 1,
            "nMops": 3230
        }
    },
    "stat": {
        "ru_self_end": {
            "ru_majflt": 0,
            "ru_utime_sec": 0.089710999999999999,
            "ru_stime_sec": 0.028103,
            "ru_maxrss_kb": 120936,
            "ru_minflt": 13403,
            "ru_nvcsw": 23,
            "ru_nivcsw": 97
        },
        "ru_childs_end": {
            "ru_majflt": 0,
            "ru_utime_sec": 0.012985,
            "ru_stime_sec": 0.019363999999999999,
            "ru_maxrss_kb": 111236,
            "ru_minflt": 4113,
            "ru_nvcsw": 17,
            "ru_nivcsw": 41
        },
        "cpu_cycles_end": 11705537660306,
        "peak_mem_kb": 381688
    },
    "CompUnits": {
        "amcQw_d": {
            "checksum": 0,
            "mod": "...MASTER...",
            "out": "objs/amcQw_d.o",
            "bytes": 7832,
            "text": 434,
            "mode": 4
        },
        "reYIK_d": {
            "checksum": 0,
            "mod": "std",
            "out": "reYIK_d.o",
            "bytes": 43000,
            "text": 7325,
            "cls": 7017,
            "archive": "archive.0/_254957_archive_1.a",
            "mode": 4
        },
        "iBQ0t_d": {
            "checksum": 0,
            "mod": "LIFObuffer_tb",
            "out": "iBQ0t_d.o",
            "bytes": 45504,
            "text": 25806,
            "archive": "archive.0/_254957_archive_1.a",
            "mode": 4
        }
    },
    "reusePaths": {},
    "ObjArchives": [
        {
            "archive": "archive.0/_254957_archive_1.a",
            "objects": [
                [
                    "reYIK_d.o",
                    43000
                ],
                [
                    "iBQ0t_d.o",
                    45504
                ],
                [
                    "amcQwB.o",
                    116886
                ]
            ],
            "size": 205390
        }
    ]
}