{
    "stat": {
        "ru_self_end": {
            "ru_utime_sec": 0.089952000000000004,
            "ru_stime_sec": 0.039356000000000002,
            "ru_nivcsw": 106,
            "ru_majflt": 0,
            "ru_maxrss_kb": 127120,
            "ru_minflt": 14136,
            "ru_nvcsw": 21
        },
        "ru_childs_end": {
            "ru_utime_sec": 0.0090849999999999993,
            "ru_stime_sec": 0.011198,
            "ru_nivcsw": 23,
            "ru_majflt": 0,
            "ru_maxrss_kb": 116112,
            "ru_minflt": 2725,
            "ru_nvcsw": 18
        },
        "cpu_cycles_end": 39940585278917,
        "peak_mem_kb": 381988
    },
    "Modules": {
        "...MASTER...": {
            "nMops": 0,
            "start_perf": [
                0.22214317321777344,
                0.068562999999999999,
                0.036297999999999997,
                310796,
                381988,
                1751887187.6595941,
                39940479200532
            ],
            "child_modules": {
                "tb": 1,
                "std": 1
            },
            "end_perf": [
                0.22759103775024414,
                0.069568000000000005,
                0.036830000000000002,
                310796,
                381988,
                39940492845094,
                0,
                0
            ],
            "nQuads": 0,
            "nRouts": 5
        },
        "tb": {
            "nMops": 4003,
            "start_perf": [
                0.23386716842651367,
                0.070203000000000002,
                0.039001000000000001,
                310796,
                381988,
                1751887187.6713181,
                39940508461257
            ],
            "child_modules": {},
            "Compiled": "Yes",
            "nQuads": 1444,
            "Compiled Times": 2,
            "end_perf": [
                0.25084018707275391,
                0.084964999999999999,
                0.039001000000000001,
                310796,
                381988,
                39940550880224,
                21474836481,
                0
            ],
            "nRouts": 151
        },
        "std": {
            "start_perf": [
                0.22765421867370605,
                0.069610000000000005,
                0.036852000000000003,
                310796,
                381988,
                1751887187.6651051,
                39940492952320
            ],
            "nMops": 528,
            "child_modules": {},
            "svclass": [
                "$vcs_nba_dyn_obj",
                0,
                35,
                2,
                2,
                0,
                "sigprop$$",
                0,
                35,
                2,
                2,
                0,
                "process",
                0,
                200,
                8,
                8,
                0,
                "event",
                0,
                34,
                2,
                2,
                0,
                "mailbox",
                0,
                140,
                9,
                9,
                0,
                "semaphore",
                0,
                84,
                5,
                5,
                0
            ],
            "Compiled": "Yes",
            "nQuads": 218,
            "Compiled Times": 2,
            "end_perf": [
                0.23381614685058594,
                0.070168999999999995,
                0.038982000000000003,
                310796,
                381988,
                39940508398967,
                8589934594,
                0
            ],
            "nRouts": 33
        }
    },
    "reusePaths": {
        "g7hgQ_d": {
            "icPath": "csrc"
        },
        "amcQw_d": {
            "icPath": "csrc"
        },
        "reYIK_d": {
            "icPath": "csrc"
        }
    },
    "CompUnits": {},
    "ObjArchives": [
        {
            "archive": "archive.1/_79655_archive_1.a",
            "objects": [
                [
                    "amcQwB.o",
                    118790
                ]
            ],
            "size": 118790
        }
    ]
}