{
    "ObjArchives": [
        {
            "archive": "archive.0/_45040_archive_1.a",
            "objects": [
                [
                    "reYIK_d.o",
                    43000
                ],
                [
                    "t2BSw_d.o",
                    40382
                ],
                [
                    "amcQwB.o",
                    118104
                ]
            ],
            "size": 201486
        }
    ],
    "reusePaths": {},
    "Modules": {
        "...MASTER...": {
            "nMops": 0,
            "start_perf": [
                0.18947100639343262,
                0.058328999999999999,
                0.033473999999999997,
                298852,
                384884,
                1751688516.691819,
                3317904285244
            ],
            "nQuads": 0,
            "end_perf": [
                0.19179201126098633,
                0.059894000000000003,
                0.034224999999999998,
                303384,
                384884,
                3317910147947,
                0,
                0
            ],
            "child_modules": {
                "tb_multi_pipe": 1,
                "std": 1
            },
            "nRouts": 5
        },
        "std": {
            "nMops": 528,
            "start_perf": [
                0.19189095497131348,
                0.059951999999999998,
                0.034257999999999997,
                303384,
                384884,
                1751688516.6942389,
                3317910328485
            ],
            "child_modules": {},
            "nQuads": 218,
            "end_perf": [
                0.20145297050476074,
                0.067521999999999999,
                0.034257999999999997,
                305480,
                384884,
                3317934243866,
                8589934594,
                0
            ],
            "Compiled": "Yes",
            "Compiled Times": 1,
            "significant_routs": [
                [
                    24,
                    "F_VCSgd_reYIK_24_0",
                    6346533,
                    984,
                    90
                ]
            ],
            "nRouts": 33,
            "svclass": [
                "$vcs_nba_dyn_obj",
                576,
                35,
                2,
                2,
                0,
                "sigprop$$",
                576,
                35,
                2,
                2,
                0,
                "process",
                2380,
                200,
                8,
                8,
                0,
                "event",
                597,
                34,
                2,
                2,
                0,
                "mailbox",
                1769,
                140,
                9,
                9,
                0,
                "semaphore",
                1119,
                84,
                5,
                5,
                0
            ]
        },
        "tb_multi_pipe": {
            "start_perf": [
                0.20150303840637207,
                0.067573999999999995,
                0.034257999999999997,
                305480,
                384884,
                1751688516.703851,
                3317934315055
            ],
            "nMops": 2928,
            "child_modules": {},
            "nQuads": 951,
            "end_perf": [
                0.22553205490112305,
                0.087094000000000005,
                0.037325999999999998,
                308872,
                384884,
                3317994358933,
                17179869185,
                0
            ],
            "Compiled": "Yes",
            "Compiled Times": 1,
            "significant_routs": [
                [
                    44,
                    "R_VCSgd_t2BSw_2c",
                    4776100,
                    3855,
                    492
                ]
            ],
            "nRouts": 87
        }
    },
    "CompUnits": {
        "amcQw_d": {
            "mode": 4,
            "mod": "...MASTER...",
            "out": "objs/amcQw_d.o",
            "bytes": 7832,
            "checksum": 0,
            "text": 434
        },
        "reYIK_d": {
            "mode": 4,
            "cls": 7017,
            "mod": "std",
            "out": "reYIK_d.o",
            "bytes": 43000,
            "checksum": 0,
            "text": 7325,
            "archive": "archive.0/_45040_archive_1.a"
        },
        "t2BSw_d": {
            "mode": 4,
            "mod": "tb_multi_pipe",
            "out": "t2BSw_d.o",
            "bytes": 40382,
            "checksum": 0,
            "text": 23454,
            "archive": "archive.0/_45040_archive_1.a"
        }
    },
    "stat": {
        "ru_self_end": {
            "ru_utime_sec": 0.091287999999999994,
            "ru_majflt": 4,
            "ru_stime_sec": 0.037781000000000002,
            "ru_nvcsw": 53,
            "ru_maxrss_kb": 122548,
            "ru_minflt": 13723,
            "ru_nivcsw": 85
        },
        "peak_mem_kb": 384884,
        "ru_childs_end": {
            "ru_utime_sec": 0.011206000000000001,
            "ru_majflt": 0,
            "ru_stime_sec": 0.0080809999999999996,
            "ru_nvcsw": 17,
            "ru_maxrss_kb": 111288,
            "ru_minflt": 2708,
            "ru_nivcsw": 30
        },
        "cpu_cycles_end": 3318007730824
    }
}