{
    "cpu_cycles_pass2_start": 7181429000678,
    "NameTable": {
        "std": [
            "std",
            "reYIK",
            "module",
            1
        ],
        "...MASTER...": [
            "SIM",
            "amcQw",
            "module",
            3
        ],
        "testbench": [
            "testbench",
            "iAVhC",
            "module",
            2
        ]
    },
    "cycles_program_begin": 7181000402798,
    "LVLData": [
        "SIM"
    ],
    "perf": [
        {
            "stat": [
                "main",
                "entry",
                0.017140865325927734,
                0.036072,
                0.012024,
                203220,
                204476,
                0.0,
                0.0,
                1735805999.6366019,
                7181000610748
            ],
            "sub": [
                {
                    "stat": [
                        "doParsingAndDesignResolution",
                        "entry",
                        0.13515901565551758,
                        0.046913999999999997,
                        0.012024,
                        212908,
                        213708,
                        0.0,
                        0.0,
                        1735805999.7546201,
                        7181295148747
                    ],
                    "sub": []
                },
                {
                    "stat": [
                        "doParsingAndDesignResolution",
                        "exit",
                        0.14916491508483887,
                        0.058173000000000002,
                        0.012024,
                        316116,
                        383768,
                        0.0,
                        0.0,
                        1735805999.768626,
                        7181330142548
                    ],
                    "sub": []
                },
                {
                    "stat": [
                        "doPostDesignResolutionToVir2Vcs",
                        "entry",
                        0.15417003631591797,
                        0.064602000000000007,
                        0.012112,
                        298048,
                        383768,
                        0.0,
                        0.0,
                        1735805999.7736311,
                        7181342604378
                    ],
                    "sub": [
                        {
                            "stat": [
                                "doUptoVir2VcsNoSepCleanup",
                                "entry",
                                0.15639901161193848,
                                0.066832000000000003,
                                0.012112,
                                298272,
                                383768,
                                0.0,
                                0.0,
                                1735805999.7758601,
                                7181348154706
                            ],
                            "sub": []
                        },
                        {
                            "stat": [
                                "doUptoVir2VcsNoSepCleanup",
                                "exit",
                                0.16888999938964844,
                                0.077425999999999995,
                                0.012225,
                                298656,
                                383768,
                                0.0,
                                0.0017570000000000001,
                                1735805999.7883511,
                                7181379370365
                            ],
                            "sub": []
                        },
                        {
                            "stat": [
                                "doRadify_vir2vcsAll",
                                "entry",
                                0.1689460277557373,
                                0.077475000000000002,
                                0.012232,
                                298656,
                                383768,
                                0.0,
                                0.0017570000000000001,
                                1735805999.7884071,
                                7181379448836
                            ],
                            "sub": []
                        },
                        {
                            "stat": [
                                "doRadify_vir2vcsAll",
                                "exit",
                                0.17164993286132812,
                                0.080113000000000004,
                                0.012232,
                                300432,
                                383768,
                                0.0,
                                0.0017570000000000001,
                                1735805999.791111,
                                7181386320093
                            ],
                            "sub": []
                        }
                    ]
                },
                {
                    "stat": [
                        "doPostDesignResolutionToVir2Vcs",
                        "exit",
                        0.17171502113342285,
                        0.080180000000000001,
                        0.012232,
                        300432,
                        383768,
                        0.0,
                        0.0017570000000000001,
                        1735805999.7911761,
                        7181386355096
                    ],
                    "sub": []
                },
                {
                    "stat": [
                        "doGAToPass2",
                        "entry",
                        0.17172694206237793,
                        0.080191999999999999,
                        0.012232,
                        300432,
                        383768,
                        0.0,
                        0.0017570000000000001,
                        1735805999.791188,
                        7181386383125
                    ],
                    "sub": [
                        {
                            "stat": [
                                "DoPass2",
                                "entry",
                                0.1887819766998291,
                                0.081226000000000007,
                                0.012232,
                                298876,
                                383768,
                                0.014123,
                                0.0037100000000000002,
                                1735805999.808243,
                                7181428993418
                            ],
                            "sub": []
                        },
                        {
                            "stat": [
                                "DoPass2",
                                "exit",
                                0.22267603874206543,
                                0.10538699999999999,
                                0.017781999999999999,
                                310464,
                                383768,
                                0.014123,
                                0.0037100000000000002,
                                1735805999.8421371,
                                7181513606311
                            ],