{
    "Modules": {
        "tb": {
            "start_perf": [
                0.23060393333435059,
                0.091905000000000001,
                0.030634999999999999,
                312684,
                381520,
                1772525765.3120029,
                4157850796968
            ],
            "Compiled Times": 1,
            "significant_routs": [
                [
                    2,
                    "R_VCSgd_g7hgQ_2",
                    4978011,
                    4575,
                    576
                ],
                [
                    86,
                    "R_VCSgd_g7hgQ_56",
                    3982185,
                    3620,
                    369
                ]
            ],
            "child_modules": {},
            "Compiled": "Yes",
            "end_perf": [
                0.26900100708007812,
                0.129997,
                0.030634999999999999,
                312684,
                381520,
                4157946699266,
                21474836481,
                0
            ],
            "nRouts": 159,
            "nQuads": 1969,
            "nMops": 4858
        },
        "...MASTER...": {
            "start_perf": [
                0.2213590145111084,
                0.085277000000000006,
                0.028171999999999999,
                310740,
                381520,
                1772525765.302758,
                4157827727770
            ],
            "child_modules": {
                "std": 1,
                "tb": 1
            },
            "end_perf": [
                0.22364711761474609,
                0.085277000000000006,
                0.030338,
                311716,
                381520,
                4157833476979,
                0,
                0
            ],
            "nRouts": 5,
            "nQuads": 0,
            "nMops": 0
        },
        "std": {
            "start_perf": [
                0.2237241268157959,
                0.085277000000000006,
                0.030402999999999999,
                311716,
                381520,
                1772525765.3051231,
                4157833625782
            ],
            "Compiled Times": 1,
            "child_modules": {},
            "Compiled": "Yes",
            "end_perf": [
                0.23055100440979004,
                0.091865000000000002,
                0.030620999999999999,
                312684,
                381520,
                4157850721154,
                8589934594,
                0
            ],
            "svclass": [
                "$vcs_nba_dyn_obj",
                576,
                35,
                2,
                2,
                0,
                "sigprop$$",
                576,
                35,
                2,
                2,
                0,
                "process",
                2380,
                200,
                8,
                8,
                0,
                "event",
                597,
                34,
                2,
                2,
                0,
                "mailbox",
                1769,
                140,
                9,
                9,
                0,
                "semaphore",
                1119,
                84,
                5,
                5,
                0
            ],
            "nRouts": 33,
            "nQuads": 218,
            "nMops": 528
        }
    },
    "CompUnits": {
        "g7hgQ_d": {
            "out": "g7hgQ_d.o",
            "mod": "tb",
            "archive": "archive.0/_71184_archive_1.a",
            "text": 43202,
            "bytes": 84132,
            "mode": 4,
            "checksum": 0
        },
        "amcQw_d": {
            "out": "objs/amcQw_d.o",
            "mod": "...MASTER...",
            "text": 434,
            "bytes": 7824,
            "mode": 4,
            "checksum": 0
        },
        "reYIK_d": {
            "out": "reYIK_d.o",
            "mod": "std",
            "archive": "archive.0/_71184_archive_1.a",
            "text": 7325,
            "bytes": 43000,
            "cls": 7017,
            "mode": 4,
            "checksum": 0
        }
    },
    "reusePaths": {},
    "ObjArchives": [
        {
            "archive": "archive.0/_71184_archive_1.a",
            "objects": [
                [
                    "reYIK_d.o",
                    43000
                ],
                [
                    "g7hgQ_d.o",
                    84132
                ],
                [
                    "amcQwB.o",
                    120352
                ]
            ],
            "size": 247484
        }
    ],
    "stat": {
        "cpu_cycles_end": 4157961117441,
        "ru_self_end": {
            "ru_majflt": 0,
            "ru_utime_sec": 0.13059999999999999,
            "ru_stime_sec": 0.034826000000000003,
            "ru_maxrss_kb": 128740,
            "ru_minflt": 14365,
            "ru_nvcsw": 23,
            "ru_nivcsw": 115
        },
        "ru_childs_end": {
            "ru_majflt": 0,
            "ru_utime_sec": 0.022211000000000002,
            "ru_stime_sec": 0.007456,
            "ru_maxrss_kb": 116208,
            "ru_minflt": 4111,
            "ru_nvcsw": 18,
            "ru_nivcsw": 17
        },
        "peak_mem_kb": 381520
    }
}