{
    "reusePaths": {},
    "Modules": {
        "tb_adder64": {
            "start_perf": [
                0.23653697967529297,
                0.073958999999999997,
                0.035033000000000002,
                305480,
                385040,
                1755714414.9662769,
                4312027076722
            ],
            "child_modules": {},
            "significant_routs": [
                [
                    69,
                    "R_VCSgd_WatCj_45",
                    3960137,
                    1504,
                    165
                ],
                [
                    80,
                    "R_VCSgd_WatCj_50",
                    9214827,
                    4105,
                    411
                ],
                [
                    157,
                    "R_VCSgd_WatCj_9d",
                    4953973,
                    5098,
                    702
                ]
            ],
            "Compiled": "Yes",
            "Compiled Times": 1,
            "end_perf": [
                0.26719903945922852,
                0.095410999999999996,
                0.039753999999999998,
                307144,
                385040,
                4312103646104,
                17179869185,
                0
            ],
            "nMops": 4358,
            "nQuads": 1488,
            "nRouts": 163
        },
        "...MASTER...": {
            "start_perf": [
                0.22566819190979004,
                0.066867999999999997,
                0.032280999999999997,
                298676,
                385040,
                1755714414.9554081,
                4311999952583
            ],
            "nRouts": 5,
            "child_modules": {
                "std": 1,
                "tb_adder64": 1
            },
            "nMops": 0,
            "end_perf": [
                0.22778010368347168,
                0.067506999999999998,
                0.033752999999999998,
                303224,
                385040,
                4312005254339,
                0,
                0
            ],
            "nQuads": 0
        },
        "std": {
            "svclass": [
                "$vcs_nba_dyn_obj",
                576,
                35,
                2,
                2,
                0,
                "sigprop$$",
                576,
                35,
                2,
                2,
                0,
                "process",
                2380,
                200,
                8,
                8,
                0,
                "event",
                597,
                34,
                2,
                2,
                0,
                "mailbox",
                1769,
                140,
                9,
                9,
                0,
                "semaphore",
                1119,
                84,
                5,
                5,
                0
            ],
            "start_perf": [
                0.22835707664489746,
                0.067554000000000003,
                0.033777000000000001,
                303224,
                385040,
                1755714414.958097,
                4312006688072
            ],
            "child_modules": {},
            "Compiled": "Yes",
            "Compiled Times": 1,
            "end_perf": [
                0.23648405075073242,
                0.073922000000000002,
                0.035015999999999999,
                305480,
                385040,
                4312027005996,
                8589934594,
                0
            ],
            "nMops": 528,
            "nQuads": 218,
            "nRouts": 33
        }
    },
    "CompUnits": {
        "amcQw_d": {
            "out": "objs/amcQw_d.o",
            "mod": "...MASTER...",
            "mode": 4,
            "bytes": 7832,
            "text": 434,
            "checksum": 0
        },
        "WatCj_d": {
            "out": "WatCj_d.o",
            "mod": "tb_adder64",
            "mode": 4,
            "bytes": 62650,
            "text": 37146,
            "checksum": 0,
            "archive": "archive.0/_44381_archive_1.a"
        },
        "reYIK_d": {
            "cls": 7017,
            "out": "reYIK_d.o",
            "mod": "std",
            "mode": 4,
            "bytes": 43000,
            "text": 7325,
            "checksum": 0,
            "archive": "archive.0/_44381_archive_1.a"
        }
    },
    "ObjArchives": [
        {
            "size": 223046,
            "objects": [
                [
                    "reYIK_d.o",
                    43000
                ],
                [
                    "WatCj_d.o",
                    62650
                ],
                [
                    "amcQwB.o",
                    117396
                ]
            ],
            "archive": "archive.0/_44381_archive_1.a"
        }
    ],
    "stat": {
        "ru_self_end": {
            "ru_majflt": 0,
            "ru_utime_sec": 0.099325999999999998,
            "ru_stime_sec": 0.040100999999999998,
            "ru_nvcsw": 10,
            "ru_maxrss_kb": 121288,
            "ru_nivcsw": 103,
            "ru_minflt": 13537
        },
        "ru_childs_end": {
            "ru_majflt": 0,
            "ru_utime_sec": 0.012285000000000001,
            "ru_stime_sec": 0.0082909999999999998,
            "ru_nvcsw": 21,
            "ru_maxrss_kb": 111148,
            "ru_nivcsw": 15,
            "ru_minflt": 2709
        },
        "cpu_cycles_end": 4312114390844,
        "peak_mem_kb": 385040
    }
}