{
    "Modules": {
        "std": {
            "start_perf": [
                0.22499394416809082,
                0.074088000000000001,
                0.035770000000000003,
                305184,
                385144,
                1741079540.1470349,
                68039460128376
            ],
            "child_modules": {},
            "nQuads": 218,
            "Compiled": "Yes",
            "end_perf": [
                0.23317503929138184,
                0.080002000000000004,
                0.037895999999999999,
                307440,
                385144,
                68039480635401,
                8589934594,
                0
            ],
            "Compiled Times": 1,
            "svclass": [
                "$vcs_nba_dyn_obj",
                576,
                35,
                2,
                2,
                0,
                "sigprop$$",
                576,
                35,
                2,
                2,
                0,
                "process",
                2380,
                200,
                8,
                8,
                0,
                "event",
                597,
                34,
                2,
                2,
                0,
                "mailbox",
                1769,
                140,
                9,
                9,
                0,
                "semaphore",
                1119,
                84,
                5,
                5,
                0
            ],
            "nMops": 528,
            "nRouts": 33
        },
        "...MASTER...": {
            "start_perf": [
                0.22252106666564941,
                0.071613999999999997,
                0.035770000000000003,
                300636,
                385144,
                1741079540.144562,
                68039453958296
            ],
            "nQuads": 0,
            "child_modules": {
                "std": 1,
                "testbench": 1
            },
            "nRouts": 5,
            "end_perf": [
                0.22493100166320801,
                0.074023000000000005,
                0.035770000000000003,
                305184,
                385144,
                68039460000056,
                0,
                0
            ],
            "nMops": 0
        },
        "testbench": {
            "start_perf": [
                0.2332451343536377,
                0.080050999999999997,
                0.037918,
                307440,
                385144,
                1741079540.1552861,
                68039480724244
            ],
            "child_modules": {},
            "nQuads": 1270,
            "Compiled": "Yes",
            "end_perf": [
                0.2782599925994873,
                0.103504,
                0.045541999999999999,
                310896,
                385144,
                68039593129788,
                17179869185,
                0
            ],
            "Compiled Times": 1,
            "significant_routs": [
                [
                    98,
                    "R_VCSgd_iAVhC_62",
                    6837067,
                    1270,
                    104
                ]
            ],
            "nMops": 2806,
            "nRouts": 148
        }
    },
    "ObjArchives": [
        {
            "archive": "archive.0/_135812_archive_1.a",
            "size": 217532,
            "objects": [
                [
                    "reYIK_d.o",
                    43000
                ],
                [
                    "iAVhC_d.o",
                    57344
                ],
                [
                    "amcQwB.o",
                    117188
                ]
            ]
        }
    ],
    "CompUnits": {
        "iAVhC_d": {
            "archive": "archive.0/_135812_archive_1.a",
            "mod": "testbench",
            "mode": 4,
            "out": "iAVhC_d.o",
            "bytes": 57344,
            "text": 29670,
            "checksum": 0
        },
        "amcQw_d": {
            "mod": "...MASTER...",
            "mode": 4,
            "out": "objs/amcQw_d.o",
            "bytes": 7832,
            "text": 434,
            "checksum": 0
        },
        "reYIK_d": {
            "archive": "archive.0/_135812_archive_1.a",
            "mod": "std",
            "mode": 4,
            "out": "reYIK_d.o",
            "bytes": 43000,
            "text": 7325,
            "cls": 7017,
            "checksum": 0
        }
    },
    "reusePaths": {},
    "stat": {
        "ru_self_end": {
            "ru_nvcsw": 12,
            "ru_utime_sec": 0.10761,
            "ru_stime_sec": 0.045959,
            "ru_majflt": 0,
            "ru_maxrss_kb": 123500,
            "ru_minflt": 13964,
            "ru_nivcsw": 128
        },
        "cpu_cycles_end": 68039604576883,
        "ru_childs_end": {
            "ru_nvcsw": 15,
            "ru_utime_sec": 0.016997999999999999,
            "ru_stime_sec": 0.0037680000000000001,
            "ru_majflt": 0,
            "ru_maxrss_kb": 111620,
            "ru_minflt": 2719,
            "ru_nivcsw": 11
        },
        "peak_mem_kb": 385144
    }
}