{
    "Modules": {
        "...MASTER...": {
            "child_modules": {
                "std": 1,
                "tb": 1
            },
            "start_perf": [
                0.20891404151916504,
                0.070109000000000005,
                0.035054000000000002,
                298880,
                384116,
                1740725561.457186,
                47641197326050
            ],
            "nQuads": 0,
            "end_perf": [
                0.21088314056396484,
                0.071892999999999999,
                0.035054000000000002,
                303432,
                384116,
                47641202254033,
                0,
                0
            ],
            "nMops": 0,
            "nRouts": 5
        },
        "std": {
            "start_perf": [
                0.21092796325683594,
                0.071938000000000002,
                0.035054000000000002,
                303432,
                384116,
                1740725561.4591999,
                47641202337601
            ],
            "child_modules": {},
            "svclass": [
                "$vcs_nba_dyn_obj",
                576,
                35,
                2,
                2,
                0,
                "sigprop$$",
                576,
                35,
                2,
                2,
                0,
                "process",
                2380,
                200,
                8,
                8,
                0,
                "event",
                597,
                34,
                2,
                2,
                0,
                "mailbox",
                1769,
                140,
                9,
                9,
                0,
                "semaphore",
                1119,
                84,
                5,
                5,
                0
            ],
            "Compiled": "Yes",
            "Compiled Times": 1,
            "end_perf": [
                0.2176671028137207,
                0.078435000000000005,
                0.035296000000000001,
                305644,
                384116,
                47641219232186,
                8589934594,
                0
            ],
            "nQuads": 218,
            "nMops": 528,
            "nRouts": 33
        },
        "tb": {
            "start_perf": [
                0.21772599220275879,
                0.078477000000000005,
                0.035313999999999998,
                305644,
                384116,
                1740725561.4659979,
                47641219317632
            ],
            "child_modules": {},
            "Compiled": "Yes",
            "Compiled Times": 1,
            "significant_routs": [
                [
                    2,
                    "R_VCSgd_g7hgQ_2",
                    3943131,
                    3505,
                    443
                ]
            ],
            "end_perf": [
                0.25201916694641113,
                0.104648,
                0.042633999999999998,
                309432,
                384116,
                47641304965608,
                21474836481,
                0
            ],
            "nQuads": 1716,
            "nMops": 3728,
            "nRouts": 156
        }
    },
    "CompUnits": {
        "amcQw_d": {
            "text": 434,
            "mod": "...MASTER...",
            "out": "objs/amcQw_d.o",
            "bytes": 7824,
            "checksum": 0,
            "mode": 4
        },
        "g7hgQ_d": {
            "text": 35570,
            "mod": "tb",
            "out": "g7hgQ_d.o",
            "bytes": 75650,
            "checksum": 0,
            "mode": 4,
            "archive": "archive.0/_113039_archive_1.a"
        },
        "reYIK_d": {
            "text": 7325,
            "mod": "std",
            "cls": 7017,
            "out": "reYIK_d.o",
            "bytes": 43000,
            "checksum": 0,
            "mode": 4,
            "archive": "archive.0/_113039_archive_1.a"
        }
    },
    "reusePaths": {},
    "ObjArchives": [
        {
            "archive": "archive.0/_113039_archive_1.a",
            "objects": [
                [
                    "reYIK_d.o",
                    43000
                ],
                [
                    "g7hgQ_d.o",
                    75650
                ],
                [
                    "amcQwB.o",
                    119712
                ]
            ],
            "size": 238362
        }
    ],
    "stat": {
        "ru_self_end": {
            "ru_utime_sec": 0.108725,
            "ru_minflt": 14289,
            "ru_maxrss_kb": 124784,
            "ru_stime_sec": 0.043006000000000003,
            "ru_majflt": 0,
            "ru_nvcsw": 29,
            "ru_nivcsw": 77
        },
        "cpu_cycles_end": 47641316000107,
        "ru_childs_end": {
            "ru_utime_sec": 0.015381000000000001,
            "ru_minflt": 2711,
            "ru_maxrss_kb": 112708,
            "ru_stime_sec": 0.0045919999999999997,
            "ru_majflt": 0,
            "ru_nvcsw": 20,
            "ru_nivcsw": 25
        },
        "peak_mem_kb": 384116
    }
}