{
    "stat": {
        "ru_self_cgstart": {
            "ru_utime_sec": 0.18918599999999999,
            "ru_stime_sec": 0.051237999999999999,
            "ru_majflt": 601,
            "ru_minflt": 13835,
            "ru_maxrss_kb": 116852,
            "ru_nivcsw": 106,
            "ru_nvcsw": 559
        },
        "peak_mem_kb": 385652,
        "ru_childs_cgstart": {
            "ru_utime_sec": 0.044270999999999998,
            "ru_stime_sec": 0.029971999999999999,
            "ru_majflt": 448,
            "ru_minflt": 10594,
            "ru_maxrss_kb": 116852,
            "ru_nivcsw": 33,
            "ru_nvcsw": 434
        },
        "ru_childs_end": {
            "ru_utime_sec": 0.044270999999999998,
            "ru_stime_sec": 0.029971999999999999,
            "ru_majflt": 448,
            "ru_minflt": 10594,
            "ru_maxrss_kb": 116852,
            "ru_nivcsw": 33,
            "ru_nvcsw": 434
        },
        "cpu_cycles_cgstart": 183763366351328,
        "nMops": 64817,
        "nQuads": 22005,
        "totalObjSize": 868248,
        "ru_self_end": {
            "ru_utime_sec": 0.44248599999999999,
            "ru_stime_sec": 0.060338999999999997,
            "ru_majflt": 645,
            "ru_minflt": 17290,
            "ru_maxrss_kb": 133608,
            "ru_nivcsw": 251,
            "ru_nvcsw": 588
        },
        "realTime": 0.8549659252166748,
        "quadSpeed": 86873.272799052516,
        "cpu_cycles_end": 183764176198877,
        "cpu_cycles_total": 2058351189,
        "mopSpeed": 255890.24871693648,
        "CodeGen(%)": 52.038286044165773,
        "Frontend(%)": 47.961713955834227,
        "mop/quad": 2.9455578277664167,
        "outputSizePerQuad": 39.45685071574642
    },
    "cycles_program_begin": 183762117847688,
    "perf": [
        {
            "stat": [
                "main",
                "entry",
                0.030830860137939453,
                0.028851000000000002,
                0.020608000000000001,
                203220,
                204476,
                0.0,
                0.0,
                1751944808.8119309,
                183762119344713
            ],
            "sub": [
                {
                    "stat": [
                        "doParsingAndDesignResolution",
                        "entry",
                        0.16390204429626465,
                        0.036678000000000002,
                        0.022922999999999999,
                        212908,
                        213708,
                        0.0,
                        0.0,
                        1751944808.9450021,
                        183762451462016
                    ],
                    "sub": []
                },
                {
                    "stat": [
                        "doParsingAndDesignResolution",
                        "exit",
                        0.27212905883789062,
                        0.092395000000000005,
                        0.033598000000000003,
                        312716,
                        385652,
                        0.0,
                        0.0,
                        1751944809.0532291,
                        183762721601061
                    ],
                    "sub": []
                },
                {
                    "stat": [
                        "doPostDesignResolutionToVir2Vcs",
                        "entry",
                        0.27494907379150391,
                        0.094572000000000003,
                        0.033598000000000003,
                        298700,
                        385652,
                        0.0,
                        0.0,
                        1751944809.0560491,
                        183762728639462
                    ],
                    "sub": [
                        {
                            "stat": [
                                "doUptoVir2VcsNoSepCleanup",
                                "entry",
                                0.30012989044189453,
                                0.10889600000000001,
                                0.036297999999999997,
                                298956,
                                385652,
                                0.0,
                                0.0,
                                1751944809.0812299,
                                183762791494931
                            ],
                            "sub": []
                        },
                        {
                            "stat": [
                                "doUptoVir2VcsNoSepCleanup",
                                "exit",
                                0.44449496269226074,
                                0.18256800000000001,
                                0.047626000000000002,
                                314136,
                                385652,
                                0.0021679999999999998,
                                0.0,
                                1751944809.225595,
                                183763151839313
                            ],
                            "sub": []
                        },
                        {
                            "stat": [
                                "doRadify_vir2vcsAll",
                                "entry",
                                0.44521403312683105,
                                0.18256800000000001,
                                0.047777,
                                314136,
                                385652,
                                0.027459000000000001,
                                0.022638999999999999,
                                1751944809.2263141,
                                183763153591835
                            ],
                            "sub": []
                        },
                        {
                            "stat": [
                                "doRadify_vir2vcsAll",
                                "exit",
                                0.45847201347351074,
                                0.187779,
                                0.050855999999999998,
                                314136,
                                385652,
                                0.027459000000000001,
                                0.022638999999999999,
                                1751944809.239572,
                                183763186702376
                            ],
                            "sub": []
                        }
                    ]
                },
                {
                    "stat": [
                        "doPostDesignResolutionToVir2Vcs",
                        "exit",
                        0.45852804183959961,
                        0.18781100000000001,
                        0.050865,
                        314136,
                        385652,
                        0.027459000000000001,
                        0.022638999999999999,
                        1751944809.2396281,
                        183763186779338
                    ],
                    "sub": []
                },
                {
                    "stat": [
                        "doGAToPass2",
                        "entry",
                        0.45853996276855469,
                        0.18781999999999999,
                        0.050867999999999997,
                        314136,
                        385652,
                        0.027459000000000001,
                        0.022638999999999999,
                        1751944809.23964,
                        183763186804273
                    ],