{
    "rlimit": {
        "data": -1,
        "stack": -1
    },
    "MlibObjs": {},
    "cycles_program_begin": 16278218312999,
    "CompileStrategy": "fullobj",
    "NameTable": {
        "std": [
            "std",
            "reYIK",
            "module",
            1
        ],
        "...MASTER...": [
            "SIM",
            "amcQw",
            "module",
            3
        ],
        "tb_alt_exc_dpram": [
            "tb_alt_exc_dpram",
            "GM9M4",
            "module",
            2
        ]
    },
    "CompileProcesses": [
        "cgproc.38151.json"
    ],
    "perf": [
        {
            "sub": [
                {
                    "sub": [],
                    "stat": [
                        "doParsingAndDesignResolution",
                        "entry",
                        0.13972806930541992,
                        0.032661000000000003,
                        0.025402999999999998,
                        212908,
                        213708,
                        0.0,
                        0.0,
                        1755142569.472954,
                        16278526215549
                    ]
                },
                {
                    "sub": [],
                    "stat": [
                        "doParsingAndDesignResolution",
                        "exit",
                        0.15625596046447754,
                        0.038191999999999997,
                        0.034373000000000001,
                        316628,
                        381996,
                        0.0,
                        0.0,
                        1755142569.4894819,
                        16278567443987
                    ]
                },
                {
                    "sub": [
                        {
                            "sub": [],
                            "stat": [
                                "doUptoVir2VcsNoSepCleanup",
                                "entry",
                                0.1692650318145752,
                                0.045332999999999998,
                                0.038415999999999999,
                                298456,
                                381996,
                                0.0,
                                0.0,
                                1755142569.502491,
                                16278599916993
                            ]
                        },
                        {
                            "sub": [],
                            "stat": [
                                "doUptoVir2VcsNoSepCleanup",
                                "exit",
                                0.19274210929870605,
                                0.053954000000000002,
                                0.046760000000000003,
                                299352,
                                381996,
                                0.0018619999999999999,
                                0.0,
                                1755142569.5259681,
                                16278658497360
                            ]
                        },
                        {
                            "sub": [],
                            "stat": [
                                "doRadify_vir2vcsAll",
                                "entry",
                                0.19279694557189941,
                                0.053983999999999997,
                                0.046786000000000001,
                                299352,
                                381996,
                                0.0018619999999999999,
                                0.0,
                                1755142569.5260229,
                                16278658587635
                            ]
                        },
                        {
                            "sub": [],
                            "stat": [
                                "doRadify_vir2vcsAll",
                                "exit",
                                0.195465087890625,
                                0.055412999999999997,
                                0.048023999999999997,
                                300312,
                                381996,
                                0.0018619999999999999,
                                0.0,
                                1755142569.5286911,
                                16278665303660
                            ]
                        }
                    ],
                    "stat": [
                        "doPostDesignResolutionToVir2Vcs",
                        "entry",
                        0.16186904907226562,
                        0.041992000000000002,
                        0.036600000000000001,
                        298200,
                        381996,
                        0.0,
                        0.0,
                        1755142569.495095,
                        16278581441479
                    ]
                },
                {
                    "sub": [],
                    "stat": [
                        "doPostDesignResolutionToVir2Vcs",
                        "exit",
                        0.19550395011901855,
                        0.055433999999999997,
                        0.048043000000000002,
                        300312,
                        381996,
                        0.0018619999999999999,
                        0.0,
                        1755142569.5287299,
                        16278665338805
                    ]
                },
                {
                    "sub": [
                        {
                            "sub": [],
                            "stat": [
                                "DoPass2",
                                "entry",
                                0.22034001350402832,
                                0.055953999999999997,
                                0.048493000000000001,
                                298756,
                                381996,
                                0.0097210000000000005,
                                0.0097310000000000001,
                                1755142569.553566,
                                16278727386976
                            ]
                        },
                        {
                            "sub": [],
                            "stat": [
                                "DoPass2",
                                "exit",
                                0.26438307762145996,
                                0.094951999999999995,
                                0.051431999999999999,
                                310896,
                                381996,
                                0.0097210000000000005,
                                0.0097310000000000001,
                                1755142569.597609,
                                16278837306746
                            ]
                        }
                    ],
                    "stat": [
                        "doGAToPass2",
                        "entry",
                        0.19551610946655273,
                        0.055440999999999997,
                        0.048049000000000001,
                        300312,
                        381996,
                        0.0018619999999999999,
                        0.0,
                        1755142569.5287421,
                        16278665366085
                    ]
                },
                {
                    "sub": [],