{
    "reusePaths": {},
    "Modules": {
        "testbench": {
            "start_perf": [
                0.21205401420593262,
                0.069034999999999999,
                0.032998,
                305432,
                383840,
                1755717575.034091,
                12199519038735
            ],
            "child_modules": {},
            "nRouts": 97,
            "Compiled": "Yes",
            "end_perf": [
                0.23819112777709961,
                0.094880000000000006,
                0.032998,
                308840,
                383840,
                12199584348864,
                17179869185,
                0
            ],
            "Compiled Times": 1,
            "nQuads": 867,
            "nMops": 3464,
            "significant_routs": [
                [
                    91,
                    "R_VCSgd_iAVhC_5b",
                    2275741,
                    2194,
                    267
                ]
            ]
        },
        "...MASTER...": {
            "start_perf": [
                0.20227408409118652,
                0.059726000000000001,
                0.032998,
                298676,
                383840,
                1755717575.0243111,
                12199494634241
            ],
            "child_modules": {
                "std": 1,
                "testbench": 1
            },
            "end_perf": [
                0.20438313484191895,
                0.061834,
                0.032998,
                303172,
                383840,
                12199499938942,
                0,
                0
            ],
            "nMops": 0,
            "nQuads": 0,
            "nRouts": 5
        },
        "std": {
            "start_perf": [
                0.20480608940124512,
                0.061914999999999998,
                0.032998,
                303172,
                383840,
                1755717575.0268431,
                12199501002224
            ],
            "child_modules": {},
            "nRouts": 33,
            "Compiled": "Yes",
            "end_perf": [
                0.21200704574584961,
                0.068987999999999994,
                0.032998,
                305432,
                383840,
                12199518965248,
                8589934594,
                0
            ],
            "Compiled Times": 1,
            "svclass": [
                "$vcs_nba_dyn_obj",
                576,
                35,
                2,
                2,
                0,
                "sigprop$$",
                576,
                35,
                2,
                2,
                0,
                "process",
                2380,
                200,
                8,
                8,
                0,
                "event",
                597,
                34,
                2,
                2,
                0,
                "mailbox",
                1769,
                140,
                9,
                9,
                0,
                "semaphore",
                1119,
                84,
                5,
                5,
                0
            ],
            "nQuads": 218,
            "nMops": 528
        }
    },
    "CompUnits": {
        "amcQw_d": {
            "text": 434,
            "mod": "...MASTER...",
            "out": "objs/amcQw_d.o",
            "mode": 4,
            "bytes": 7832,
            "checksum": 0
        },
        "reYIK_d": {
            "text": 7325,
            "mod": "std",
            "out": "reYIK_d.o",
            "mode": 4,
            "bytes": 43000,
            "cls": 7017,
            "checksum": 0,
            "archive": "archive.0/_287995_archive_1.a"
        },
        "iAVhC_d": {
            "text": 28576,
            "mod": "testbench",
            "out": "iAVhC_d.o",
            "mode": 4,
            "bytes": 52358,
            "checksum": 0,
            "archive": "archive.0/_287995_archive_1.a"
        }
    },
    "stat": {
        "ru_self_end": {
            "ru_utime_sec": 0.096171000000000006,
            "ru_maxrss_kb": 123296,
            "ru_stime_sec": 0.036412,
            "ru_nvcsw": 45,
            "ru_minflt": 13827,
            "ru_majflt": 0,
            "ru_nivcsw": 56
        },
        "ru_childs_end": {
            "ru_utime_sec": 0.012213999999999999,
            "ru_maxrss_kb": 111544,
            "ru_stime_sec": 0.0065599999999999999,
            "ru_nvcsw": 17,
            "ru_minflt": 2709,
            "ru_majflt": 0,
            "ru_nivcsw": 15
        },
        "cpu_cycles_end": 12199597774667,
        "peak_mem_kb": 383840
    },
    "ObjArchives": [
        {
            "size": 212494,
            "objects": [
                [
                    "reYIK_d.o",
                    43000
                ],
                [
                    "iAVhC_d.o",
                    52358
                ],
                [
                    "amcQwB.o",
                    117136
                ]
            ],
            "archive": "archive.0/_287995_archive_1.a"
        }
    ]
}