{
    "PEModules": [],
    "cycles_program_begin": 15524796656867,
    "rlimit": {
        "data": -1,
        "stack": -1
    },
    "MlibObjs": {},
    "incremental": "on",
    "perf": [
        {
            "stat": [
                "main",
                "entry",
                0.015235185623168945,
                0.035185000000000001,
                0.013194000000000001,
                203220,
                204476,
                0.0,
                0.0,
                1737429424.7323451,
                15524796870591
            ],
            "sub": [
                {
                    "stat": [
                        "doParsingAndDesignResolution",
                        "entry",
                        0.13524103164672852,
                        0.039416,
                        0.019708,
                        212908,
                        213708,
                        0.0,
                        0.0,
                        1737429424.852351,
                        15525096423209
                    ],
                    "sub": []
                },
                {
                    "stat": [
                        "doParsingAndDesignResolution",
                        "exit",
                        0.20206403732299805,
                        0.049369999999999997,
                        0.031417,
                        312184,
                        381536,
                        0.0,
                        0.0,
                        1737429424.919174,
                        15525263225969
                    ],
                    "sub": []
                },
                {
                    "stat": [
                        "doPostDesignResolutionToVir2Vcs",
                        "entry",
                        0.20467400550842285,
                        0.049369999999999997,
                        0.033994999999999997,
                        298168,
                        381536,
                        0.0,
                        0.0,
                        1737429424.9217839,
                        15525269728872
                    ],
                    "sub": [
                        {
                            "stat": [
                                "doUptoVir2VcsNoSepCleanup",
                                "entry",
                                0.21485710144042969,
                                0.050257999999999997,
                                0.037692999999999997,
                                298360,
                                381536,
                                0.0,
                                0.0,
                                1737429424.931967,
                                15525295154093
                            ],
                            "sub": []
                        },
                        {
                            "stat": [
                                "doUptoVir2VcsNoSepCleanup",
                                "exit",
                                0.26894211769104004,
                                0.061441000000000003,
                                0.047261999999999998,
                                298488,
                                381536,
                                0.0,
                                0.0018140000000000001,
                                1737429424.986052,
                                15525430188345
                            ],
                            "sub": []
                        },
                        {
                            "stat": [
                                "doRadify_vir2vcsAll",
                                "entry",
                                0.26944804191589355,
                                0.061511000000000003,
                                0.047315999999999997,
                                298488,
                                381536,
                                0.0,
                                0.0018140000000000001,
                                1737429424.986558,
                                15525431408568
                            ],
                            "sub": []
                        },
                        {
                            "stat": [
                                "doRadify_vir2vcsAll",
                                "exit",
                                0.28075909614562988,
                                0.064683000000000004,
                                0.047315999999999997,
                                300412,
                                381536,
                                0.0,
                                0.0018140000000000001,
                                1737429424.997869,
                                15525459680511
                            ],
                            "sub": []
                        }
                    ]
                },
                {
                    "stat": [
                        "doPostDesignResolutionToVir2Vcs",
                        "exit",
                        0.28080415725708008,
                        0.064728999999999995,
                        0.047315999999999997,
                        300412,
                        381536,
                        0.0,
                        0.0018140000000000001,
                        1737429424.9979141,
                        15525459717800
                    ],
                    "sub": []
                },
                {
                    "stat": [
                        "doGAToPass2",
                        "entry",
                        0.28081607818603516,
                        0.064741000000000007,
                        0.047315999999999997,
                        300412,
                        381536,
                        0.0,
                        0.0018140000000000001,
                        1737429424.997926,
                        15525459746203
                    ],
                    "sub": [
                        {
                            "stat": [
                                "DoPass2",
                                "entry",
                                0.34715700149536133,
                                0.065897999999999998,
                                0.047315999999999997,
                                298856,
                                381536,
                                0.014806,
                                0.011982,
                                1737429425.0642669,
                                15525625413576
                            ],
                            "sub": []
                        },
                        {
                            "stat": [
                                "DoPass2",
                                "exit",
                                0.40363001823425293,
                                0.097970000000000002,
                                0.057637000000000001,
                                310708,
                                381536,
                                0.014806,
                                0.011982,
                                1737429425.1207399,
                                15525766363697
                            ],
                            "sub": []
                        }
                    ]
                },
                {
                    "stat": [
                        "doGAToPass2",
                        "exit",
                        0.41042613983154297,
                        0.098057000000000005,
                        0.060701999999999999,
                        310708,
                        381536,
                        0.014806,
                        0.011982,
                        1737429425.1275361,
                        15525783327631
                    ],