{
    "Modules": {
        "...MASTER...": {
            "start_perf": [
                0.22039699554443359,
                0.067537,
                0.033767999999999999,
                310832,
                381548,
                1751868899.4114139,
                37666858157007
            ],
            "end_perf": [
                0.22408008575439453,
                0.067537,
                0.035389999999999998,
                310832,
                381548,
                37666867390411,
                0,
                0
            ],
            "child_modules": {
                "tb": 1,
                "std": 1
            },
            "nQuads": 0,
            "nMops": 0,
            "nRouts": 5
        },
        "tb": {
            "Compiled Times": 2,
            "start_perf": [
                0.22720813751220703,
                0.068178000000000002,
                0.037877000000000001,
                310832,
                381548,
                1751868899.418225,
                37666875159047
            ],
            "child_modules": {},
            "end_perf": [
                0.26348400115966797,
                0.102974,
                0.038137999999999998,
                312780,
                381548,
                37666965751074,
                21474836481,
                0
            ],
            "Compiled": "Yes",
            "nMops": 3958,
            "significant_routs": [
                [
                    2,
                    "R_VCSgd_g7hgQ_2",
                    3882836,
                    3505,
                    443
                ]
            ],
            "nQuads": 1681,
            "nRouts": 156
        },
        "std": {
            "Compiled Times": 2,
            "start_perf": [
                0.22414398193359375,
                0.067537,
                0.035453999999999999,
                310832,
                381548,
                1751868899.4151609,
                37666867506808
            ],
            "child_modules": {},
            "end_perf": [
                0.22716212272644043,
                0.068148,
                0.037859999999999998,
                310832,
                381548,
                37666875086811,
                8589934594,
                0
            ],
            "Compiled": "Yes",
            "nMops": 528,
            "svclass": [
                "$vcs_nba_dyn_obj",
                0,
                35,
                2,
                2,
                0,
                "sigprop$$",
                0,
                35,
                2,
                2,
                0,
                "process",
                0,
                200,
                8,
                8,
                0,
                "event",
                0,
                34,
                2,
                2,
                0,
                "mailbox",
                0,
                140,
                9,
                9,
                0,
                "semaphore",
                0,
                84,
                5,
                5,
                0
            ],
            "nQuads": 218,
            "nRouts": 33
        }
    },
    "CompUnits": {
        "g7hgQ_d": {
            "out": "g7hgQ_d.o",
            "mod": "tb",
            "archive": "archive.1/_152652_archive_1.a",
            "bytes": 75822,
            "text": 36458,
            "mode": 4,
            "checksum": 0
        }
    },
    "reusePaths": {
        "amcQw_d": {
            "icPath": "csrc"
        },
        "reYIK_d": {
            "icPath": "csrc"
        }
    },
    "ObjArchives": [
        {
            "size": 194822,
            "archive": "archive.1/_152652_archive_1.a",
            "objects": [
                [
                    "g7hgQ_d.o",
                    75822
                ],
                [
                    "amcQwB.o",
                    119000
                ]
            ]
        }
    ],
    "stat": {
        "cpu_cycles_end": 37666976132356,
        "ru_self_end": {
            "ru_minflt": 14378,
            "ru_utime_sec": 0.10444299999999999,
            "ru_stime_sec": 0.040834000000000002,
            "ru_maxrss_kb": 127396,
            "ru_majflt": 0,
            "ru_nvcsw": 13,
            "ru_nivcsw": 137
        },
        "ru_childs_end": {
            "ru_minflt": 2723,
            "ru_utime_sec": 0.011577,
            "ru_stime_sec": 0.0086130000000000009,
            "ru_maxrss_kb": 115364,
            "ru_majflt": 0,
            "ru_nvcsw": 19,
            "ru_nivcsw": 22
        },
        "peak_mem_kb": 381548
    }
}