{
    "CompileProcesses": [
        "cgproc.92621.json"
    ],
    "stat": {
        "mopSpeed": 99151.123173759857,
        "nQuads": 1513,
        "ru_self_cgstart": {
            "ru_utime_sec": 0.038542,
            "ru_stime_sec": 0.042396999999999997,
            "ru_majflt": 0,
            "ru_maxrss_kb": 111708,
            "ru_minflt": 11797,
            "ru_nvcsw": 34,
            "ru_nivcsw": 20
        },
        "ru_childs_cgstart": {
            "ru_utime_sec": 0.024892999999999998,
            "ru_stime_sec": 0.003967,
            "ru_majflt": 0,
            "ru_maxrss_kb": 111708,
            "ru_minflt": 4110,
            "ru_nvcsw": 19,
            "ru_nivcsw": 20
        },
        "outputSizePerQuad": 149.86649041639129,
        "cpu_cycles_cgstart": 4768248062025,
        "totalObjSize": 226748,
        "CodeGen(%)": 35.315951014081932,
        "nMops": 3434,
        "cpu_cycles_total": 511844941,
        "ru_self_end": {
            "ru_utime_sec": 0.073176000000000005,
            "ru_stime_sec": 0.042668999999999999,
            "ru_majflt": 0,
            "ru_maxrss_kb": 123560,
            "ru_minflt": 13998,
            "ru_nvcsw": 34,
            "ru_nivcsw": 22
        },
        "ru_childs_end": {
            "ru_utime_sec": 0.024892999999999998,
            "ru_stime_sec": 0.003967,
            "ru_majflt": 0,
            "ru_maxrss_kb": 111708,
            "ru_minflt": 4110,
            "ru_nvcsw": 19,
            "ru_nivcsw": 20
        },
        "mop/quad": 2.2696629213483148,
        "cpu_cycles_end": 4768335352162,
        "quadSpeed": 43685.395853785281,
        "Frontend(%)": 64.684048985918068,
        "peak_mem_kb": 384116,
        "realTime": 0.2186741828918457
    },
    "PEModules": [],
    "cycles_program_begin": 4767823507221,
    "PrevCompiledModules": {},
    "perf": [
        {
            "stat": [
                "main",
                "entry",
                0.013614177703857422,
                0.022460000000000001,
                0.018716,
                203224,
                204480,
                0.0,
                0.0,
                1772526009.6959391,
                4767823711973
            ],
            "sub": [
                {
                    "stat": [
                        "doParsingAndDesignResolution",
                        "entry",
                        0.12443709373474121,
                        0.026856999999999999,
                        0.023019999999999999,
                        212912,
                        213712,
                        0.0,
                        0.0,
                        1772526009.806762,
                        4768100255604
                    ],
                    "sub": []
                },
                {
                    "stat": [
                        "doParsingAndDesignResolution",
                        "exit",
                        0.13165020942687988,
                        0.026911000000000001,
                        0.030755000000000001,
                        316460,
                        384116,
                        0.0,
                        0.0,
                        1772526009.8139751,
                        4768118273813
                    ],
                    "sub": []
                },
                {
                    "stat": [
                        "doPostDesignResolutionToVir2Vcs",
                        "entry",
                        0.13826918601989746,
                        0.029298000000000001,
                        0.035139999999999998,
                        298176,
                        384116,
                        0.0,
                        0.0,
                        1772526009.8205941,
                        4768134808560
                    ],
                    "sub": [
                        {
                            "stat": [
                                "doUptoVir2VcsNoSepCleanup",
                                "entry",
                                0.14108800888061523,
                                0.031649999999999998,
                                0.035605999999999999,
                                298432,
                                384116,
                                0.0,
                                0.0,
                                1772526009.8234129,
                                4768141845411
                            ],
                            "sub": []
                        },
                        {
                            "stat": [
                                "doUptoVir2VcsNoSepCleanup",
                                "exit",
                                0.15349721908569336,
                                0.037175,
                                0.040892999999999999,
                                298688,
                                384116,
                                0.001596,
                                0.0,
                                1772526009.8358221,
                                4768172794052
                            ],
                            "sub": []
                        },
                        {
                            "stat": [
                                "doRadify_vir2vcsAll",
                                "entry",
                                0.15354013442993164,
                                0.037196,
                                0.040915,
                                298688,
                                384116,
                                0.001596,
                                0.0,
                                1772526009.835865,
                                4768172849609
                            ],
                            "sub": []
                        },
                        {
                            "stat": [
                                "doRadify_vir2vcsAll",
                                "exit",
                                0.15559220314025879,
                                0.038171999999999998,
                                0.04199,
                                300464,
                                384116,
                                0.001596,
                                0.0,
                                1772526009.8379171,
                                4768178017826
                            ],
                            "sub": []
                        }
                    ]
                },
                {
                    "stat": [
                        "doPostDesignResolutionToVir2Vcs",
                        "exit",
                        0.15562009811401367,
                        0.038185999999999998,
                        0.042005000000000001,
                        300464,
                        384116,
                        0.001596,
                        0.0,
                        1772526009.837945,
                        4768178039540
                    ],
                    "sub": []
                },
                {
                    "stat": [
                        "doGAToPass2",
                        "entry",
                        0.15562820434570312,
                        0.038190000000000002,
                        0.042008999999999998,
                        300464,
                        384116,
                        0.001596,
                        0.0,
                        1772526009.8379531,
                        4768178056150
                    ],