{
    "PEModules": [],
    "rlimit": {
        "data": -1,
        "stack": -1
    },
    "cycles_program_begin": 390378201966,
    "perf": [
        {
            "stat": [
                "main",
                "entry",
                0.017024040222167969,
                0.036686999999999997,
                0.0094039999999999992,
                203220,
                204476,
                0.0,
                0.0,
                1737455068.211035,
                390378392140
            ],
            "sub": [
                {
                    "stat": [
                        "doParsingAndDesignResolution",
                        "entry",
                        0.14234113693237305,
                        0.048250000000000001,
                        0.0094039999999999992,
                        212908,
                        213708,
                        0.0,
                        0.0,
                        1737455068.3363521,
                        390691007544
                    ],
                    "sub": []
                },
                {
                    "stat": [
                        "doParsingAndDesignResolution",
                        "exit",
                        0.15278005599975586,
                        0.056786999999999997,
                        0.010531,
                        250636,
                        253824,
                        0.0,
                        0.0,
                        1737455068.346791,
                        390717063811
                    ],
                    "sub": []
                },
                {
                    "stat": [
                        "doPostDesignResolutionToVir2Vcs",
                        "entry",
                        0.16220593452453613,
                        0.056786999999999997,
                        0.017704000000000001,
                        298168,
                        381708,
                        0.0,
                        0.0,
                        1737455068.3562169,
                        390740563020
                    ],
                    "sub": [
                        {
                            "stat": [
                                "doUptoVir2VcsNoSepCleanup",
                                "entry",
                                0.17709803581237793,
                                0.057496999999999999,
                                0.020534,
                                298424,
                                381708,
                                0.0,
                                0.0,
                                1737455068.371109,
                                390777768187
                            ],
                            "sub": []
                        },
                        {
                            "stat": [
                                "doUptoVir2VcsNoSepCleanup",
                                "exit",
                                0.1976621150970459,
                                0.070263999999999993,
                                0.020664999999999999,
                                298680,
                                381708,
                                0.0015169999999999999,
                                0.0,
                                1737455068.3916731,
                                390828997110
                            ],
                            "sub": []
                        },
                        {
                            "stat": [
                                "doRadify_vir2vcsAll",
                                "entry",
                                0.19770693778991699,
                                0.070299,
                                0.020676,
                                298680,
                                381708,
                                0.019015000000000001,
                                0.012298,
                                1737455068.3917179,
                                390829057071
                            ],
                            "sub": []
                        },
                        {
                            "stat": [
                                "doRadify_vir2vcsAll",
                                "exit",
                                0.20035505294799805,
                                0.070299,
                                0.023266999999999999,
                                300456,
                                381708,
                                0.019015000000000001,
                                0.012298,
                                1737455068.394366,
                                390835715417
                            ],
                            "sub": []
                        }
                    ]
                },
                {
                    "stat": [
                        "doPostDesignResolutionToVir2Vcs",
                        "exit",
                        0.20038604736328125,
                        0.070299,
                        0.023299,
                        300456,
                        381708,
                        0.019015000000000001,
                        0.012298,
                        1737455068.394397,
                        390835738931
                    ],
                    "sub": []
                },
                {
                    "stat": [
                        "doGAToPass2",
                        "entry",
                        0.2003939151763916,
                        0.070299,
                        0.023306,
                        300456,
                        381708,
                        0.019015000000000001,
                        0.012298,
                        1737455068.3944049,
                        390835756716
                    ],
                    "sub": [
                        {
                            "stat": [
                                "DoPass2",
                                "entry",
                                0.2246091365814209,
                                0.070299,
                                0.024517000000000001,
                                298900,
                                381708,
                                0.031868,
                                0.018509999999999999,
                                1737455068.4186201,
                                390896272866
                            ],
                            "sub": []
                        },
                        {
                            "stat": [
                                "DoPass2",
                                "exit",
                                0.27430295944213867,
                                0.101201,
                                0.032384000000000003,
                                310680,
                                381708,
                                0.031868,
                                0.018509999999999999,
                                1737455068.4683139,
                                391020182770
                            ],
                            "sub": []
                        }
                    ]
                },
                {
                    "stat": [
                        "doGAToPass2",
                        "exit",
                        0.28414607048034668,
                        0.101775,
                        0.035229000000000003,
                        310680,
                        381708,
                        0.031868,
                        0.018509999999999999,
                        1737455068.478157,
                        391044753414
                    ],