{
    "cpu_cycles_pass2_start": 4314076863617,
    "CurCompileModules": [
        "...MASTER...",
        "...MASTER...",
        "std",
        "std",
        "tb_adder64",
        "tb_adder64"
    ],
    "cycles_program_begin": 4313624220941,
    "perf": [
        {
            "stat": [
                "main",
                "entry",
                0.017904996871948242,
                0.040100999999999998,
                0.0080199999999999994,
                203220,
                204476,
                0.0,
                0.0,
                1755714415.6061981,
                4313624405483
            ],
            "sub": [
                {
                    "stat": [
                        "doParsingAndDesignResolution",
                        "entry",
                        0.13162589073181152,
                        0.042578999999999999,
                        0.015483,
                        212908,
                        213708,
                        0.0,
                        0.0,
                        1755714415.719919,
                        4313908239169
                    ],
                    "sub": []
                },
                {
                    "stat": [
                        "doParsingAndDesignResolution",
                        "exit",
                        0.14385104179382324,
                        0.043845000000000002,
                        0.023914999999999999,
                        316068,
                        381196,
                        0.0,
                        0.0,
                        1755714415.7321441,
                        4313938773684
                    ],
                    "sub": []
                },
                {
                    "stat": [
                        "doPostDesignResolutionToVir2Vcs",
                        "entry",
                        0.15004396438598633,
                        0.049771999999999997,
                        0.024885999999999998,
                        298040,
                        381196,
                        0.0,
                        0.0,
                        1755714415.738337,
                        4313954219693
                    ],
                    "sub": [
                        {
                            "stat": [
                                "doUptoVir2VcsNoSepCleanup",
                                "entry",
                                0.15323281288146973,
                                0.052946,
                                0.024885999999999998,
                                298264,
                                381196,
                                0.0,
                                0.0,
                                1755714415.7415259,
                                4313962164414
                            ],
                            "sub": []
                        },
                        {
                            "stat": [
                                "doUptoVir2VcsNoSepCleanup",
                                "exit",
                                0.1735680103302002,
                                0.061566999999999997,
                                0.028731,
                                298648,
                                381196,
                                0.0018270000000000001,
                                0.0,
                                1755714415.7618611,
                                4314012932509
                            ],
                            "sub": []
                        },
                        {
                            "stat": [
                                "doRadify_vir2vcsAll",
                                "entry",
                                0.17362189292907715,
                                0.061603999999999999,
                                0.028747999999999999,
                                298648,
                                381196,
                                0.0018270000000000001,
                                0.0,
                                1755714415.761915,
                                4314013008693
                            ],
                            "sub": []
                        },
                        {
                            "stat": [
                                "doRadify_vir2vcsAll",
                                "exit",
                                0.17621397972106934,
                                0.061603999999999999,
                                0.031338999999999999,
                                300248,
                                381196,
                                0.0018270000000000001,
                                0.0,
                                1755714415.7645071,
                                4314019537123
                            ],
                            "sub": []
                        }
                    ]
                },
                {
                    "stat": [
                        "doPostDesignResolutionToVir2Vcs",
                        "exit",
                        0.17625188827514648,
                        0.061603999999999999,
                        0.031378999999999997,
                        300248,
                        381196,
                        0.0018270000000000001,
                        0.0,
                        1755714415.764545,
                        4314019573572
                    ],
                    "sub": []
                },
                {
                    "stat": [
                        "doGAToPass2",
                        "entry",
                        0.17626500129699707,
                        0.061603999999999999,
                        0.031391000000000002,
                        300248,
                        381196,
                        0.0018270000000000001,
                        0.0,
                        1755714415.7645581,
                        4314019600083
                    ],
                    "sub": [
                        {
                            "stat": [
                                "DoPass2",
                                "entry",
                                0.19917583465576172,
                                0.061603999999999999,
                                0.032513,
                                298692,
                                381196,
                                0.018054000000000001,
                                0.001892,
                                1755714415.7874689,
                                4314076853123
                            ],
                            "sub": []
                        },
                        {
                            "stat": [
                                "DoPass2",
                                "exit",
                                0.23022103309631348,
                                0.090018000000000001,
                                0.0349,
                                309192,
                                381196,
                                0.018054000000000001,
                                0.001892,
                                1755714415.8185141,
                                4314154336036
                            ],
                            "sub": []
                        }
                    ]
                },
                {
                    "stat": [
                        "doGAToPass2",
                        "exit",
                        0.23328495025634766,
                        0.090826000000000004,
                        0.037156000000000002,
                        309192,
                        381196,
                        0.018054000000000001,
                        0.001892,
                        1755714415.821578,
                        4314161971083
                    ],