{
    "cycles_program_begin": 19197926148861,
    "rlimit": {
        "stack": -1,
        "data": -1
    },
    "PrevCompiledModules": {},
    "perf": [
        {
            "stat": [
                "main",
                "entry",
                0.016013145446777344,
                0.036552000000000001,
                0.012184,
                203220,
                204476,
                0.0,
                0.0,
                1735810814.1692901,
                19197926367182
            ],
            "sub": [
                {
                    "stat": [
                        "doParsingAndDesignResolution",
                        "entry",
                        0.12935519218444824,
                        0.043579,
                        0.015845999999999999,
                        212908,
                        213708,
                        0.0,
                        0.0,
                        1735810814.2826321,
                        19198209238703
                    ],
                    "sub": []
                },
                {
                    "stat": [
                        "doParsingAndDesignResolution",
                        "exit",
                        0.14276003837585449,
                        0.050126999999999998,
                        0.020885999999999998,
                        251224,
                        254332,
                        0.0,
                        0.0,
                        1735810814.296037,
                        19198242716866
                    ],
                    "sub": []
                },
                {
                    "stat": [
                        "doPostDesignResolutionToVir2Vcs",
                        "entry",
                        0.15301203727722168,
                        0.058481999999999999,
                        0.021586000000000001,
                        298244,
                        382296,
                        0.0,
                        0.0,
                        1735810814.306289,
                        19198268294683
                    ],
                    "sub": [
                        {
                            "stat": [
                                "doUptoVir2VcsNoSepCleanup",
                                "entry",
                                0.15728998184204102,
                                0.062684000000000004,
                                0.021586000000000001,
                                298436,
                                382296,
                                0.0,
                                0.0,
                                1735810814.3105669,
                                19198278962223
                            ],
                            "sub": []
                        },
                        {
                            "stat": [
                                "doUptoVir2VcsNoSepCleanup",
                                "exit",
                                0.20183205604553223,
                                0.079558000000000004,
                                0.025122999999999999,
                                311788,
                                382296,
                                0.0018940000000000001,
                                0.0,
                                1735810814.355109,
                                19198390148913
                            ],
                            "sub": []
                        },
                        {
                            "stat": [
                                "doRadify_vir2vcsAll",
                                "entry",
                                0.20188713073730469,
                                0.079601000000000005,
                                0.025137,
                                311788,
                                382296,
                                0.0040470000000000002,
                                0.029850999999999999,
                                1735810814.3551641,
                                19198390231018
                            ],
                            "sub": []
                        },
                        {
                            "stat": [
                                "doRadify_vir2vcsAll",
                                "exit",
                                0.20487618446350098,
                                0.082536999999999999,
                                0.025137,
                                311788,
                                382296,
                                0.0040470000000000002,
                                0.029850999999999999,
                                1735810814.3581531,
                                19198397756448
                            ],
                            "sub": []
                        }
                    ]
                },
                {
                    "stat": [
                        "doPostDesignResolutionToVir2Vcs",
                        "exit",
                        0.20491719245910645,
                        0.082580000000000001,
                        0.025137,
                        311788,
                        382296,
                        0.0040470000000000002,
                        0.029850999999999999,
                        1735810814.3581941,
                        19198397793722
                    ],
                    "sub": []
                },
                {
                    "stat": [
                        "doGAToPass2",
                        "entry",
                        0.20492911338806152,
                        0.082591999999999999,
                        0.025137,
                        311788,
                        382296,
                        0.0040470000000000002,
                        0.029850999999999999,
                        1735810814.358206,
                        19198397818556
                    ],
                    "sub": [
                        {
                            "stat": [
                                "DoPass2",
                                "entry",
                                0.22566318511962891,
                                0.083639000000000005,
                                0.025137,
                                310232,
                                382296,
                                0.015391,
                                0.036151999999999997,
                                1735810814.3789401,
                                19198449622286
                            ],
                            "sub": []
                        },
                        {
                            "stat": [
                                "DoPass2",
                                "exit",
                                0.29484796524047852,
                                0.13807800000000001,
                                0.033473000000000003,
                                312180,
                                382296,
                                0.015391,
                                0.036151999999999997,
                                1735810814.4481249,
                                19198622304922
                            ],
                            "sub": []
                        }
                    ]
                },
                {
                    "stat": [
                        "doGAToPass2",
                        "exit",
                        0.29794096946716309,
                        0.14117099999999999,
                        0.033473000000000003,
                        312180,
                        382296,
                        0.015391,
                        0.036151999999999997,
                        1735810814.4512179,
                        19198630024401
                    ],