{
    "cpu_cycles_pass2_start": 2879006741543,
    "cycles_program_begin": 2878435609864,
    "SIMBData": {
        "bytes": 116972,
        "out": "amcQwB.o",
        "text": 0,
        "archive": "archive.0/_20343_archive_1.a"
    },
    "NameTable": {
        "std": [
            "std",
            "reYIK",
            "module",
            1
        ],
        "testbench": [
            "testbench",
            "iAVhC",
            "module",
            2
        ],
        "...MASTER...": [
            "SIM",
            "amcQw",
            "module",
            3
        ]
    },
    "stat": {
        "mop/quad": 2.4374045801526716,
        "ru_self_cgstart": {
            "ru_majflt": 0,
            "ru_utime_sec": 0.071031999999999998,
            "ru_stime_sec": 0.037248000000000003,
            "ru_maxrss_kb": 111700,
            "ru_minflt": 11774,
            "ru_nivcsw": 94,
            "ru_nvcsw": 15
        },
        "ru_childs_cgstart": {
            "ru_majflt": 0,
            "ru_utime_sec": 0.018821999999999998,
            "ru_stime_sec": 0.0015460000000000001,
            "ru_maxrss_kb": 111700,
            "ru_minflt": 2711,
            "ru_nivcsw": 31,
            "ru_nvcsw": 22
        },
        "cpu_cycles_cgstart": 2879006790762,
        "nMops": 3193,
        "ru_self_end": {
            "ru_majflt": 0,
            "ru_utime_sec": 0.105548,
            "ru_stime_sec": 0.041465000000000002,
            "ru_maxrss_kb": 123168,
            "ru_minflt": 13969,
            "ru_nivcsw": 113,
            "ru_nvcsw": 15
        },
        "totalObjSize": 218318,
        "nQuads": 1310,
        "ru_childs_end": {
            "ru_majflt": 0,
            "ru_utime_sec": 0.018821999999999998,
            "ru_stime_sec": 0.0015460000000000001,
            "ru_maxrss_kb": 111700,
            "ru_minflt": 2711,
            "ru_nivcsw": 31,
            "ru_nvcsw": 22
        },
        "cpu_cycles_end": 2879117584328,
        "cpu_cycles_total": 681974464,
        "peak_mem_kb": 381708,
        "mopSpeed": 92507.822459149334,
        "CodeGen(%)": 27.752673474310537,
        "quadSpeed": 37953.412909954786,
        "Frontend(%)": 72.247326525689459,
        "outputSizePerQuad": 166.65496183206108,
        "realTime": 0.29247593879699707
    },
    "perf": [
        {
            "stat": [
                "main",
                "entry",
                0.019279003143310547,
                0.033346000000000001,
                0.016673,
                203220,
                204476,
                0.0,
                0.0,
                1738815723.849015,
                2878435826801
            ],
            "sub": [
                {
                    "stat": [
                        "doParsingAndDesignResolution",
                        "entry",
                        0.14509296417236328,
                        0.044746000000000001,
                        0.020338999999999999,
                        212908,
                        213708,
                        0.0,
                        0.0,
                        1738815723.974829,
                        2878749845372
                    ],
                    "sub": []
                },
                {
                    "stat": [
                        "doParsingAndDesignResolution",
                        "exit",
                        0.15744996070861816,
                        0.049765999999999998,
                        0.026359,
                        250636,
                        253820,
                        0.0,
                        0.0,
                        1738815723.987186,
                        2878780731607
                    ],
                    "sub": []
                },
                {
                    "stat": [
                        "doPostDesignResolutionToVir2Vcs",
                        "entry",
                        0.1739189624786377,
                        0.052998999999999998,
                        0.031302999999999997,
                        298168,
                        381708,
                        0.0,
                        0.0,
                        1738815724.003655,
                        2878821796102
                    ],
                    "sub": [
                        {
                            "stat": [
                                "doUptoVir2VcsNoSepCleanup",
                                "entry",
                                0.18364095687866211,
                                0.056432000000000003,
                                0.032246999999999998,
                                298424,
                                381708,
                                0.0,
                                0.0,
                                1738815724.013377,
                                2878846081004
                            ],
                            "sub": []
                        },
                        {
                            "stat": [
                                "doUptoVir2VcsNoSepCleanup",
                                "exit",
                                0.21877002716064453,
                                0.068340999999999999,
                                0.036179999999999997,
                                298680,
                                381708,
                                0.0019719999999999998,
                                0.0,
                                1738815724.048506,
                                2878933760215
                            ],
                            "sub": []
                        },
                        {
                            "stat": [
                                "doRadify_vir2vcsAll",
                                "entry",
                                0.21883606910705566,
                                0.068385000000000001,
                                0.036204,
                                298680,
                                381708,
                                0.0019719999999999998,
                                0.0,
                                1738815724.0485721,
                                2878933846718
                            ],
                            "sub": []
                        },
                        {
                            "stat": [
                                "doRadify_vir2vcsAll",
                                "exit",
                                0.2214350700378418,
                                0.070983000000000004,
                                0.036204,
                                300456,
                                381708,
                                0.0019719999999999998,
                                0.0,
                                1738815724.0511711,
                                2878940388497
                            ],
                            "sub": []
                        }
                    ]
                },
                {
                    "stat": [
                        "doPostDesignResolutionToVir2Vcs",
                        "exit",
                        0.22147297859191895,
                        0.071022000000000002,
                        0.036204,
                        300456,
                        381708,
                        0.0019719999999999998,
                        0.0,
                        1738815724.051209,
                        2878940418208
                    ],