{
    "ObjArchives": [
        {
            "objects": [
                [
                    "reYIK_d.o",
                    43000
                ],
                [
                    "iAVhC_d.o",
                    53014
                ],
                [
                    "amcQwB.o",
                    116770
                ]
            ],
            "archive": "archive.0/_46670_archive_1.a",
            "size": 212784
        }
    ],
    "Modules": {
        "testbench": {
            "nRouts": 130,
            "start_perf": [
                0.21409392356872559,
                0.065505999999999995,
                0.042386,
                305604,
                381724,
                1772525545.304883,
                3608627626801
            ],
            "end_perf": [
                0.23825883865356445,
                0.084851999999999997,
                0.046282999999999998,
                308944,
                381724,
                3608688015843,
                17179869185,
                0
            ],
            "child_modules": {},
            "nMops": 2277,
            "nQuads": 1098,
            "Compiled": "Yes",
            "Compiled Times": 1
        },
        "...MASTER...": {
            "nRouts": 5,
            "start_perf": [
                0.20366692543029785,
                0.058691,
                0.038966000000000001,
                298884,
                381724,
                1772525545.294456,
                3608601593340
            ],
            "end_perf": [
                0.20612788200378418,
                0.058691,
                0.041359,
                303348,
                381724,
                3608607786605,
                0,
                0
            ],
            "child_modules": {
                "std": 1,
                "testbench": 1
            },
            "nMops": 0,
            "nQuads": 0
        },
        "std": {
            "nRouts": 33,
            "start_perf": [
                0.20621299743652344,
                0.058691,
                0.041436000000000001,
                303348,
                381724,
                1772525545.2970021,
                3608607954253
            ],
            "child_modules": {},
            "end_perf": [
                0.21404194831848145,
                0.065474000000000004,
                0.042365,
                305604,
                381724,
                3608627549029,
                8589934594,
                0
            ],
            "nMops": 528,
            "Compiled": "Yes",
            "nQuads": 218,
            "Compiled Times": 1,
            "svclass": [
                "$vcs_nba_dyn_obj",
                576,
                35,
                2,
                2,
                0,
                "sigprop$$",
                576,
                35,
                2,
                2,
                0,
                "process",
                2380,
                200,
                8,
                8,
                0,
                "event",
                597,
                34,
                2,
                2,
                0,
                "mailbox",
                1769,
                140,
                9,
                9,
                0,
                "semaphore",
                1119,
                84,
                5,
                5,
                0
            ]
        }
    },
    "reusePaths": {},
    "CompUnits": {
        "amcQw_d": {
            "mod": "...MASTER...",
            "out": "objs/amcQw_d.o",
            "bytes": 7832,
            "text": 434,
            "checksum": 0,
            "mode": 4
        },
        "reYIK_d": {
            "mod": "std",
            "out": "reYIK_d.o",
            "bytes": 43000,
            "text": 7325,
            "archive": "archive.0/_46670_archive_1.a",
            "cls": 7017,
            "checksum": 0,
            "mode": 4
        },
        "iAVhC_d": {
            "mod": "testbench",
            "out": "iAVhC_d.o",
            "bytes": 53014,
            "text": 25866,
            "checksum": 0,
            "mode": 4,
            "archive": "archive.0/_46670_archive_1.a"
        }
    },
    "stat": {
        "ru_self_end": {
            "ru_maxrss_kb": 123656,
            "ru_utime_sec": 0.088230000000000003,
            "ru_nivcsw": 57,
            "ru_stime_sec": 0.046642999999999997,
            "ru_majflt": 0,
            "ru_minflt": 13942,
            "ru_nvcsw": 8
        },
        "peak_mem_kb": 381724,
        "ru_childs_end": {
            "ru_maxrss_kb": 112040,
            "ru_utime_sec": 0.031988000000000003,
            "ru_nivcsw": 35,
            "ru_stime_sec": 0.00092500000000000004,
            "ru_majflt": 0,
            "ru_minflt": 4108,
            "ru_nvcsw": 19
        },
        "cpu_cycles_end": 3608697274431
    }
}