{
    "reusePaths": {},
    "CompUnits": {
        "Shs8n_d": {
            "archive": "archive.0/_59444_archive_1.a",
            "bytes": 60018,
            "mod": "fmultiplier_tb",
            "out": "Shs8n_d.o",
            "text": 36710,
            "mode": 4,
            "checksum": 0
        },
        "amcQw_d": {
            "bytes": 7832,
            "mod": "...MASTER...",
            "out": "objs/amcQw_d.o",
            "text": 434,
            "mode": 4,
            "checksum": 0
        },
        "reYIK_d": {
            "archive": "archive.0/_59444_archive_1.a",
            "bytes": 43000,
            "mod": "std",
            "out": "reYIK_d.o",
            "text": 7325,
            "cls": 7017,
            "mode": 4,
            "checksum": 0
        }
    },
    "Modules": {
        "...MASTER...": {
            "nRouts": 5,
            "nQuads": 0,
            "child_modules": {
                "fmultiplier_tb": 1,
                "std": 1
            },
            "start_perf": [
                0.22228407859802246,
                0.060845000000000003,
                0.040563000000000002,
                298688,
                384088,
                1751683826.256968,
                9944456805376
            ],
            "nMops": 0,
            "end_perf": [
                0.22452902793884277,
                0.062182000000000001,
                0.041453999999999998,
                303172,
                384088,
                9944462452877,
                0,
                0
            ]
        },
        "std": {
            "nQuads": 218,
            "nRouts": 33,
            "start_perf": [
                0.22459506988525391,
                0.062223000000000001,
                0.041481999999999998,
                303172,
                384088,
                1751683826.259279,
                9944462575294
            ],
            "child_modules": {},
            "Compiled": "Yes",
            "Compiled Times": 1,
            "end_perf": [
                0.23443317413330078,
                0.069691000000000003,
                0.041481999999999998,
                305424,
                384088,
                9944487178247,
                8589934594,
                0
            ],
            "nMops": 528,
            "svclass": [
                "$vcs_nba_dyn_obj",
                576,
                35,
                2,
                2,
                0,
                "sigprop$$",
                576,
                35,
                2,
                2,
                0,
                "process",
                2380,
                200,
                8,
                8,
                0,
                "event",
                597,
                34,
                2,
                2,
                0,
                "mailbox",
                1769,
                140,
                9,
                9,
                0,
                "semaphore",
                1119,
                84,
                5,
                5,
                0
            ]
        },
        "fmultiplier_tb": {
            "nQuads": 1377,
            "nRouts": 158,
            "start_perf": [
                0.23448705673217773,
                0.069745000000000001,
                0.041481999999999998,
                305424,
                384088,
                1751683826.269171,
                9944487260068
            ],
            "child_modules": {},
            "Compiled": "Yes",
            "Compiled Times": 1,
            "end_perf": [
                0.26301813125610352,
                0.094870999999999997,
                0.043482,
                307088,
                384088,
                9944558526238,
                17179869185,
                0
            ],
            "nMops": 4596,
            "significant_routs": [
                [
                    26,
                    "R_VCSgd_Shs8n_1a",
                    8019168,
                    7065,
                    884
                ],
                [
                    152,
                    "R_VCSgd_Shs8n_98",
                    3196005,
                    3193,
                    419
                ]
            ]
        }
    },
    "stat": {
        "ru_childs_end": {
            "ru_minflt": 2707,
            "ru_utime_sec": 0.017346,
            "ru_nivcsw": 19,
            "ru_stime_sec": 0.0024719999999999998,
            "ru_maxrss_kb": 111180,
            "ru_majflt": 0,
            "ru_nvcsw": 19
        },
        "ru_self_end": {
            "ru_minflt": 13495,
            "ru_utime_sec": 0.099649000000000001,
            "ru_nivcsw": 187,
            "ru_stime_sec": 0.043845000000000002,
            "ru_maxrss_kb": 121132,
            "ru_majflt": 0,
            "ru_nvcsw": 18
        },
        "peak_mem_kb": 384088,
        "cpu_cycles_end": 9944591023699
    },
    "ObjArchives": [
        {
            "objects": [
                [
                    "reYIK_d.o",
                    43000
                ],
                [
                    "Shs8n_d.o",
                    60018
                ],
                [
                    "amcQwB.o",
                    117572
                ]
            ],
            "archive": "archive.0/_59444_archive_1.a",
            "size": 220590
        }
    ]
}