{
    "Modules": {
        "DCInput_UInt8": {
            "Compiled": "Yes",
            "start_perf": [
                0.43107199668884277,
                0.10743999999999999,
                0.057556999999999997,
                312380,
                385452,
                1740559069.0386889,
                12960713320686
            ],
            "child_modules": {},
            "Compiled Times": 1,
            "end_perf": [
                0.44225215911865234,
                0.114842,
                0.057556999999999997,
                312380,
                385452,
                12960741273093,
                12884901889,
                0
            ],
            "nRouts": 36,
            "nQuads": 262,
            "nMops": 749
        },
        "std": {
            "start_perf": [
                0.41797018051147461,
                0.101313,
                0.056285000000000002,
                311412,
                385452,
                1740559069.0255871,
                12960680614847
            ],
            "Compiled": "Yes",
            "svclass": [
                "$vcs_nba_dyn_obj",
                576,
                35,
                2,
                2,
                0,
                "sigprop$$",
                576,
                35,
                2,
                2,
                0,
                "process",
                2380,
                200,
                8,
                8,
                0,
                "event",
                597,
                34,
                2,
                2,
                0,
                "mailbox",
                1769,
                140,
                9,
                9,
                0,
                "semaphore",
                1119,
                84,
                5,
                5,
                0
            ],
            "child_modules": {},
            "Compiled Times": 1,
            "significant_routs": [
                [
                    7,
                    "F_VCSgd_reYIK_7_0",
                    4695066,
                    462,
                    25
                ],
                [
                    24,
                    "F_VCSgd_reYIK_24_0",
                    10188049,
                    984,
                    90
                ]
            ],
            "end_perf": [
                0.43102216720581055,
                0.107406,
                0.057539,
                312380,
                385452,
                12960713239683,
                8589934594,
                0
            ],
            "nQuads": 218,
            "nMops": 528,
            "nRouts": 33
        },
        "...MASTER...": {
            "start_perf": [
                0.40785717964172363,
                0.099574999999999997,
                0.055319,
                310432,
                385452,
                1740559069.0154741,
                12960655392038
            ],
            "child_modules": {
                "std": 1,
                "testbench": 1
            },
            "end_perf": [
                0.41790914535522461,
                0.101273,
                0.056263000000000001,
                311412,
                385452,
                12960680494568,
                0,
                0
            ],
            "nRouts": 5,
            "nQuads": 0,
            "nMops": 0
        },
        "testbench": {
            "start_perf": [
                0.44229507446289062,
                0.114886,
                0.057556999999999997,
                312380,
                385452,
                1740559069.049912,
                12960741342378
            ],
            "Compiled": "Yes",
            "child_modules": {
                "DCInput_UInt8_golden": 6,
                "DCInput_UInt8": 6
            },
            "Compiled Times": 1,
            "significant_routs": [
                [
                    44,
                    "R_VCSgd_iAVhC_2c",
                    15442728,
                    206,
                    37
                ],
                [
                    68,
                    "U_VCSgd_iAVhC_68",
                    4649367,
                    4186,
                    421
                ],
                [
                    148,
                    "R_VCSgd_iAVhC_94",
                    7624644,
                    495,
                    51
                ],
                [
                    347,
                    "R_VCSgd_iAVhC_15b",
                    19246882,
                    349,
                    58
                ]
            ],
            "end_perf": [
                0.5175480842590332,
                0.16859399999999999,
                0.057556999999999997,
                312380,
                385452,
                12960929220101,
                25769803777,
                0
            ],
            "nQuads": 2691,
            "nMops": 7699,
            "nRouts": 401
        },
        "DCInput_UInt8_golden": {
            "Compiled": "Yes",
            "start_perf": [
                0.51759505271911621,
                0.16864199999999999,
                0.057556999999999997,
                312380,
                385452,
                1740559069.125212,
                12960929300006
            ],
            "child_modules": {},
            "Compiled Times": 1,
            "end_perf": [
                0.52513718605041504,
                0.17607600000000001,
                0.057556999999999997,
                312380,
                385452,
                12960948164619,
                30064771073,
                0
            ],
            "nRouts": 36,
            "nQuads": 262,
            "nMops": 749
        }
    },
    "stat": {
        "ru_self_end": {
            "ru_minflt": 14149,
            "ru_maxrss_kb": 125708,
            "ru_utime_sec": 0.180559,
            "ru_stime_sec": 0.057869999999999998,
            "ru_majflt": 1322,
            "ru_nivcsw": 95,
            "ru_nvcsw": 1080
        },
        "ru_childs_end": {
            "ru_minflt": 2676,
            "ru_maxrss_kb": 111856,
            "ru_utime_sec": 0.013571,
            "ru_stime_sec": 0.010083,
            "ru_majflt": 116,
            "ru_nivcsw": 40,
            "ru_nvcsw": 129
        },
        "cpu_cycles_end": 12960960221150,
        "peak_mem_kb": 385452
    },
    "ObjArchives": [
        {
            "archive": "archive.0/_72795_archive_1.a",
            "size": 324456,
            "objects": [
                [
                    "reYIK_d.o",
                    43000
                ],
                [
                    "MrQea_d.o",
                    16462
                ],
                [
                    "iAVhC_d.o",
                    131132
                ],
                [
                    "VtR8t_d.o",
                    16508
                ],
                [
                    "amcQwB.o",
                    117354
                ]
            ]
        }
    ],
    "CompUnits": {
        "amcQw_d": {
            "mode": 4,
            "mod": "...MASTER...",
            "checksum": 0,
            "out": "objs/amcQw_d.o",
            "bytes": 7832,
            "text": 434
        },
        "MrQea_d": {
            "mode": 4,
            "mod": "DCInput_UInt8",
            "archive": "archive.0/_72795_archive_1.a",
            "checksum": 0,
            "out": "MrQea_d.o",
            "bytes": 16462,
            "text": 6323
        },
        "reYIK_d": {
            "mode": 4,
            "mod": "std",
            "archive": "archive.0/_72795_archive_1.a",
            "checksum": 0,
            "cls": 7017,
            "out": "reYIK_d.o",
            "bytes": 43000,
            "text": 7325
        },
        "VtR8t_d": {
            "mode": 4,
            "mod": "DCInput_UInt8_golden",