{
    "ObjArchives": [
        {
            "objects": [
                [
                    "reYIK_d.o",
                    43000
                ],
                [
                    "iAVhC_d.o",
                    52662
                ],
                [
                    "amcQwB.o",
                    116778
                ]
            ],
            "archive": "archive.0/_50962_archive_1.a",
            "size": 212440
        }
    ],
    "Modules": {
        "...MASTER...": {
            "nRouts": 5,
            "nQuads": 0,
            "start_perf": [
                0.20465397834777832,
                0.074428999999999995,
                0.024301,
                298884,
                383868,
                1772525546.7728529,
                3612293010134
            ],
            "child_modules": {
                "testbench": 1,
                "std": 1
            },
            "end_perf": [
                0.20650100708007812,
                0.074428999999999995,
                0.026148000000000001,
                303348,
                383868,
                3612297667904,
                0,
                0
            ],
            "nMops": 0
        },
        "testbench": {
            "nRouts": 129,
            "nQuads": 1087,
            "start_perf": [
                0.2148590087890625,
                0.081076999999999996,
                0.027025,
                305608,
                383868,
                1772525546.7830579,
                3612318498031
            ],
            "child_modules": {},
            "nMops": 2251,
            "Compiled Times": 1,
            "Compiled": "Yes",
            "end_perf": [
                0.24085903167724609,
                0.106569,
                0.027025,
                308944,
                383868,
                3612383477585,
                17179869185,
                0
            ]
        },
        "std": {
            "nRouts": 33,
            "start_perf": [
                0.20657706260681152,
                0.074428999999999995,
                0.026211999999999999,
                303348,
                383868,
                1772525546.774776,
                3612297822594
            ],
            "nQuads": 218,
            "child_modules": {},
            "Compiled": "Yes",
            "Compiled Times": 1,
            "significant_routs": [
                [
                    24,
                    "F_VCSgd_reYIK_24_0",
                    2507554,
                    984,
                    90
                ]
            ],
            "end_perf": [
                0.21479701995849609,
                0.081030000000000005,
                0.027009999999999999,
                305608,
                383868,
                3612318411386,
                8589934594,
                0
            ],
            "svclass": [
                "$vcs_nba_dyn_obj",
                576,
                35,
                2,
                2,
                0,
                "sigprop$$",
                576,
                35,
                2,
                2,
                0,
                "process",
                2380,
                200,
                8,
                8,
                0,
                "event",
                597,
                34,
                2,
                2,
                0,
                "mailbox",
                1769,
                140,
                9,
                9,
                0,
                "semaphore",
                1119,
                84,
                5,
                5,
                0
            ],
            "nMops": 528
        }
    },
    "CompUnits": {
        "amcQw_d": {
            "mode": 4,
            "out": "objs/amcQw_d.o",
            "mod": "...MASTER...",
            "bytes": 7832,
            "text": 434,
            "checksum": 0
        },
        "reYIK_d": {
            "mode": 4,
            "out": "reYIK_d.o",
            "mod": "std",
            "bytes": 43000,
            "text": 7325,
            "cls": 7017,
            "checksum": 0,
            "archive": "archive.0/_50962_archive_1.a"
        },
        "iAVhC_d": {
            "mode": 4,
            "out": "iAVhC_d.o",
            "mod": "testbench",
            "bytes": 52662,
            "text": 25674,
            "checksum": 0,
            "archive": "archive.0/_50962_archive_1.a"
        }
    },
    "reusePaths": {},
    "stat": {
        "ru_self_end": {
            "ru_utime_sec": 0.111079,
            "ru_stime_sec": 0.027025,
            "ru_nivcsw": 96,
            "ru_maxrss_kb": 123436,
            "ru_minflt": 13927,
            "ru_majflt": 0,
            "ru_nvcsw": 37
        },
        "ru_childs_end": {
            "ru_utime_sec": 0.022984000000000001,
            "ru_stime_sec": 0.006992,
            "ru_nivcsw": 17,
            "ru_maxrss_kb": 111952,
            "ru_minflt": 4110,
            "ru_majflt": 0,
            "ru_nvcsw": 19
        },
        "cpu_cycles_end": 3612395717942,
        "peak_mem_kb": 383868
    }
}