{
    "reusePaths": {},
    "Modules": {
        "std": {
            "start_perf": [
                0.23629283905029297,
                0.074993000000000004,
                0.039469999999999998,
                303348,
                382268,
                1738903916.7095349,
                11096910022224
            ],
            "Compiled Times": 1,
            "child_modules": {},
            "Compiled": "Yes",
            "nMops": 528,
            "nRouts": 33,
            "end_perf": [
                0.24547386169433594,
                0.076562000000000005,
                0.045936999999999999,
                305468,
                382268,
                11096932990774,
                8589934594,
                0
            ],
            "svclass": [
                "$vcs_nba_dyn_obj",
                576,
                35,
                2,
                2,
                0,
                "sigprop$$",
                576,
                35,
                2,
                2,
                0,
                "process",
                2380,
                200,
                8,
                8,
                0,
                "event",
                597,
                34,
                2,
                2,
                0,
                "mailbox",
                1769,
                140,
                9,
                9,
                0,
                "semaphore",
                1119,
                84,
                5,
                5,
                0
            ],
            "nQuads": 218
        },
        "...MASTER...": {
            "child_modules": {
                "std": 1,
                "testbench": 1
            },
            "start_perf": [
                0.23395395278930664,
                0.074326000000000003,
                0.037797999999999998,
                298804,
                382268,
                1738903916.707196,
                11096904191115
            ],
            "nRouts": 5,
            "nMops": 0,
            "end_perf": [
                0.23623085021972656,
                0.074951000000000004,
                0.039447999999999997,
                303348,
                382268,
                11096909905281,
                0,
                0
            ],
            "nQuads": 0
        },
        "testbench": {
            "child_modules": {},
            "significant_routs": [
                [
                    48,
                    "R_VCSgd_iAVhC_30",
                    2853581,
                    1179,
                    166
                ]
            ],
            "start_perf": [
                0.24552702903747559,
                0.076594999999999996,
                0.045956999999999998,
                305468,
                382268,
                1738903916.7187691,
                11096933071194
            ],
            "Compiled Times": 1,
            "Compiled": "Yes",
            "nMops": 6437,
            "nRouts": 293,
            "end_perf": [
                0.30314493179321289,
                0.126938,
                0.046158999999999999,
                309796,
                382268,
                11097076951346,
                21474836481,
                0
            ],
            "nQuads": 2502
        }
    },
    "stat": {
        "peak_mem_kb": 382268,
        "ru_self_end": {
            "ru_nivcsw": 193,
            "ru_nvcsw": 11,
            "ru_majflt": 0,
            "ru_minflt": 14249,
            "ru_utime_sec": 0.13072900000000001,
            "ru_stime_sec": 0.047537000000000003,
            "ru_maxrss_kb": 124312
        },
        "ru_childs_end": {
            "ru_nivcsw": 13,
            "ru_nvcsw": 22,
            "ru_majflt": 1,
            "ru_minflt": 2712,
            "ru_utime_sec": 0.019713000000000001,
            "ru_stime_sec": 0.0029870000000000001,
            "ru_maxrss_kb": 111736
        },
        "cpu_cycles_end": 11097117288090
    },
    "CompUnits": {
        "reYIK_d": {
            "text": 7325,
            "mod": "std",
            "out": "reYIK_d.o",
            "checksum": 0,
            "bytes": 43000,
            "cls": 7017,
            "mode": 4,
            "archive": "archive.0/_22147_archive_1.a"
        },
        "amcQw_d": {
            "text": 434,
            "mod": "...MASTER...",
            "out": "objs/amcQw_d.o",
            "checksum": 0,
            "bytes": 7832,
            "mode": 4
        },
        "iAVhC_d": {
            "text": 60957,
            "mod": "testbench",
            "out": "iAVhC_d.o",
            "checksum": 0,
            "bytes": 103326,
            "mode": 4,
            "archive": "archive.0/_22147_archive_1.a"
        }
    },
    "ObjArchives": [
        {
            "archive": "archive.0/_22147_archive_1.a",
            "size": 263404,
            "objects": [
                [
                    "reYIK_d.o",
                    43000
                ],
                [
                    "iAVhC_d.o",
                    103326
                ],
                [
                    "amcQwB.o",
                    117078
                ]
            ]
        }
    ]
}