{
    "Modules": {
        "...MASTER...": {
            "nRouts": 5,
            "end_perf": [
                0.32668781280517578,
                0.19653000000000001,
                0.035911999999999999,
                313596,
                385392,
                46773690810182,
                0,
                0
            ],
            "start_perf": [
                0.32453799247741699,
                0.19653000000000001,
                0.033763000000000001,
                312616,
                385392,
                1740986166.4108961,
                46773685410281
            ],
            "child_modules": {
                "std": 1,
                "tb": 1
            },
            "nQuads": 0,
            "nMops": 0
        },
        "std": {
            "nRouts": 33,
            "start_perf": [
                0.32675004005432129,
                0.19653000000000001,
                0.035975,
                313596,
                385392,
                1740986166.4131081,
                46773690929295
            ],
            "end_perf": [
                0.33387088775634766,
                0.20028399999999999,
                0.039271,
                314564,
                385392,
                46773708756968,
                8589934594,
                0
            ],
            "child_modules": {},
            "svclass": [
                "$vcs_nba_dyn_obj",
                576,
                35,
                2,
                2,
                0,
                "sigprop$$",
                576,
                35,
                2,
                2,
                0,
                "process",
                2380,
                200,
                8,
                8,
                0,
                "event",
                597,
                34,
                2,
                2,
                0,
                "mailbox",
                1769,
                140,
                9,
                9,
                0,
                "semaphore",
                1119,
                84,
                5,
                5,
                0
            ],
            "Compiled": "Yes",
            "Compiled Times": 1,
            "nQuads": 218,
            "nMops": 528
        },
        "tb": {
            "nRouts": 2533,
            "start_perf": [
                0.3339238166809082,
                0.20032900000000001,
                0.039280000000000002,
                314564,
                385392,
                1740986166.4202819,
                46773708833272
            ],
            "significant_routs": [
                [
                    149,
                    "R_VCSgd_g7hgQ_95",
                    6415539,
                    9013,
                    896
                ],
                [
                    454,
                    "R_VCSgd_g7hgQ_1c6",
                    15779298,
                    1258,
                    120
                ],
                [
                    519,
                    "R_VCSgd_g7hgQ_207",
                    4868104,
                    3467,
                    420
                ],
                [
                    521,
                    "R_VCSgd_g7hgQ_209",
                    11324838,
                    14742,
                    1599
                ],
                [
                    522,
                    "R_VCSgd_g7hgQ_20a",
                    5715111,
                    7305,
                    789
                ],
                [
                    523,
                    "R_VCSgd_g7hgQ_20b",
                    8070278,
                    7305,
                    789
                ],
                [
                    524,
                    "R_VCSgd_g7hgQ_20c",
                    6435307,
                    7305,
                    789
                ],
                [
                    525,
                    "R_VCSgd_g7hgQ_20d",
                    6422256,
                    7305,
                    789
                ],
                [
                    526,
                    "R_VCSgd_g7hgQ_20e",
                    13832535,
                    7305,
                    789
                ],
                [
                    527,
                    "R_VCSgd_g7hgQ_20f",
                    7977765,
                    7305,
                    789
                ],
                [
                    548,
                    "R_VCSgd_g7hgQ_224",
                    8660458,
                    9371,
                    932
                ],
                [
                    631,
                    "R_VCSgd_g7hgQ_277",
                    7446460,
                    256,
                    42
                ],
                [
                    2139,
                    "R_VCSgd_g7hgQ_85b",
                    15696877,
                    11129,
                    2666
                ],
                [
                    2176,
                    "R_VCSgd_g7hgQ_880",
                    9714191,
                    8753,
                    2165
                ]
            ],
            "end_perf": [
                0.59749984741210938,
                0.43363299999999999,
                0.046460000000000001,
                316364,
                385392,
                46774366778159,
                21474836481,
                0
            ],
            "Compiled": "Yes",
            "child_modules": {},
            "Compiled Times": 1,
            "nQuads": 21629,
            "nMops": 66371
        }
    },
    "stat": {
        "ru_self_end": {
            "ru_nivcsw": 274,
            "ru_utime_sec": 0.43491800000000003,
            "ru_stime_sec": 0.049542000000000003,
            "ru_majflt": 0,
            "ru_minflt": 17686,
            "ru_maxrss_kb": 134420,
            "ru_nvcsw": 100
        },
        "ru_childs_end": {
            "ru_nivcsw": 120,
            "ru_utime_sec": 0.051341999999999999,
            "ru_stime_sec": 0.014116999999999999,
            "ru_majflt": 1,
            "ru_minflt": 10850,
            "ru_maxrss_kb": 117312,
            "ru_nvcsw": 59
        },
        "cpu_cycles_end": 46774377603987,
        "peak_mem_kb": 385392
    },
    "ObjArchives": [
        {
            "archive": "archive.0/_143081_archive_1.a",
            "objects": [
                [
                    "reYIK_d.o",
                    43000
                ],
                [
                    "g7hgQ_d.o",
                    715092
                ],
                [
                    "amcQwB.o",
                    120658
                ]
            ],
            "size": 878750
        }
    ],
    "CompUnits": {
        "amcQw_d": {
            "mod": "...MASTER...",
            "out": "objs/amcQw_d.o",
            "bytes": 7824,
            "text": 434,
            "mode": 4,
            "checksum": 0
        },
        "reYIK_d": {
            "mod": "std",
            "archive": "archive.0/_143081_archive_1.a",
            "cls": 7017,
            "out": "reYIK_d.o",
            "bytes": 43000,
            "text": 7325,
            "mode": 4,
            "checksum": 0
        },
        "g7hgQ_d": {
            "mod": "tb",
            "archive": "archive.0/_143081_archive_1.a",
            "out": "g7hgQ_d.o",
            "bytes": 715092,
            "text": 489066,
            "mode": 4,
            "checksum": 0
        }
    },
    "reusePaths": {}
}