{
    "reusePaths": {},
    "Modules": {
        "tb": {
            "start_perf": [
                0.20074582099914551,
                0.071193999999999993,
                0.047794999999999997,
                312680,
                384160,
                1740973075.9159529,
                14099944929129
            ],
            "child_modules": {},
            "nRouts": 146,
            "end_perf": [
                0.22752785682678223,
                0.095721000000000001,
                0.049940999999999999,
                312680,
                384160,
                14100011828949,
                21474836481,
                0
            ],
            "Compiled": "Yes",
            "Compiled Times": 1,
            "significant_routs": [
                [
                    95,
                    "R_VCSgd_g7hgQ_5f",
                    2378102,
                    3104,
                    410
                ]
            ],
            "nQuads": 1408,
            "nMops": 3850
        },
        "...MASTER...": {
            "start_perf": [
                0.19287395477294922,
                0.069997000000000004,
                0.041175000000000003,
                310732,
                384160,
                1740973075.9080811,
                14099925276473
            ],
            "child_modules": {
                "std": 1,
                "tb": 1
            },
            "nRouts": 5,
            "end_perf": [
                0.19471883773803711,
                0.071157999999999999,
                0.041856999999999998,
                311712,
                384160,
                14099929919730,
                0,
                0
            ],
            "nQuads": 0,
            "nMops": 0
        },
        "std": {
            "start_perf": [
                0.19477486610412598,
                0.071193999999999993,
                0.041879,
                311712,
                384160,
                1740973075.909982,
                14099930019633
            ],
            "child_modules": {},
            "nRouts": 33,
            "end_perf": [
                0.20069289207458496,
                0.071193999999999993,
                0.047740999999999999,
                312680,
                384160,
                14099944854684,
                8589934594,
                0
            ],
            "svclass": [
                "$vcs_nba_dyn_obj",
                576,
                35,
                2,
                2,
                0,
                "sigprop$$",
                576,
                35,
                2,
                2,
                0,
                "process",
                2380,
                200,
                8,
                8,
                0,
                "event",
                597,
                34,
                2,
                2,
                0,
                "mailbox",
                1769,
                140,
                9,
                9,
                0,
                "semaphore",
                1119,
                84,
                5,
                5,
                0
            ],
            "Compiled": "Yes",
            "Compiled Times": 1,
            "nQuads": 218,
            "nMops": 528
        }
    },
    "CompUnits": {
        "reYIK_d": {
            "mod": "std",
            "cls": 7017,
            "out": "reYIK_d.o",
            "text": 7325,
            "bytes": 43000,
            "mode": 4,
            "archive": "archive.0/_36660_archive_1.a",
            "checksum": 0
        },
        "amcQw_d": {
            "mod": "...MASTER...",
            "out": "objs/amcQw_d.o",
            "text": 434,
            "bytes": 7824,
            "mode": 4,
            "checksum": 0
        },
        "g7hgQ_d": {
            "mod": "tb",
            "out": "g7hgQ_d.o",
            "text": 33322,
            "bytes": 69614,
            "mode": 4,
            "archive": "archive.0/_36660_archive_1.a",
            "checksum": 0
        }
    },
    "ObjArchives": [
        {
            "objects": [
                [
                    "reYIK_d.o",
                    43000
                ],
                [
                    "g7hgQ_d.o",
                    69614
                ],
                [
                    "amcQwB.o",
                    119666
                ]
            ],
            "archive": "archive.0/_36660_archive_1.a",
            "size": 232280
        }
    ],
    "stat": {
        "ru_self_end": {
            "ru_utime_sec": 0.095721000000000001,
            "ru_nivcsw": 66,
            "ru_majflt": 0,
            "ru_minflt": 14310,
            "ru_stime_sec": 0.054696000000000002,
            "ru_maxrss_kb": 128168,
            "ru_nvcsw": 50
        },
        "ru_childs_end": {
            "ru_utime_sec": 0.01059,
            "ru_nivcsw": 17,
            "ru_majflt": 0,
            "ru_minflt": 2713,
            "ru_stime_sec": 0.0068329999999999997,
            "ru_maxrss_kb": 115660,
            "ru_nvcsw": 18
        },
        "peak_mem_kb": 384160,
        "cpu_cycles_end": 14100023689705
    }
}