{
    "Modules": {
        "...MASTER...": {
            "start_perf": [
                0.20013904571533203,
                0.051076999999999997,
                0.039289999999999999,
                298680,
                381696,
                1772236295.4439809,
                4309726758793
            ],
            "child_modules": {
                "std": 1,
                "testbench": 1
            },
            "end_perf": [
                0.20213818550109863,
                0.052206000000000002,
                0.040159,
                303172,
                381696,
                4309731780923,
                0,
                0
            ],
            "nQuads": 0,
            "nMops": 0,
            "nRouts": 5
        },
        "std": {
            "start_perf": [
                0.20219612121582031,
                0.052239000000000001,
                0.040183999999999997,
                303172,
                381696,
                1772236295.446038,
                4309731891252
            ],
            "child_modules": {},
            "end_perf": [
                0.20984911918640137,
                0.055974999999999997,
                0.043979999999999998,
                305436,
                381696,
                4309751055143,
                8589934594,
                0
            ],
            "Compiled": "Yes",
            "Compiled Times": 1,
            "nMops": 528,
            "svclass": [
                "$vcs_nba_dyn_obj",
                576,
                35,
                2,
                2,
                0,
                "sigprop$$",
                576,
                35,
                2,
                2,
                0,
                "process",
                2380,
                200,
                8,
                8,
                0,
                "event",
                597,
                34,
                2,
                2,
                0,
                "mailbox",
                1769,
                140,
                9,
                9,
                0,
                "semaphore",
                1119,
                84,
                5,
                5,
                0
            ],
            "nQuads": 218,
            "nRouts": 33
        },
        "testbench": {
            "start_perf": [
                0.20990514755249023,
                0.056008000000000002,
                0.044006000000000003,
                305436,
                381696,
                1772236295.453747,
                4309751136294
            ],
            "child_modules": {},
            "end_perf": [
                0.23455405235290527,
                0.076185000000000003,
                0.048117,
                308840,
                381696,
                4309812719223,
                17179869185,
                0
            ],
            "Compiled": "Yes",
            "Compiled Times": 1,
            "nQuads": 867,
            "nMops": 3464,
            "nRouts": 97
        }
    },
    "ObjArchives": [
        {
            "archive": "archive.0/_34934_archive_1.a",
            "size": 212494,
            "objects": [
                [
                    "reYIK_d.o",
                    43000
                ],
                [
                    "iAVhC_d.o",
                    52358
                ],
                [
                    "amcQwB.o",
                    117136
                ]
            ]
        }
    ],
    "reusePaths": {},
    "CompUnits": {
        "amcQw_d": {
            "mode": 4,
            "bytes": 7832,
            "mod": "...MASTER...",
            "out": "objs/amcQw_d.o",
            "text": 434,
            "checksum": 0
        },
        "reYIK_d": {
            "mode": 4,
            "bytes": 43000,
            "mod": "std",
            "cls": 7017,
            "out": "reYIK_d.o",
            "archive": "archive.0/_34934_archive_1.a",
            "text": 7325,
            "checksum": 0
        },
        "iAVhC_d": {
            "mode": 4,
            "bytes": 52358,
            "mod": "testbench",
            "out": "iAVhC_d.o",
            "archive": "archive.0/_34934_archive_1.a",
            "text": 28576,
            "checksum": 0
        }
    },
    "stat": {
        "peak_mem_kb": 381696,
        "ru_self_end": {
            "ru_utime_sec": 0.076185000000000003,
            "ru_stime_sec": 0.052053000000000002,
            "ru_majflt": 0,
            "ru_maxrss_kb": 123244,
            "ru_minflt": 13816,
            "ru_nvcsw": 14,
            "ru_nivcsw": 59
        },
        "ru_childs_end": {
            "ru_utime_sec": 0.030852000000000001,
            "ru_stime_sec": 0.0,
            "ru_majflt": 0,
            "ru_maxrss_kb": 111236,
            "ru_minflt": 4113,
            "ru_nvcsw": 19,
            "ru_nivcsw": 19
        },
        "cpu_cycles_end": 4309822733071
    }
}