{
    "Modules": {
        "...MASTER...": {
            "start_perf": [
                0.19122815132141113,
                0.058638999999999997,
                0.031574999999999999,
                298604,
                381556,
                1751700707.651993,
                3251369294116
            ],
            "end_perf": [
                0.193634033203125,
                0.060186999999999997,
                0.032407999999999999,
                303148,
                381556,
                3251375326563,
                0,
                0
            ],
            "child_modules": {
                "std": 1,
                "test": 1
            },
            "nQuads": 0,
            "nMops": 0,
            "nRouts": 5
        },
        "std": {
            "start_perf": [
                0.19387316703796387,
                0.060186999999999997,
                0.032492,
                303148,
                381556,
                1751700707.6546381,
                3251375919438
            ],
            "end_perf": [
                0.20156311988830566,
                0.063589999999999994,
                0.036337000000000001,
                305476,
                381556,
                3251395145627,
                8589934594,
                0
            ],
            "child_modules": {},
            "nMops": 528,
            "Compiled": "Yes",
            "Compiled Times": 1,
            "svclass": [
                "$vcs_nba_dyn_obj",
                576,
                35,
                2,
                2,
                0,
                "sigprop$$",
                576,
                35,
                2,
                2,
                0,
                "process",
                2380,
                200,
                8,
                8,
                0,
                "event",
                597,
                34,
                2,
                2,
                0,
                "mailbox",
                1769,
                140,
                9,
                9,
                0,
                "semaphore",
                1119,
                84,
                5,
                5,
                0
            ],
            "nQuads": 218,
            "nRouts": 33
        },
        "test": {
            "start_perf": [
                0.20161318778991699,
                0.063622999999999999,
                0.036355999999999999,
                305476,
                381556,
                1751700707.6623781,
                3251395214856
            ],
            "end_perf": [
                0.21949315071105957,
                0.074412000000000006,
                0.036355999999999999,
                307140,
                381556,
                3251439903082,
                17179869185,
                0
            ],
            "child_modules": {},
            "nMops": 1016,
            "Compiled": "Yes",
            "Compiled Times": 1,
            "nQuads": 507,
            "nRouts": 62
        }
    },
    "CompUnits": {
        "amcQw_d": {
            "mod": "...MASTER...",
            "mode": 4,
            "bytes": 7824,
            "out": "objs/amcQw_d.o",
            "text": 434,
            "checksum": 0
        },
        "x9Hvb_d": {
            "mod": "test",
            "mode": 4,
            "bytes": 24624,
            "out": "x9Hvb_d.o",
            "archive": "archive.0/_43222_archive_1.a",
            "text": 10978,
            "checksum": 0
        },
        "reYIK_d": {
            "mod": "std",
            "mode": 4,
            "bytes": 43000,
            "out": "reYIK_d.o",
            "archive": "archive.0/_43222_archive_1.a",
            "text": 7325,
            "cls": 7017,
            "checksum": 0
        }
    },
    "reusePaths": {},
    "ObjArchives": [
        {
            "objects": [
                [
                    "reYIK_d.o",
                    43000
                ],
                [
                    "x9Hvb_d.o",
                    24624
                ],
                [
                    "amcQwB.o",
                    116602
                ]
            ],
            "archive": "archive.0/_43222_archive_1.a",
            "size": 184226
        }
    ],
    "stat": {
        "ru_self_end": {
            "ru_utime_sec": 0.078848000000000001,
            "ru_maxrss_kb": 120728,
            "ru_stime_sec": 0.036355999999999999,
            "ru_minflt": 13262,
            "ru_majflt": 0,
            "ru_nvcsw": 11,
            "ru_nivcsw": 116
        },
        "cpu_cycles_end": 3251450937443,
        "ru_childs_end": {
            "ru_utime_sec": 0.0098709999999999996,
            "ru_maxrss_kb": 111360,
            "ru_stime_sec": 0.0087150000000000005,
            "ru_minflt": 2465,
            "ru_majflt": 0,
            "ru_nvcsw": 18,
            "ru_nivcsw": 37
        },
        "peak_mem_kb": 381556
    }
}