{
    "Modules": {
        "...MASTER...": {
            "start_perf": [
                0.22365498542785645,
                0.066770999999999997,
                0.041459999999999997,
                298840,
                381504,
                1740711036.5831029,
                11387094894259
            ],
            "child_modules": {
                "std": 1,
                "tb_adder64": 1
            },
            "nRouts": 5,
            "nQuads": 0,
            "end_perf": [
                0.22561311721801758,
                0.066901000000000002,
                0.043289000000000001,
                302928,
                381504,
                11387099804830,
                0,
                0
            ],
            "nMops": 0
        },
        "std": {
            "Compiled Times": 1,
            "start_perf": [
                0.22567009925842285,
                0.066935999999999996,
                0.043311000000000002,
                302928,
                381504,
                1740711036.5851181,
                11387099917609
            ],
            "child_modules": {},
            "svclass": [
                "$vcs_nba_dyn_obj",
                576,
                35,
                2,
                2,
                0,
                "sigprop$$",
                576,
                35,
                2,
                2,
                0,
                "process",
                2380,
                200,
                8,
                8,
                0,
                "event",
                597,
                34,
                2,
                2,
                0,
                "mailbox",
                1769,
                140,
                9,
                9,
                0,
                "semaphore",
                1119,
                84,
                5,
                5,
                0
            ],
            "Compiled": "Yes",
            "nQuads": 218,
            "nRouts": 33,
            "end_perf": [
                0.23271393775939941,
                0.070355000000000001,
                0.046903,
                306008,
                381504,
                11387117551748,
                8589934594,
                0
            ],
            "nMops": 528
        },
        "RCA16": {
            "Compiled Times": 1,
            "start_perf": [
                0.23276495933532715,
                0.070387000000000005,
                0.046924,
                306008,
                381504,
                1740711036.5922129,
                11387117631068
            ],
            "child_modules": {},
            "Compiled": "Yes",
            "significant_routs": [
                [
                    9,
                    "R_VCSgd_pSk0y_9",
                    2830120,
                    2560,
                    357
                ]
            ],
            "nQuads": 743,
            "nRouts": 26,
            "end_perf": [
                0.24453616142272949,
                0.080411999999999997,
                0.048246999999999998,
                306392,
                381504,
                11387147056448,
                12884901889,
                0
            ],
            "nMops": 2259
        },
        "tb_adder64": {
            "Compiled Times": 1,
            "start_perf": [
                0.24457502365112305,
                0.080437999999999996,
                0.048261999999999999,
                306392,
                381504,
                1740711036.604023,
                11387147113912
            ],
            "child_modules": {
                "RCA16": 4
            },
            "Compiled": "Yes",
            "significant_routs": [
                [
                    49,
                    "X_VCSgd_WatCj_0_0",
                    2730683,
                    785,
                    151
                ],
                [
                    94,
                    "R_VCSgd_WatCj_5e",
                    2827018,
                    2444,
                    249
                ]
            ],
            "nQuads": 1105,
            "nRouts": 151,
            "end_perf": [
                0.26411795616149902,
                0.095547999999999994,
                0.051755000000000002,
                306928,
                381504,
                11387195943023,
                21474836481,
                0
            ],
            "nMops": 2559
        }
    },
    "CompUnits": {
        "WatCj_d": {
            "out": "WatCj_d.o",
            "mod": "tb_adder64",
            "text": 22245,
            "bytes": 46752,
            "archive": "archive.0/_62287_archive_1.a",
            "mode": 4,
            "checksum": 0
        },
        "amcQw_d": {
            "out": "objs/amcQw_d.o",
            "mod": "...MASTER...",
            "text": 434,
            "bytes": 7832,
            "mode": 4,
            "checksum": 0
        },
        "reYIK_d": {
            "out": "reYIK_d.o",
            "mod": "std",
            "cls": 7017,
            "text": 7325,
            "bytes": 43000,
            "archive": "archive.0/_62287_archive_1.a",
            "mode": 4,
            "checksum": 0
        },
        "pSk0y_d": {
            "out": "pSk0y_d.o",
            "mod": "RCA16",
            "text": 15696,
            "bytes": 28864,
            "archive": "archive.0/_62287_archive_1.a",
            "mode": 4,
            "checksum": 0
        }
    },
    "ObjArchives": [
        {
            "archive": "archive.0/_62287_archive_1.a",
            "objects": [
                [
                    "reYIK_d.o",
                    43000
                ],
                [
                    "pSk0y_d.o",
                    28864
                ],
                [
                    "WatCj_d.o",
                    46752
                ],
                [
                    "amcQwB.o",
                    117952
                ]
            ],
            "size": 236568
        }
    ],
    "reusePaths": {},
    "stat": {
        "ru_self_end": {
            "ru_utime_sec": 0.099509,
            "ru_stime_sec": 0.052205000000000001,
            "ru_minflt": 13528,
            "ru_maxrss_kb": 121732,
            "ru_majflt": 1,
            "ru_nvcsw": 24,
            "ru_nivcsw": 144
        },
        "ru_childs_end": {
            "ru_utime_sec": 0.014511,
            "ru_stime_sec": 0.0072620000000000002,
            "ru_minflt": 2714,
            "ru_maxrss_kb": 111708,
            "ru_majflt": 0,
            "ru_nvcsw": 21,
            "ru_nivcsw": 24
        },
        "cpu_cycles_end": 11387209695425,
        "peak_mem_kb": 381504
    }
}