{
    "stat": {
        "ru_self_cgstart": {
            "ru_majflt": 584,
            "ru_maxrss_kb": 111724,
            "ru_utime_sec": 0.090223999999999999,
            "ru_stime_sec": 0.048870999999999998,
            "ru_minflt": 11901,
            "ru_nvcsw": 580,
            "ru_nivcsw": 97
        },
        "ru_childs_cgstart": {
            "ru_majflt": 127,
            "ru_maxrss_kb": 111724,
            "ru_utime_sec": 0.014375000000000001,
            "ru_stime_sec": 0.0087259999999999994,
            "ru_minflt": 2664,
            "ru_nvcsw": 149,
            "ru_nivcsw": 23
        },
        "nMops": 9725,
        "cpu_cycles_cgstart": 12960655345971,
        "mop/quad": 2.8327993009030004,
        "cpu_cycles_end": 12960961097966,
        "nQuads": 3433,
        "totalObjSize": 332288,
        "mopSpeed": 129165.50450917109,
        "ru_self_end": {
            "ru_majflt": 623,
            "ru_maxrss_kb": 125584,
            "ru_utime_sec": 0.165515,
            "ru_stime_sec": 0.057570000000000003,
            "ru_minflt": 14538,
            "ru_nvcsw": 610,
            "ru_nivcsw": 126
        },
        "ru_childs_end": {
            "ru_majflt": 127,
            "ru_maxrss_kb": 111724,
            "ru_utime_sec": 0.014375000000000001,
            "ru_stime_sec": 0.0087259999999999994,
            "ru_minflt": 2664,
            "ru_nvcsw": 149,
            "ru_nivcsw": 23
        },
        "cpu_cycles_total": 1210116160,
        "quadSpeed": 45596.419226733611,
        "outputSizePerQuad": 96.79230993300321,
        "Frontend(%)": 58.146089276780252,
        "CodeGen(%)": 41.853910723219748,
        "peak_mem_kb": 385452,
        "realTime": 0.52525997161865234
    },
    "cycles_program_begin": 12959750981806,
    "Misc": {
        "vcs_version": "O-2018.09-SP2_Full64",
        "csrc_abs": "/home/kai/ChiselProject/Benchmarks/_Benchmark_my/_chisel-ip-contributions/DCReduce/_test/_cache/t1/csrc",
        "vcs_build_date": "Build Date = Feb 28 2019 22:34:30",
        "cwd": "/home/kai/ChiselProject/Benchmarks/_Benchmark_my/_chisel-ip-contributions/DCReduce/_test/_cache/t1",
        "master_pid": 73288,
        "archive_dir": "archive.0",
        "VCS_HOME": "/home/kai/synopsys_tools/VCS_2018_SP2/vcs-mx/O-2018.09-SP2",
        "daidir": "simv.daidir",
        "hostname": "",
        "csrc": "csrc",
        "daidir_abs": "/home/kai/ChiselProject/Benchmarks/_Benchmark_my/_chisel-ip-contributions/DCReduce/_test/_cache/t1/simv.daidir",
        "default_output_dir": "csrc"
    },
    "NameTable": {
        "std": [
            "std",
            "reYIK",
            "module",
            1
        ],
        "...MASTER...": [
            "SIM",
            "amcQw",
            "module",
            5
        ],
        "DCInput_UInt8": [
            "DCInput_UInt8",
            "MrQea",
            "module",
            2
        ],
        "DCInput_UInt8_golden": [
            "DCInput_UInt8_golden",
            "VtR8t",
            "module",
            4
        ],
        "testbench": [
            "testbench",
            "iAVhC",
            "module",
            3
        ]
    },
    "CurCompileModules": [
        "...MASTER...",
        "...MASTER...",
        "std",
        "std",
        "DCInput_UInt8",
        "DCInput_UInt8",
        "testbench",
        "testbench",
        "DCInput_UInt8_golden",
        "DCInput_UInt8_golden"
    ],
    "MlibObjs": {},
    "LVLData": [
        "SIM"
    ],
    "perf": [
        {
            "stat": [
                "main",
                "entry",
                0.04111790657043457,
                0.028464,
                0.023720000000000001,
                203220,
                204476,
                0.0,
                0.0,
                1740559068.653846,
                12959752808166
            ],
            "sub": [
                {
                    "stat": [
                        "doParsingAndDesignResolution",
                        "entry",
                        0.16532778739929199,
                        0.031668000000000002,
                        0.031668000000000002,
                        212908,
                        213708,
                        0.0,
                        0.0,
                        1740559068.7780559,
                        12960062791163
                    ],
                    "sub": []
                },
                {
                    "stat": [
                        "doParsingAndDesignResolution",
                        "exit",
                        0.2356407642364502,
                        0.050487999999999998,
                        0.042721000000000002,
                        312296,
                        385452,
                        0.0,
                        0.0,
                        1740559068.8483689,
                        12960238329344
                    ],
                    "sub": []
                },
                {
                    "stat": [
                        "doPostDesignResolutionToVir2Vcs",
                        "entry",
                        0.23904585838317871,
                        0.051753,
                        0.043790999999999997,
                        298280,
                        385452,
                        0.0,
                        0.0,
                        1740559068.851774,
                        12960246844111
                    ],
                    "sub": [
                        {
                            "stat": [
                                "doUptoVir2VcsNoSepCleanup",
                                "entry",
                                0.25334882736206055,
                                0.057037999999999998,
                                0.044815000000000001,
                                298468,
                                385452,
                                0.0,
                                0.0,
                                1740559068.8660769,
                                12960282534518
                            ],
                            "sub": []
                        },
                        {
                            "stat": [
                                "doUptoVir2VcsNoSepCleanup",
                                "exit",
                                0.32921099662780762,
                                0.086197999999999997,
                                0.047017000000000003,
                                311988,
                                385452,
                                0.0,
                                0.001699,
                                1740559068.9419391,
                                12960471845846
                            ],
                            "sub": []
                        },
                        {
                            "stat": [
                                "doRadify_vir2vcsAll",
                                "entry",
                                0.3298039436340332,
                                0.086221999999999993,
                                0.047030000000000002,
                                311988,
                                385452,
                                0.0,
                                0.001699,
                                1740559068.9425321,
                                12960473323934
                            ],