{
    "stat": {
        "cpu_cycles_total": 544419586,
        "ru_self_cgstart": {
            "ru_nivcsw": 117,
            "ru_utime_sec": 0.066235000000000002,
            "ru_stime_sec": 0.030890000000000001,
            "ru_majflt": 0,
            "ru_maxrss_kb": 111276,
            "ru_nvcsw": 40,
            "ru_minflt": 11769
        },
        "CodeGen(%)": 35.021913503679812,
        "ru_childs_cgstart": {
            "ru_nivcsw": 6,
            "ru_utime_sec": 0.012343,
            "ru_stime_sec": 0.003921,
            "ru_majflt": 0,
            "ru_maxrss_kb": 111276,
            "ru_nvcsw": 17,
            "ru_minflt": 2713
        },
        "cpu_cycles_cgstart": 41797476540855,
        "outputSizePerQuad": 135.47915476870361,
        "ru_self_end": {
            "ru_nivcsw": 130,
            "ru_utime_sec": 0.108587,
            "ru_stime_sec": 0.033864999999999999,
            "ru_majflt": 0,
            "ru_maxrss_kb": 123516,
            "ru_nvcsw": 40,
            "ru_minflt": 14105
        },
        "Frontend(%)": 64.978086496320188,
        "nMops": 4649,
        "mopSpeed": 109770.49489988666,
        "totalObjSize": 237224,
        "mop/quad": 2.6550542547115934,
        "nQuads": 1751,
        "ru_childs_end": {
            "ru_nivcsw": 6,
            "ru_utime_sec": 0.012343,
            "ru_stime_sec": 0.003921,
            "ru_majflt": 0,
            "ru_maxrss_kb": 111276,
            "ru_nvcsw": 17,
            "ru_minflt": 2713
        },
        "cpu_cycles_end": 41797590483188,
        "quadSpeed": 41343.97431054023,
        "peak_mem_kb": 384100,
        "realTime": 0.23331904411315918
    },
    "cycles_program_begin": 41797046063602,
    "perf": [
        {
            "stat": [
                "main",
                "entry",
                0.015225887298583984,
                0.041015000000000003,
                0.0074570000000000001,
                203220,
                204476,
                0.0,
                0.0,
                1737703195.6007609,
                41797046249772
            ],
            "sub": [
                {
                    "stat": [
                        "doParsingAndDesignResolution",
                        "entry",
                        0.12893986701965332,
                        0.044109000000000002,
                        0.014703000000000001,
                        212908,
                        213708,
                        0.0,
                        0.0,
                        1737703195.7144749,
                        41797330073810
                    ],
                    "sub": []
                },
                {
                    "stat": [
                        "doParsingAndDesignResolution",
                        "exit",
                        0.1377260684967041,
                        0.049016999999999998,
                        0.018852000000000001,
                        316468,
                        384100,
                        0.0,
                        0.0,
                        1737703195.7232611,
                        41797352014822
                    ],
                    "sub": []
                },
                {
                    "stat": [
                        "doPostDesignResolutionToVir2Vcs",
                        "entry",
                        0.14468502998352051,
                        0.049509999999999998,
                        0.025510000000000001,
                        298168,
                        384100,
                        0.0,
                        0.0,
                        1737703195.7302201,
                        41797369385881
                    ],
                    "sub": [
                        {
                            "stat": [
                                "doUptoVir2VcsNoSepCleanup",
                                "entry",
                                0.14792704582214355,
                                0.052145999999999998,
                                0.026072999999999999,
                                298360,
                                384100,
                                0.0,
                                0.0,
                                1737703195.7334621,
                                41797377466888
                            ],
                            "sub": []
                        },
                        {
                            "stat": [
                                "doUptoVir2VcsNoSepCleanup",
                                "exit",
                                0.16874003410339355,
                                0.063403000000000001,
                                0.029836999999999999,
                                298488,
                                384100,
                                0.0020309999999999998,
                                0.0,
                                1737703195.7542751,
                                41797429424760
                            ],
                            "sub": []
                        },
                        {
                            "stat": [
                                "doRadify_vir2vcsAll",
                                "entry",
                                0.1687929630279541,
                                0.063439999999999996,
                                0.029853999999999999,
                                298488,
                                384100,
                                0.0020309999999999998,
                                0.0,
                                1737703195.754328,
                                41797429500757
                            ],
                            "sub": []
                        },
                        {
                            "stat": [
                                "doRadify_vir2vcsAll",
                                "exit",
                                0.17157101631164551,
                                0.066179000000000002,
                                0.029853999999999999,
                                300248,
                                384100,
                                0.0020309999999999998,
                                0.0,
                                1737703195.7571061,
                                41797436519516
                            ],
                            "sub": []
                        }
                    ]
                },
                {
                    "stat": [
                        "doPostDesignResolutionToVir2Vcs",
                        "exit",
                        0.17161989212036133,
                        0.066222000000000003,
                        0.029853999999999999,
                        300248,
                        384100,
                        0.0020309999999999998,
                        0.0,
                        1737703195.7571549,
                        41797436556576
                    ],
                    "sub": []
                },
                {
                    "stat": [
                        "doGAToPass2",
                        "entry",
                        0.17163300514221191,
                        0.066235000000000002,
                        0.029853999999999999,
                        300248,
                        384100,
                        0.0020309999999999998,
                        0.0,
                        1737703195.7571681,
                        41797436584260
                    ],