{
    "Modules": {
        "...MASTER...": {
            "start_perf": [
                0.20000195503234863,
                0.063599000000000003,
                0.037411,
                298880,
                381720,
                1735808025.259634,
                12236912806246
            ],
            "nRouts": 5,
            "child_modules": {
                "std": 1,
                "testbench": 1
            },
            "nMops": 0,
            "end_perf": [
                0.20228695869445801,
                0.065868999999999997,
                0.037411,
                303348,
                381720,
                12236918556792,
                0,
                0
            ],
            "nQuads": 0
        },
        "std": {
            "start_perf": [
                0.20235586166381836,
                0.065938999999999998,
                0.037411,
                303348,
                381720,
                1735808025.2619879,
                12236918687537
            ],
            "nRouts": 33,
            "child_modules": {},
            "Compiled": "Yes",
            "Compiled Times": 1,
            "svclass": [
                "$vcs_nba_dyn_obj",
                576,
                35,
                2,
                2,
                0,
                "sigprop$$",
                576,
                35,
                2,
                2,
                0,
                "process",
                2380,
                200,
                8,
                8,
                0,
                "event",
                597,
                34,
                2,
                2,
                0,
                "mailbox",
                1769,
                140,
                9,
                9,
                0,
                "semaphore",
                1119,
                84,
                5,
                5,
                0
            ],
            "significant_routs": [
                [
                    7,
                    "F_VCSgd_reYIK_7_0",
                    3786987,
                    462,
                    25
                ],
                [
                    21,
                    "F_VCSgd_reYIK_21_0",
                    3458798,
                    169,
                    15
                ],
                [
                    24,
                    "F_VCSgd_reYIK_24_0",
                    2370237,
                    984,
                    90
                ]
            ],
            "nMops": 528,
            "end_perf": [
                0.21320891380310059,
                0.072945999999999997,
                0.038392999999999997,
                305604,
                381720,
                12236945825547,
                8589934594,
                0
            ],
            "nQuads": 218
        },
        "testbench": {
            "start_perf": [
                0.21326184272766113,
                0.072982000000000005,
                0.038411000000000001,
                305604,
                381720,
                1735808025.2728939,
                12236945906027
            ],
            "nRouts": 132,
            "Compiled": "Yes",
            "child_modules": {},
            "Compiled Times": 1,
            "nMops": 2286,
            "end_perf": [
                0.24234485626220703,
                0.099196999999999994,
                0.038411000000000001,
                308948,
                381720,
                12237018558896,
                17179869185,
                0
            ],
            "nQuads": 1099
        }
    },
    "CompUnits": {
        "amcQw_d": {
            "mod": "...MASTER...",
            "mode": 4,
            "out": "objs/amcQw_d.o",
            "checksum": 0,
            "bytes": 7832,
            "text": 434
        },
        "reYIK_d": {
            "mod": "std",
            "mode": 4,
            "out": "reYIK_d.o",
            "checksum": 0,
            "bytes": 43000,
            "archive": "archive.0/_45074_archive_1.a",
            "text": 7325,
            "cls": 7017
        },
        "iAVhC_d": {
            "mod": "testbench",
            "mode": 4,
            "out": "iAVhC_d.o",
            "checksum": 0,
            "bytes": 53292,
            "archive": "archive.0/_45074_archive_1.a",
            "text": 25978
        }
    },
    "ObjArchives": [
        {
            "size": 213062,
            "archive": "archive.0/_45074_archive_1.a",
            "objects": [
                [
                    "reYIK_d.o",
                    43000
                ],
                [
                    "iAVhC_d.o",
                    53292
                ],
                [
                    "amcQwB.o",
                    116770
                ]
            ]
        }
    ],
    "reusePaths": {},
    "stat": {
        "ru_self_end": {
            "ru_utime_sec": 0.100871,
            "ru_nivcsw": 144,
            "ru_nvcsw": 25,
            "ru_stime_sec": 0.041095,
            "ru_maxrss_kb": 122868,
            "ru_minflt": 13969,
            "ru_majflt": 0
        },
        "ru_childs_end": {
            "ru_utime_sec": 0.013217,
            "ru_nivcsw": 22,
            "ru_nvcsw": 20,
            "ru_stime_sec": 0.0069909999999999998,
            "ru_maxrss_kb": 111380,
            "ru_minflt": 2712,
            "ru_majflt": 0
        },
        "cpu_cycles_end": 12237029429924,
        "peak_mem_kb": 381720
    }
}