{
    "Modules": {
        "...MASTER...": {
            "nMops": 0,
            "start_perf": [
                0.20464396476745605,
                0.063448000000000004,
                0.035728999999999997,
                310732,
                384084,
                1754305402.9607921,
                84145185970353
            ],
            "child_modules": {
                "std": 1,
                "tb": 1
            },
            "nQuads": 0,
            "end_perf": [
                0.20685791969299316,
                0.065660999999999997,
                0.035728999999999997,
                311712,
                384084,
                84145191533435,
                0,
                0
            ],
            "nRouts": 5
        },
        "std": {
            "start_perf": [
                0.20824480056762695,
                0.065743999999999997,
                0.035728999999999997,
                311712,
                384084,
                1754305402.9643929,
                84145194985153
            ],
            "Compiled": "Yes",
            "nMops": 528,
            "child_modules": {},
            "Compiled Times": 1,
            "nQuads": 218,
            "end_perf": [
                0.21589493751525879,
                0.069949999999999998,
                0.038861,
                312680,
                384084,
                84145214100710,
                8589934594,
                0
            ],
            "svclass": [
                "$vcs_nba_dyn_obj",
                576,
                35,
                2,
                2,
                0,
                "sigprop$$",
                576,
                35,
                2,
                2,
                0,
                "process",
                2380,
                200,
                8,
                8,
                0,
                "event",
                597,
                34,
                2,
                2,
                0,
                "mailbox",
                1769,
                140,
                9,
                9,
                0,
                "semaphore",
                1119,
                84,
                5,
                5,
                0
            ],
            "nRouts": 33
        },
        "tb": {
            "start_perf": [
                0.21594595909118652,
                0.069983000000000004,
                0.038878999999999997,
                312680,
                384084,
                1754305402.9720941,
                84145214174800
            ],
            "Compiled": "Yes",
            "nMops": 3923,
            "child_modules": {},
            "Compiled Times": 1,
            "significant_routs": [
                [
                    2,
                    "R_VCSgd_g7hgQ_2",
                    2596542,
                    1875,
                    247
                ],
                [
                    49,
                    "F_VCSgd_g7hgQ_6_0",
                    2927283,
                    150,
                    29
                ],
                [
                    99,
                    "R_VCSgd_g7hgQ_63",
                    3115917,
                    3104,
                    410
                ],
                [
                    108,
                    "R_VCSgd_g7hgQ_6c",
                    2776701,
                    256,
                    42
                ]
            ],
            "nQuads": 1427,
            "end_perf": [
                0.25182485580444336,
                0.10366499999999999,
                0.038878999999999997,
                312680,
                384084,
                84145303782532,
                21474836481,
                0
            ],
            "nRouts": 150
        }
    },
    "CompUnits": {
        "amcQw_d": {
            "mod": "...MASTER...",
            "bytes": 7824,
            "out": "objs/amcQw_d.o",
            "text": 434,
            "checksum": 0,
            "mode": 4
        },
        "reYIK_d": {
            "cls": 7017,
            "mod": "std",
            "bytes": 43000,
            "out": "reYIK_d.o",
            "archive": "archive.0/_104450_archive_1.a",
            "text": 7325,
            "checksum": 0,
            "mode": 4
        },
        "g7hgQ_d": {
            "mod": "tb",
            "bytes": 70322,
            "out": "g7hgQ_d.o",
            "archive": "archive.0/_104450_archive_1.a",
            "text": 33886,
            "checksum": 0,
            "mode": 4
        }
    },
    "stat": {
        "ru_self_end": {
            "ru_nivcsw": 127,
            "ru_minflt": 14303,
            "ru_utime_sec": 0.104814,
            "ru_stime_sec": 0.042701999999999997,
            "ru_majflt": 0,
            "ru_maxrss_kb": 127584,
            "ru_nvcsw": 44
        },
        "cpu_cycles_end": 84145319051260,
        "ru_childs_end": {
            "ru_nivcsw": 35,
            "ru_minflt": 2708,
            "ru_utime_sec": 0.012387,
            "ru_stime_sec": 0.0084270000000000005,
            "ru_majflt": 0,
            "ru_maxrss_kb": 115368,
            "ru_nvcsw": 22
        },
        "peak_mem_kb": 384084
    },
    "reusePaths": {},
    "ObjArchives": [
        {
            "archive": "archive.0/_104450_archive_1.a",
            "objects": [
                [
                    "reYIK_d.o",
                    43000
                ],
                [
                    "g7hgQ_d.o",
                    70322
                ],
                [
                    "amcQwB.o",
                    119666
                ]
            ],
            "size": 232988
        }
    ]
}