{
    "Modules": {
        "...MASTER...": {
            "nQuads": 0,
            "start_perf": [
                0.21505188941955566,
                0.070136000000000004,
                0.034152000000000002,
                298940,
                385180,
                1772175795.763675,
                10498014072242
            ],
            "child_modules": {
                "std": 1,
                "testbench": 1
            },
            "nMops": 0,
            "end_perf": [
                0.21711492538452148,
                0.070891999999999997,
                0.035445999999999998,
                303404,
                385180,
                10498019261980,
                0,
                0
            ],
            "nRouts": 5
        },
        "std": {
            "nQuads": 218,
            "start_perf": [
                0.21717381477355957,
                0.070930999999999994,
                0.035465000000000003,
                303404,
                385180,
                1772175795.7657969,
                10498019370522
            ],
            "child_modules": {},
            "Compiled": "Yes",
            "significant_routs": [
                [
                    24,
                    "F_VCSgd_reYIK_24_0",
                    3574159,
                    984,
                    90
                ]
            ],
            "Compiled Times": 1,
            "end_perf": [
                0.2249748706817627,
                0.078162999999999996,
                0.035465000000000003,
                305628,
                385180,
                10498038876263,
                8589934594,
                0
            ],
            "svclass": [
                "$vcs_nba_dyn_obj",
                576,
                35,
                2,
                2,
                0,
                "sigprop$$",
                576,
                35,
                2,
                2,
                0,
                "process",
                2380,
                200,
                8,
                8,
                0,
                "event",
                597,
                34,
                2,
                2,
                0,
                "mailbox",
                1769,
                140,
                9,
                9,
                0,
                "semaphore",
                1119,
                84,
                5,
                5,
                0
            ],
            "nMops": 528,
            "nRouts": 33
        },
        "testbench": {
            "nQuads": 1529,
            "start_perf": [
                0.22501802444458008,
                0.078205999999999998,
                0.035465000000000003,
                305628,
                385180,
                1772175795.7736411,
                10498038947891
            ],
            "child_modules": {},
            "Compiled": "Yes",
            "significant_routs": [
                [
                    79,
                    "R_VCSgd_iAVhC_4f",
                    2858842,
                    2129,
                    259
                ],
                [
                    91,
                    "R_VCSgd_iAVhC_5b",
                    4904984,
                    1212,
                    116
                ],
                [
                    167,
                    "R_VCSgd_iAVhC_a7",
                    3379543,
                    1560,
                    224
                ]
            ],
            "Compiled Times": 1,
            "nMops": 4156,
            "end_perf": [
                0.26555085182189941,
                0.114342,
                0.035485000000000003,
                310028,
                385180,
                10498140177851,
                17179869185,
                0
            ],
            "nRouts": 173
        }
    },
    "ObjArchives": [
        {
            "objects": [
                [
                    "reYIK_d.o",
                    43000
                ],
                [
                    "iAVhC_d.o",
                    68176
                ],
                [
                    "amcQwB.o",
                    117224
                ]
            ],
            "archive": "archive.0/_19006_archive_1.a",
            "size": 228400
        }
    ],
    "CompUnits": {
        "amcQw_d": {
            "out": "objs/amcQw_d.o",
            "mod": "...MASTER...",
            "bytes": 7832,
            "text": 434,
            "mode": 4,
            "checksum": 0
        },
        "reYIK_d": {
            "out": "reYIK_d.o",
            "mod": "std",
            "bytes": 43000,
            "text": 7325,
            "checksum": 0,
            "cls": 7017,
            "mode": 4,
            "archive": "archive.0/_19006_archive_1.a"
        },
        "iAVhC_d": {
            "out": "iAVhC_d.o",
            "mod": "testbench",
            "bytes": 68176,
            "text": 38414,
            "mode": 4,
            "checksum": 0,
            "archive": "archive.0/_19006_archive_1.a"
        }
    },
    "reusePaths": {},
    "stat": {
        "ru_self_end": {
            "ru_utime_sec": 0.118396,
            "ru_minflt": 14250,
            "ru_stime_sec": 0.035784999999999997,
            "ru_nvcsw": 41,
            "ru_maxrss_kb": 123076,
            "ru_majflt": 9,
            "ru_nivcsw": 116
        },
        "cpu_cycles_end": 10498152282090,
        "ru_childs_end": {
            "ru_utime_sec": 0.028825,
            "ru_minflt": 4111,
            "ru_stime_sec": 0.0037490000000000002,
            "ru_nvcsw": 17,
            "ru_maxrss_kb": 110600,
            "ru_majflt": 0,
            "ru_nivcsw": 31
        },
        "peak_mem_kb": 385180
    }
}