{
    "LVLData": [
        "SIM"
    ],
    "cpu_cycles_pass2_start": 10688859498428,
    "cycles_program_begin": 10688402982405,
    "CurCompileUdps": {},
    "incremental": "on",
    "perf": [
        {
            "stat": [
                "main",
                "entry",
                0.016562938690185547,
                0.031588999999999999,
                0.015793999999999999,
                203220,
                204476,
                0.0,
                0.0,
                1755716969.624197,
                10688403176878
            ],
            "sub": [
                {
                    "stat": [
                        "doParsingAndDesignResolution",
                        "entry",
                        0.13325595855712891,
                        0.041800999999999998,
                        0.016719999999999999,
                        212908,
                        213708,
                        0.0,
                        0.0,
                        1755716969.74089,
                        10688694426427
                    ],
                    "sub": []
                },
                {
                    "stat": [
                        "doParsingAndDesignResolution",
                        "exit",
                        0.14538192749023438,
                        0.049419999999999999,
                        0.021166000000000001,
                        316564,
                        384084,
                        0.0,
                        0.0,
                        1755716969.753016,
                        10688724736835
                    ],
                    "sub": []
                },
                {
                    "stat": [
                        "doPostDesignResolutionToVir2Vcs",
                        "entry",
                        0.15155696868896484,
                        0.054295000000000003,
                        0.023269000000000001,
                        298180,
                        384084,
                        0.0,
                        0.0,
                        1755716969.759191,
                        10688740127711
                    ],
                    "sub": [
                        {
                            "stat": [
                                "doUptoVir2VcsNoSepCleanup",
                                "entry",
                                0.15526485443115234,
                                0.056492000000000001,
                                0.024757999999999999,
                                298404,
                                384084,
                                0.0,
                                0.0,
                                1755716969.7628989,
                                10688749364541
                            ],
                            "sub": []
                        },
                        {
                            "stat": [
                                "doUptoVir2VcsNoSepCleanup",
                                "exit",
                                0.17529392242431641,
                                0.066562999999999997,
                                0.031323999999999998,
                                298660,
                                384084,
                                0.0019870000000000001,
                                0.0,
                                1755716969.782928,
                                10688799369751
                            ],
                            "sub": []
                        },
                        {
                            "stat": [
                                "doRadify_vir2vcsAll",
                                "entry",
                                0.17535090446472168,
                                0.066602999999999996,
                                0.031342000000000002,
                                298660,
                                384084,
                                0.0019870000000000001,
                                0.0,
                                1755716969.782985,
                                10688799449539
                            ],
                            "sub": []
                        },
                        {
                            "stat": [
                                "doRadify_vir2vcsAll",
                                "exit",
                                0.17851996421813965,
                                0.068746000000000002,
                                0.032350999999999998,
                                300392,
                                384084,
                                0.0019870000000000001,
                                0.0,
                                1755716969.786154,
                                10688807417867
                            ],
                            "sub": []
                        }
                    ]
                },
                {
                    "stat": [
                        "doPostDesignResolutionToVir2Vcs",
                        "exit",
                        0.17855691909790039,
                        0.068770999999999999,
                        0.032363000000000003,
                        300392,
                        384084,
                        0.0019870000000000001,
                        0.0,
                        1755716969.786191,
                        10688807444383
                    ],
                    "sub": []
                },
                {
                    "stat": [
                        "doGAToPass2",
                        "entry",
                        0.17856597900390625,
                        0.068778000000000006,
                        0.032365999999999999,
                        300392,
                        384084,
                        0.0019870000000000001,
                        0.0,
                        1755716969.7862,
                        10688807463456
                    ],
                    "sub": [
                        {
                            "stat": [
                                "DoPass2",
                                "entry",
                                0.19937896728515625,
                                0.069958000000000006,
                                0.032365999999999999,
                                298836,
                                384084,
                                0.017425,
                                0.002604,
                                1755716969.807013,
                                10688859486202
                            ],
                            "sub": []
                        },
                        {
                            "stat": [
                                "DoPass2",
                                "exit",
                                0.25004196166992188,
                                0.11144800000000001,
                                0.039802999999999998,
                                311696,
                                384084,
                                0.017425,
                                0.002604,
                                1755716969.857676,
                                10688985928723
                            ],
                            "sub": []
                        }
                    ]
                },
                {
                    "stat": [
                        "doGAToPass2",
                        "exit",
                        0.2532498836517334,
                        0.114579,
                        0.039802999999999998,
                        311696,
                        384084,
                        0.017425,
                        0.002604,
                        1755716969.860884,
                        10688993948787
                    ],