{
    "stat": {
        "ru_self_end": {
            "ru_utime_sec": 0.10333100000000001,
            "ru_stime_sec": 0.059046000000000001,
            "ru_maxrss_kb": 127548,
            "ru_nivcsw": 127,
            "ru_minflt": 14304,
            "ru_majflt": 0,
            "ru_nvcsw": 22
        },
        "ru_childs_end": {
            "ru_utime_sec": 0.0094619999999999999,
            "ru_stime_sec": 0.011272000000000001,
            "ru_maxrss_kb": 115368,
            "ru_nivcsw": 24,
            "ru_minflt": 2708,
            "ru_majflt": 0,
            "ru_nvcsw": 19
        },
        "cpu_cycles_end": 41362557598497,
        "peak_mem_kb": 384116
    },
    "Modules": {
        "std": {
            "start_perf": [
                0.23452901840209961,
                0.068624000000000004,
                0.046240000000000003,
                311736,
                384116,
                1751870380.023926,
                41362420687470
            ],
            "child_modules": {},
            "nRouts": 33,
            "Compiled": "Yes",
            "nMops": 528,
            "end_perf": [
                0.2422950267791748,
                0.072092000000000003,
                0.050464000000000002,
                312704,
                384116,
                41362440121196,
                8589934594,
                0
            ],
            "Compiled Times": 1,
            "svclass": [
                "$vcs_nba_dyn_obj",
                576,
                35,
                2,
                2,
                0,
                "sigprop$$",
                576,
                35,
                2,
                2,
                0,
                "process",
                2380,
                200,
                8,
                8,
                0,
                "event",
                597,
                34,
                2,
                2,
                0,
                "mailbox",
                1769,
                140,
                9,
                9,
                0,
                "semaphore",
                1119,
                84,
                5,
                5,
                0
            ],
            "nQuads": 218
        },
        "...MASTER...": {
            "start_perf": [
                0.23077392578125,
                0.068624000000000004,
                0.043340999999999998,
                310756,
                384116,
                1751870380.0201709,
                41362411317161
            ],
            "child_modules": {
                "std": 1,
                "tb": 1
            },
            "nRouts": 5,
            "nMops": 0,
            "end_perf": [
                0.23444199562072754,
                0.068624000000000004,
                0.04616,
                311736,
                384116,
                41362420517653,
                0,
                0
            ],
            "nQuads": 0
        },
        "tb": {
            "start_perf": [
                0.24234890937805176,
                0.072124999999999995,
                0.050486999999999997,
                312704,
                384116,
                1751870380.0317459,
                41362440200858
            ],
            "child_modules": {},
            "nRouts": 152,
            "Compiled": "Yes",
            "nMops": 3727,
            "end_perf": [
                0.28471803665161133,
                0.101382,
                0.056322999999999998,
                312704,
                384116,
                41362545998207,
                21474836481,
                0
            ],
            "Compiled Times": 1,
            "significant_routs": [
                [
                    2,
                    "R_VCSgd_g7hgQ_2",
                    3986241,
                    3505,
                    443
                ],
                [
                    46,
                    "U_VCSgd_g7hgQ_46",
                    12077811,
                    81,
                    18
                ]
            ],
            "nQuads": 1672
        }
    },
    "CompUnits": {
        "amcQw_d": {
            "mode": 4,
            "mod": "...MASTER...",
            "out": "objs/amcQw_d.o",
            "bytes": 7824,
            "text": 434,
            "checksum": 0
        },
        "reYIK_d": {
            "mode": 4,
            "mod": "std",
            "archive": "archive.0/_173386_archive_1.a",
            "out": "reYIK_d.o",
            "bytes": 43000,
            "text": 7325,
            "checksum": 0,
            "cls": 7017
        },
        "g7hgQ_d": {
            "mode": 4,
            "mod": "tb",
            "archive": "archive.0/_173386_archive_1.a",
            "out": "g7hgQ_d.o",
            "bytes": 74104,
            "text": 35210,
            "checksum": 0
        }
    },
    "reusePaths": {},
    "ObjArchives": [
        {
            "archive": "archive.0/_173386_archive_1.a",
            "objects": [
                [
                    "reYIK_d.o",
                    43000
                ],
                [
                    "g7hgQ_d.o",
                    74104
                ],
                [
                    "amcQwB.o",
                    119704
                ]
            ],
            "size": 236808
        }
    ]
}