{
    "Modules": {
        "...MASTER...": {
            "nRouts": 5,
            "start_perf": [
                0.21456408500671387,
                0.073219000000000006,
                0.034456000000000001,
                299004,
                382012,
                1740883860.6167841,
                8132787135166
            ],
            "child_modules": {
                "std": 1,
                "tb": 1
            },
            "nMops": 0,
            "end_perf": [
                0.21693205833435059,
                0.075406000000000001,
                0.034456000000000001,
                303440,
                382012,
                8132793079838,
                0,
                0
            ],
            "nQuads": 0
        },
        "std": {
            "nRouts": 33,
            "start_perf": [
                0.21699905395507812,
                0.075473999999999999,
                0.034456000000000001,
                303440,
                382012,
                1740883860.6192191,
                8132793216306
            ],
            "Compiled Times": 1,
            "child_modules": {},
            "Compiled": "Yes",
            "end_perf": [
                0.22737598419189453,
                0.080033000000000007,
                0.037909999999999999,
                305648,
                382012,
                8132819140414,
                8589934594,
                0
            ],
            "nMops": 528,
            "significant_routs": [
                [
                    17,
                    "F_VCSgd_reYIK_17_0",
                    6452972,
                    428,
                    19
                ]
            ],
            "svclass": [
                "$vcs_nba_dyn_obj",
                576,
                35,
                2,
                2,
                0,
                "sigprop$$",
                576,
                35,
                2,
                2,
                0,
                "process",
                2380,
                200,
                8,
                8,
                0,
                "event",
                597,
                34,
                2,
                2,
                0,
                "mailbox",
                1769,
                140,
                9,
                9,
                0,
                "semaphore",
                1119,
                84,
                5,
                5,
                0
            ],
            "nQuads": 218
        },
        "tb": {
            "nRouts": 175,
            "start_perf": [
                0.22741603851318359,
                0.080060999999999993,
                0.037922999999999998,
                305648,
                382012,
                1740883860.629636,
                8132819193068
            ],
            "Compiled Times": 1,
            "child_modules": {},
            "Compiled": "Yes",
            "significant_routs": [
                [
                    2,
                    "R_VCSgd_g7hgQ_2",
                    4006237,
                    3505,
                    443
                ],
                [
                    63,
                    "R_VCSgd_g7hgQ_3f",
                    2527020,
                    1603,
                    152
                ],
                [
                    145,
                    "R_VCSgd_g7hgQ_91",
                    3516466,
                    362,
                    34
                ]
            ],
            "nMops": 4236,
            "end_perf": [
                0.26773309707641602,
                0.11065899999999999,
                0.045082999999999998,
                310160,
                382012,
                8132919895637,
                21474836481,
                0
            ],
            "nQuads": 1804
        }
    },
    "CompUnits": {
        "amcQw_d": {
            "out": "objs/amcQw_d.o",
            "mod": "...MASTER...",
            "bytes": 7824,
            "text": 434,
            "mode": 4,
            "checksum": 0
        },
        "reYIK_d": {
            "out": "reYIK_d.o",
            "mod": "std",
            "archive": "archive.0/_43870_archive_1.a",
            "cls": 7017,
            "bytes": 43000,
            "text": 7325,
            "mode": 4,
            "checksum": 0
        },
        "g7hgQ_d": {
            "out": "g7hgQ_d.o",
            "mod": "tb",
            "archive": "archive.0/_43870_archive_1.a",
            "bytes": 79928,
            "text": 38965,
            "mode": 4,
            "checksum": 0
        }
    },
    "stat": {
        "ru_self_end": {
            "ru_utime_sec": 0.115769,
            "ru_stime_sec": 0.04548,
            "ru_majflt": 0,
            "ru_minflt": 14453,
            "ru_maxrss_kb": 125368,
            "ru_nvcsw": 34,
            "ru_nivcsw": 221
        },
        "ru_childs_end": {
            "ru_utime_sec": 0.016747999999999999,
            "ru_stime_sec": 0.0030490000000000001,
            "ru_majflt": 0,
            "ru_minflt": 2712,
            "ru_maxrss_kb": 112936,
            "ru_nvcsw": 19,
            "ru_nivcsw": 24
        },
        "cpu_cycles_end": 8132959843119,
        "peak_mem_kb": 382012
    },
    "reusePaths": {},
    "ObjArchives": [
        {
            "archive": "archive.0/_43870_archive_1.a",
            "size": 242732,
            "objects": [
                [
                    "reYIK_d.o",
                    43000
                ],
                [
                    "g7hgQ_d.o",
                    79928
                ],
                [
                    "amcQwB.o",
                    119804
                ]
            ]
        }
    ]
}