{
    "stat": {
        "ru_self_end": {
            "ru_utime_sec": 0.104549,
            "ru_stime_sec": 0.046767000000000003,
            "ru_nivcsw": 140,
            "ru_majflt": 0,
            "ru_maxrss_kb": 125328,
            "ru_minflt": 14439,
            "ru_nvcsw": 34
        },
        "ru_childs_end": {
            "ru_utime_sec": 0.015103,
            "ru_stime_sec": 0.0040980000000000001,
            "ru_nivcsw": 17,
            "ru_majflt": 0,
            "ru_maxrss_kb": 112628,
            "ru_minflt": 2707,
            "ru_nvcsw": 17
        },
        "cpu_cycles_end": 42491632170167,
        "peak_mem_kb": 384112
    },
    "Modules": {
        "...MASTER...": {
            "nRouts": 5,
            "start_perf": [
                0.19350695610046387,
                0.062171999999999998,
                0.039808000000000003,
                298880,
                384112,
                1751870832.3772321,
                42491503378826
            ],
            "child_modules": {
                "tb": 1,
                "std": 1
            },
            "nMops": 0,
            "end_perf": [
                0.19561886787414551,
                0.063199000000000005,
                0.040892999999999999,
                303428,
                384112,
                42491508674471,
                0,
                0
            ],
            "nQuads": 0
        },
        "tb": {
            "start_perf": [
                0.20307588577270508,
                0.070374999999999993,
                0.040915,
                305632,
                384112,
                1751870832.386801,
                42491527252373
            ],
            "child_modules": {},
            "Compiled": "Yes",
            "significant_routs": [
                [
                    2,
                    "R_VCSgd_g7hgQ_2",
                    3833781,
                    3505,
                    443
                ],
                [
                    64,
                    "R_VCSgd_g7hgQ_40",
                    2556222,
                    689,
                    60
                ],
                [
                    80,
                    "R_VCSgd_g7hgQ_50",
                    2255333,
                    1642,
                    209
                ]
            ],
            "Compiled Times": 1,
            "nMops": 4106,
            "end_perf": [
                0.24060177803039551,
                0.10044500000000001,
                0.046358999999999997,
                310084,
                384112,
                42491620972243,
                21474836481,
                0
            ],
            "nQuads": 1719,
            "nRouts": 164
        },
        "std": {
            "start_perf": [
                0.19573879241943359,
                0.063231999999999997,
                0.040915,
                303428,
                384112,
                1751870832.3794639,
                42491508945692
            ],
            "child_modules": {},
            "Compiled": "Yes",
            "significant_routs": [
                [
                    24,
                    "F_VCSgd_reYIK_24_0",
                    2308056,
                    984,
                    90
                ]
            ],
            "Compiled Times": 1,
            "end_perf": [
                0.20302987098693848,
                0.070328000000000002,
                0.040915,
                305632,
                384112,
                42491527182415,
                8589934594,
                0
            ],
            "svclass": [
                "$vcs_nba_dyn_obj",
                576,
                35,
                2,
                2,
                0,
                "sigprop$$",
                576,
                35,
                2,
                2,
                0,
                "process",
                2380,
                200,
                8,
                8,
                0,
                "event",
                597,
                34,
                2,
                2,
                0,
                "mailbox",
                1769,
                140,
                9,
                9,
                0,
                "semaphore",
                1119,
                84,
                5,
                5,
                0
            ],
            "nQuads": 218,
            "nMops": 528,
            "nRouts": 33
        }
    },
    "CompUnits": {
        "amcQw_d": {
            "mod": "...MASTER...",
            "out": "objs/amcQw_d.o",
            "bytes": 7824,
            "checksum": 0,
            "text": 434,
            "mode": 4
        },
        "reYIK_d": {
            "mod": "std",
            "out": "reYIK_d.o",
            "bytes": 43000,
            "checksum": 0,
            "text": 7325,
            "mode": 4,
            "cls": 7017,
            "archive": "archive.0/_187227_archive_1.a"
        },
        "g7hgQ_d": {
            "mod": "tb",
            "out": "g7hgQ_d.o",
            "bytes": 77478,
            "checksum": 0,
            "text": 37538,
            "mode": 4,
            "archive": "archive.0/_187227_archive_1.a"
        }
    },
    "reusePaths": {},
    "ObjArchives": [
        {
            "size": 240274,
            "archive": "archive.0/_187227_archive_1.a",
            "objects": [
                [
                    "reYIK_d.o",
                    43000
                ],
                [
                    "g7hgQ_d.o",
                    77478
                ],
                [
                    "amcQwB.o",
                    119796
                ]
            ]
        }
    ]
}