{
    "reusePaths": {},
    "Modules": {
        "...MASTER...": {
            "start_perf": [
                0.22919893264770508,
                0.07177,
                0.036452999999999999,
                298876,
                385140,
                1740733825.3383369,
                68267575080431
            ],
            "nMops": 0,
            "child_modules": {
                "std": 1,
                "tb": 1
            },
            "end_perf": [
                0.23131608963012695,
                0.07177,
                0.038567999999999998,
                303424,
                385140,
                68267580391979,
                0,
                0
            ],
            "nQuads": 0,
            "nRouts": 5
        },
        "std": {
            "start_perf": [
                0.23137092590332031,
                0.07177,
                0.038625,
                303424,
                385140,
                1740733825.3405089,
                68267580501100
            ],
            "svclass": [
                "$vcs_nba_dyn_obj",
                576,
                35,
                2,
                2,
                0,
                "sigprop$$",
                576,
                35,
                2,
                2,
                0,
                "process",
                2380,
                200,
                8,
                8,
                0,
                "event",
                597,
                34,
                2,
                2,
                0,
                "mailbox",
                1769,
                140,
                9,
                9,
                0,
                "semaphore",
                1119,
                84,
                5,
                5,
                0
            ],
            "child_modules": {},
            "nMops": 528,
            "Compiled": "Yes",
            "nRouts": 33,
            "Compiled Times": 1,
            "end_perf": [
                0.2403409481048584,
                0.078452999999999995,
                0.039225999999999997,
                305624,
                385140,
                68267603226963,
                8589934594,
                0
            ],
            "nQuads": 218
        },
        "tb": {
            "start_perf": [
                0.24052095413208008,
                0.078501000000000001,
                0.03925,
                305624,
                385140,
                1740733825.349659,
                68267603361117
            ],
            "child_modules": {},
            "nMops": 4069,
            "Compiled": "Yes",
            "nRouts": 161,
            "Compiled Times": 1,
            "significant_routs": [
                [
                    2,
                    "R_VCSgd_g7hgQ_2",
                    4018674,
                    3505,
                    443
                ]
            ],
            "end_perf": [
                0.27747893333435059,
                0.113278,
                0.03925,
                310068,
                385140,
                68267695626531,
                21474836481,
                0
            ],
            "nQuads": 1719
        }
    },
    "CompUnits": {
        "amcQw_d": {
            "mod": "...MASTER...",
            "out": "objs/amcQw_d.o",
            "checksum": 0,
            "bytes": 7824,
            "text": 434,
            "mode": 4
        },
        "reYIK_d": {
            "mod": "std",
            "out": "reYIK_d.o",
            "checksum": 0,
            "bytes": 43000,
            "archive": "archive.0/_157961_archive_1.a",
            "cls": 7017,
            "text": 7325,
            "mode": 4
        },
        "g7hgQ_d": {
            "mod": "tb",
            "out": "g7hgQ_d.o",
            "checksum": 0,
            "bytes": 77332,
            "archive": "archive.0/_157961_archive_1.a",
            "text": 37498,
            "mode": 4
        }
    },
    "stat": {
        "ru_childs_end": {
            "ru_nvcsw": 19,
            "ru_minflt": 2711,
            "ru_utime_sec": 0.010168999999999999,
            "ru_maxrss_kb": 112128,
            "ru_stime_sec": 0.01018,
            "ru_majflt": 0,
            "ru_nivcsw": 30
        },
        "ru_self_end": {
            "ru_nvcsw": 37,
            "ru_minflt": 14427,
            "ru_utime_sec": 0.118298,
            "ru_maxrss_kb": 124584,
            "ru_stime_sec": 0.03925,
            "ru_majflt": 0,
            "ru_nivcsw": 210
        },
        "cpu_cycles_end": 68267727263509,
        "peak_mem_kb": 385140
    },
    "ObjArchives": [
        {
            "size": 240136,
            "archive": "archive.0/_157961_archive_1.a",
            "objects": [
                [
                    "reYIK_d.o",
                    43000
                ],
                [
                    "g7hgQ_d.o",
                    77332
                ],
                [
                    "amcQwB.o",
                    119804
                ]
            ]
        }
    ]
}