{
    "stat": {
        "cpu_cycles_end": 7341566112372,
        "ru_self_cgstart": {
            "ru_majflt": 0,
            "ru_stime_sec": 0.020539999999999999,
            "ru_utime_sec": 0.086291999999999994,
            "ru_minflt": 11990,
            "ru_maxrss_kb": 112292,
            "ru_nvcsw": 18,
            "ru_nivcsw": 71
        },
        "ru_childs_cgstart": {
            "ru_majflt": 0,
            "ru_stime_sec": 0.0034859999999999999,
            "ru_utime_sec": 0.028147999999999999,
            "ru_minflt": 4113,
            "ru_maxrss_kb": 112292,
            "ru_nvcsw": 17,
            "ru_nivcsw": 21
        },
        "nMops": 4617,
        "cpu_cycles_cgstart": 7341427098066,
        "nQuads": 1934,
        "CodeGen(%)": 29.674489488659074,
        "ru_childs_end": {
            "ru_majflt": 0,
            "ru_stime_sec": 0.0034859999999999999,
            "ru_utime_sec": 0.028147999999999999,
            "ru_minflt": 4113,
            "ru_maxrss_kb": 112292,
            "ru_nvcsw": 17,
            "ru_nivcsw": 21
        },
        "Frontend(%)": 70.325510511340923,
        "mopSpeed": 95611.837064341729,
        "totalObjSize": 247694,
        "realTime": 0.28705596923828125,
        "ru_self_end": {
            "ru_majflt": 0,
            "ru_stime_sec": 0.023875,
            "ru_utime_sec": 0.13458100000000001,
            "ru_minflt": 14437,
            "ru_maxrss_kb": 125132,
            "ru_nvcsw": 18,
            "ru_nivcsw": 101
        },
        "cpu_cycles_total": 674950309,
        "quadSpeed": 40050.529106007554,
        "mop/quad": 2.3872802481902791,
        "outputSizePerQuad": 128.07342295760083,
        "peak_mem_kb": 382008
    },
    "cycles_program_begin": 7340891162063,
    "perf": [
        {
            "stat": [
                "main",
                "entry",
                0.016669988632202148,
                0.039399000000000003,
                0.011819,
                203224,
                204480,
                0.0,
                0.0,
                1772237509.8871479,
                7340891409295
            ],
            "sub": [
                {
                    "stat": [
                        "doParsingAndDesignResolution",
                        "entry",
                        0.13308119773864746,
                        0.049075000000000001,
                        0.013173000000000001,
                        212912,
                        213712,
                        0.0,
                        0.0,
                        1772237510.0035591,
                        7341181905454
                    ],
                    "sub": []
                },
                {
                    "stat": [
                        "doParsingAndDesignResolution",
                        "exit",
                        0.14704418182373047,
                        0.060761999999999997,
                        0.013173000000000001,
                        316496,
                        382008,
                        0.0,
                        0.0,
                        1772237510.0175221,
                        7341216776212
                    ],
                    "sub": []
                },
                {
                    "stat": [
                        "doPostDesignResolutionToVir2Vcs",
                        "entry",
                        0.15458297729492188,
                        0.066130999999999995,
                        0.015509999999999999,
                        298212,
                        382008,
                        0.0,
                        0.0,
                        1772237510.0250609,
                        7341235580470
                    ],
                    "sub": [
                        {
                            "stat": [
                                "doUptoVir2VcsNoSepCleanup",
                                "entry",
                                0.1638340950012207,
                                0.069553000000000004,
                                0.016365000000000001,
                                298436,
                                382008,
                                0.0,
                                0.0,
                                1772237510.034312,
                                7341258677048
                            ],
                            "sub": []
                        },
                        {
                            "stat": [
                                "doUptoVir2VcsNoSepCleanup",
                                "exit",
                                0.18665313720703125,
                                0.086245000000000002,
                                0.016427000000000001,
                                298692,
                                382008,
                                0.0,
                                0.0018420000000000001,
                                1772237510.0571311,
                                7341315637312
                            ],
                            "sub": []
                        },
                        {
                            "stat": [
                                "doRadify_vir2vcsAll",
                                "entry",
                                0.18670797348022461,
                                0.086291999999999994,
                                0.016435999999999999,
                                298692,
                                382008,
                                0.0,
                                0.0018420000000000001,
                                1772237510.0571859,
                                7341315715127
                            ],
                            "sub": []
                        },
                        {
                            "stat": [
                                "doRadify_vir2vcsAll",
                                "exit",
                                0.18962717056274414,
                                0.086291999999999994,
                                0.019345000000000001,
                                300436,
                                382008,
                                0.0,
                                0.0018420000000000001,
                                1772237510.0601051,
                                7341323061445
                            ],
                            "sub": []
                        }
                    ]
                },
                {
                    "stat": [
                        "doPostDesignResolutionToVir2Vcs",
                        "exit",
                        0.18966817855834961,
                        0.086291999999999994,
                        0.019387999999999999,
                        300436,
                        382008,
                        0.0,
                        0.0018420000000000001,
                        1772237510.0601461,
                        7341323100016
                    ],
                    "sub": []
                },
                {
                    "stat": [
                        "doGAToPass2",
                        "entry",
                        0.18968105316162109,
                        0.086291999999999994,
                        0.019401000000000002,
                        300436,
                        382008,
                        0.0,
                        0.0018420000000000001,
                        1772237510.060159,
                        7341323129425
                    ],