{
    "Modules": {
        "...MASTER...": {
            "nRouts": 5,
            "start_perf": [
                0.18631911277770996,
                0.056820000000000002,
                0.034455,
                300484,
                384884,
                1751697518.0205181,
                7947612102189
            ],
            "nQuads": 0,
            "child_modules": {
                "tb_valid_ready": 1,
                "std": 1
            },
            "end_perf": [
                0.18862009048461914,
                0.056820000000000002,
                0.036755000000000003,
                304984,
                384884,
                7947617892314,
                0,
                0
            ],
            "nMops": 0
        },
        "std": {
            "nRouts": 33,
            "start_perf": [
                0.18869304656982422,
                0.056820000000000002,
                0.036829000000000001,
                304984,
                384884,
                1751697518.022892,
                7947618022474
            ],
            "child_modules": {},
            "nQuads": 218,
            "Compiled": "Yes",
            "nMops": 528,
            "Compiled Times": 1,
            "end_perf": [
                0.19696402549743652,
                0.063603000000000007,
                0.038161,
                307280,
                384884,
                7947638730676,
                8589934594,
                0
            ],
            "svclass": [
                "$vcs_nba_dyn_obj",
                576,
                35,
                2,
                2,
                0,
                "sigprop$$",
                576,
                35,
                2,
                2,
                0,
                "process",
                2380,
                200,
                8,
                8,
                0,
                "event",
                597,
                34,
                2,
                2,
                0,
                "mailbox",
                1769,
                140,
                9,
                9,
                0,
                "semaphore",
                1119,
                84,
                5,
                5,
                0
            ]
        },
        "tb_valid_ready": {
            "nRouts": 67,
            "start_perf": [
                0.1970210075378418,
                0.063640000000000002,
                0.038184000000000003,
                307280,
                384884,
                1751697518.03122,
                7947638807067
            ],
            "nQuads": 531,
            "child_modules": {},
            "nMops": 1278,
            "Compiled": "Yes",
            "Compiled Times": 1,
            "end_perf": [
                0.20978593826293945,
                0.069283999999999998,
                0.044831000000000003,
                308944,
                384884,
                7947670724253,
                17179869185,
                0
            ]
        }
    },
    "ObjArchives": [
        {
            "archive": "archive.0/_102349_archive_1.a",
            "objects": [
                [
                    "reYIK_d.o",
                    43000
                ],
                [
                    "xhzzA_d.o",
                    27822
                ],
                [
                    "amcQwB.o",
                    117214
                ]
            ],
            "size": 188036
        }
    ],
    "reusePaths": {},
    "CompUnits": {
        "amcQw_d": {
            "checksum": 0,
            "mod": "...MASTER...",
            "out": "objs/amcQw_d.o",
            "bytes": 7832,
            "text": 434,
            "mode": 4
        },
        "reYIK_d": {
            "checksum": 0,
            "mod": "std",
            "out": "reYIK_d.o",
            "bytes": 43000,
            "text": 7325,
            "archive": "archive.0/_102349_archive_1.a",
            "cls": 7017,
            "mode": 4
        },
        "xhzzA_d": {
            "checksum": 0,
            "mod": "tb_valid_ready",
            "out": "xhzzA_d.o",
            "bytes": 27822,
            "text": 12444,
            "mode": 4,
            "archive": "archive.0/_102349_archive_1.a"
        }
    },
    "stat": {
        "peak_mem_kb": 384884,
        "ru_self_end": {
            "ru_stime_sec": 0.048571999999999997,
            "ru_utime_sec": 0.070168999999999995,
            "ru_majflt": 0,
            "ru_maxrss_kb": 120948,
            "ru_minflt": 13354,
            "ru_nivcsw": 91,
            "ru_nvcsw": 16
        },
        "ru_childs_end": {
            "ru_stime_sec": 0.0093270000000000002,
            "ru_utime_sec": 0.010488000000000001,
            "ru_majflt": 0,
            "ru_maxrss_kb": 111000,
            "ru_minflt": 2707,
            "ru_nivcsw": 27,
            "ru_nvcsw": 21
        },
        "cpu_cycles_end": 7947682308898
    }
}