{
    "CurCompileUdps": {},
    "cycles_program_begin": 4474877820738,
    "stat": {
        "ru_self_cgstart": {
            "ru_utime_sec": 0.064116999999999993,
            "ru_stime_sec": 0.027479,
            "ru_maxrss_kb": 111640,
            "ru_minflt": 11627,
            "ru_nvcsw": 23,
            "ru_majflt": 0,
            "ru_nivcsw": 46
        },
        "cpu_cycles_total": 516200415,
        "Frontend(%)": 83.275742230165804,
        "ru_childs_cgstart": {
            "ru_utime_sec": 0.01975,
            "ru_stime_sec": 0.011691,
            "ru_maxrss_kb": 111640,
            "ru_minflt": 4116,
            "ru_nvcsw": 18,
            "ru_majflt": 0,
            "ru_nivcsw": 33
        },
        "cpu_cycles_cgstart": 4475327432843,
        "nMops": 1965,
        "ru_self_end": {
            "ru_utime_sec": 0.080960000000000004,
            "ru_stime_sec": 0.037076999999999999,
            "ru_maxrss_kb": 121404,
            "ru_minflt": 13327,
            "ru_nvcsw": 23,
            "ru_majflt": 0,
            "ru_nivcsw": 54
        },
        "nQuads": 894,
        "ru_childs_end": {
            "ru_utime_sec": 0.01975,
            "ru_stime_sec": 0.011691,
            "ru_maxrss_kb": 111640,
            "ru_minflt": 4116,
            "ru_nvcsw": 18,
            "ru_majflt": 0,
            "ru_nivcsw": 33
        },
        "totalObjSize": 199892,
        "quadSpeed": 53078.430208395148,
        "realTime": 0.22532510757446289,
        "cpu_cycles_end": 4475394021153,
        "CodeGen(%)": 16.724257769834185,
        "mopSpeed": 116665.67713590208,
        "mop/quad": 2.1979865771812079,
        "outputSizePerQuad": 223.59284116331096,
        "peak_mem_kb": 381684
    },
    "perf": [
        {
            "stat": [
                "main",
                "entry",
                0.018542051315307617,
                0.031091000000000001,
                0.017766000000000001,
                203224,
                204480,
                0.0,
                0.0,
                1772525892.325084,
                4474878046206
            ],
            "sub": [
                {
                    "stat": [
                        "doParsingAndDesignResolution",
                        "entry",
                        0.13327813148498535,
                        0.042604999999999997,
                        0.017766000000000001,
                        212912,
                        213712,
                        0.0,
                        0.0,
                        1772525892.4398201,
                        4475164389961
                    ],
                    "sub": []
                },
                {
                    "stat": [
                        "doParsingAndDesignResolution",
                        "exit",
                        0.14251208305358887,
                        0.051215999999999998,
                        0.017766000000000001,
                        250612,
                        253812,
                        0.0,
                        0.0,
                        1772525892.449054,
                        4475187455079
                    ],
                    "sub": []
                },
                {
                    "stat": [
                        "doPostDesignResolutionToVir2Vcs",
                        "entry",
                        0.14890718460083008,
                        0.057611000000000002,
                        0.017766000000000001,
                        298144,
                        381684,
                        0.0,
                        0.0,
                        1772525892.4554491,
                        4475203405740
                    ],
                    "sub": [
                        {
                            "stat": [
                                "doUptoVir2VcsNoSepCleanup",
                                "entry",
                                0.15140914916992188,
                                0.060116999999999997,
                                0.017766000000000001,
                                298336,
                                381684,
                                0.0,
                                0.0,
                                1772525892.4579511,
                                4475209639577
                            ],
                            "sub": []
                        },
                        {
                            "stat": [
                                "doUptoVir2VcsNoSepCleanup",
                                "exit",
                                0.16402196884155273,
                                0.064074999999999993,
                                0.024028000000000001,
                                298464,
                                381684,
                                0.001838,
                                0.0,
                                1772525892.4705639,
                                4475241134047
                            ],
                            "sub": []
                        },
                        {
                            "stat": [
                                "doRadify_vir2vcsAll",
                                "entry",
                                0.1640779972076416,
                                0.064116999999999993,
                                0.024043999999999999,
                                298464,
                                381684,
                                0.001838,
                                0.0,
                                1772525892.4706199,
                                4475241215720
                            ],
                            "sub": []
                        },
                        {
                            "stat": [
                                "doRadify_vir2vcsAll",
                                "exit",
                                0.1664271354675293,
                                0.064116999999999993,
                                0.026391000000000001,
                                300152,
                                381684,
                                0.001838,
                                0.0,
                                1772525892.4729691,
                                4475247132668
                            ],
                            "sub": []
                        }
                    ]
                },
                {
                    "stat": [
                        "doPostDesignResolutionToVir2Vcs",
                        "exit",
                        0.16646409034729004,
                        0.064116999999999993,
                        0.026429000000000001,
                        300152,
                        381684,
                        0.001838,
                        0.0,
                        1772525892.473006,
                        4475247161306
                    ],
                    "sub": []
                },
                {
                    "stat": [
                        "doGAToPass2",
                        "entry",
                        0.1664731502532959,
                        0.064116999999999993,
                        0.026439000000000001,
                        300152,
                        381684,
                        0.001838,
                        0.0,
                        1772525892.4730151,
                        4475247182779
                    ],