{
    "Modules": {
        "...MASTER...": {
            "start_perf": [
                0.23448395729064941,
                0.077882000000000007,
                0.028216000000000001,
                298784,
                381704,
                1751692576.0352819,
                13450194233767
            ],
            "child_modules": {
                "tb_multi_pipe": 1,
                "std": 1
            },
            "end_perf": [
                0.23693108558654785,
                0.080326999999999996,
                0.028216000000000001,
                303204,
                381704,
                13450200395499,
                0,
                0
            ],
            "nQuads": 0,
            "nRouts": 5,
            "nMops": 0
        },
        "std": {
            "start_perf": [
                0.23701310157775879,
                0.080409999999999995,
                0.028216000000000001,
                303204,
                381704,
                1751692576.037811,
                13450200551115
            ],
            "child_modules": {},
            "Compiled": "Yes",
            "Compiled Times": 1,
            "end_perf": [
                0.24519515037536621,
                0.084468000000000001,
                0.032177999999999998,
                305492,
                381704,
                13450221027269,
                8589934594,
                0
            ],
            "svclass": [
                "$vcs_nba_dyn_obj",
                576,
                35,
                2,
                2,
                0,
                "sigprop$$",
                576,
                35,
                2,
                2,
                0,
                "process",
                2380,
                200,
                8,
                8,
                0,
                "event",
                597,
                34,
                2,
                2,
                0,
                "mailbox",
                1769,
                140,
                9,
                9,
                0,
                "semaphore",
                1119,
                84,
                5,
                5,
                0
            ],
            "nQuads": 218,
            "nMops": 528,
            "nRouts": 33
        },
        "tb_multi_pipe": {
            "start_perf": [
                0.24525117874145508,
                0.084510000000000002,
                0.032194,
                305492,
                381704,
                1751692576.0460491,
                13450221101826
            ],
            "child_modules": {},
            "Compiled": "Yes",
            "Compiled Times": 1,
            "end_perf": [
                0.27718806266784668,
                0.116132,
                0.032194,
                309176,
                381704,
                13450300882924,
                17179869185,
                0
            ],
            "significant_routs": [
                [
                    1,
                    "R_VCSgd_t2BSw_1",
                    7053087,
                    8085,
                    1086
                ]
            ],
            "nQuads": 1338,
            "nMops": 4856,
            "nRouts": 133
        }
    },
    "CompUnits": {
        "reYIK_d": {
            "text": 7325,
            "mod": "std",
            "out": "reYIK_d.o",
            "mode": 4,
            "bytes": 43000,
            "cls": 7017,
            "checksum": 0,
            "archive": "archive.0/_69987_archive_1.a"
        },
        "amcQw_d": {
            "text": 434,
            "mod": "...MASTER...",
            "out": "objs/amcQw_d.o",
            "mode": 4,
            "bytes": 7832,
            "checksum": 0
        },
        "t2BSw_d": {
            "text": 39515,
            "mod": "tb_multi_pipe",
            "out": "t2BSw_d.o",
            "mode": 4,
            "bytes": 61476,
            "checksum": 0,
            "archive": "archive.0/_69987_archive_1.a"
        }
    },
    "reusePaths": {},
    "ObjArchives": [
        {
            "archive": "archive.0/_69987_archive_1.a",
            "objects": [
                [
                    "reYIK_d.o",
                    43000
                ],
                [
                    "t2BSw_d.o",
                    61476
                ],
                [
                    "amcQwB.o",
                    117518
                ]
            ],
            "size": 221994
        }
    ],
    "stat": {
        "peak_mem_kb": 381704,
        "ru_self_end": {
            "ru_nivcsw": 118,
            "ru_utime_sec": 0.12021999999999999,
            "ru_stime_sec": 0.033163999999999999,
            "ru_maxrss_kb": 123544,
            "ru_minflt": 13836,
            "ru_nvcsw": 23,
            "ru_majflt": 0
        },
        "ru_childs_end": {
            "ru_nivcsw": 32,
            "ru_utime_sec": 0.016351000000000001,
            "ru_stime_sec": 0.0044270000000000004,
            "ru_maxrss_kb": 111932,
            "ru_minflt": 2708,
            "ru_nvcsw": 22,
            "ru_majflt": 0
        },
        "cpu_cycles_end": 13450327210861
    }
}