{
    "stat": {
        "ru_self_cgstart": {
            "ru_utime_sec": 0.051742000000000003,
            "ru_nvcsw": 23,
            "ru_stime_sec": 0.034618000000000003,
            "ru_maxrss_kb": 111364,
            "ru_minflt": 11579,
            "ru_nivcsw": 55,
            "ru_majflt": 0
        },
        "nQuads": 725,
        "CodeGen(%)": 20.774951365460858,
        "cpu_cycles_cgstart": 11319774049702,
        "ru_childs_cgstart": {
            "ru_utime_sec": 0.012603,
            "ru_nvcsw": 16,
            "ru_stime_sec": 0.0037439999999999999,
            "ru_maxrss_kb": 111364,
            "ru_minflt": 2465,
            "ru_nivcsw": 8,
            "ru_majflt": 0
        },
        "nMops": 1546,
        "ru_self_end": {
            "ru_utime_sec": 0.068614999999999995,
            "ru_nvcsw": 23,
            "ru_stime_sec": 0.042921000000000001,
            "ru_maxrss_kb": 120760,
            "ru_minflt": 13277,
            "ru_nivcsw": 59,
            "ru_majflt": 0
        },
        "quadSpeed": 42968.055473241278,
        "totalObjSize": 192050,
        "ru_childs_end": {
            "ru_utime_sec": 0.012603,
            "ru_nvcsw": 16,
            "ru_stime_sec": 0.0037439999999999999,
            "ru_maxrss_kb": 111364,
            "ru_minflt": 2465,
            "ru_nivcsw": 8,
            "ru_majflt": 0
        },
        "cpu_cycles_end": 11319837607612,
        "mopSpeed": 91625.674153973814,
        "cpu_cycles_total": 469638221,
        "mop/quad": 2.1324137931034484,
        "realTime": 0.20468306541442871,
        "outputSizePerQuad": 264.89655172413791,
        "Frontend(%)": 79.225048634539135,
        "peak_mem_kb": 383628
    },
    "cycles_program_begin": 11319367969391,
    "SIMBData": {
        "out": "amcQwB.o",
        "text": 0,
        "bytes": 116602,
        "archive": "archive.0/_131452_archive_1.a"
    },
    "perf": [
        {
            "stat": [
                "main",
                "entry",
                0.016559123992919922,
                0.026891999999999999,
                0.019207999999999999,
                203220,
                204476,
                0.0,
                0.0,
                1751698868.876379,
                11319368182138
            ],
            "sub": [
                {
                    "stat": [
                        "doParsingAndDesignResolution",
                        "entry",
                        0.12954807281494141,
                        0.030027000000000002,
                        0.026273999999999999,
                        212908,
                        213708,
                        0.0,
                        0.0,
                        1751698868.989368,
                        11319650168495
                    ],
                    "sub": []
                },
                {
                    "stat": [
                        "doParsingAndDesignResolution",
                        "exit",
                        0.13980817794799805,
                        0.035331000000000001,
                        0.031798,
                        316080,
                        383628,
                        0.0,
                        0.0,
                        1751698868.9996281,
                        11319675784321
                    ],
                    "sub": []
                },
                {
                    "stat": [
                        "doPostDesignResolutionToVir2Vcs",
                        "entry",
                        0.14298820495605469,
                        0.036951999999999999,
                        0.033257000000000002,
                        298016,
                        383628,
                        0.0,
                        0.0,
                        1751698869.0028081,
                        11319683735907
                    ],
                    "sub": [
                        {
                            "stat": [
                                "doUptoVir2VcsNoSepCleanup",
                                "entry",
                                0.14566302299499512,
                                0.039461000000000003,
                                0.033257000000000002,
                                298208,
                                383628,
                                0.0,
                                0.0,
                                1751698869.0054829,
                                11319690393107
                            ],
                            "sub": []
                        },
                        {
                            "stat": [
                                "doUptoVir2VcsNoSepCleanup",
                                "exit",
                                0.1562800407409668,
                                0.049300999999999998,
                                0.033257000000000002,
                                298464,
                                383628,
                                0.0,
                                0.0,
                                1751698869.0160999,
                                11319716913749
                            ],
                            "sub": []
                        },
                        {
                            "stat": [
                                "doRadify_vir2vcsAll",
                                "entry",
                                0.15633606910705566,
                                0.049357999999999999,
                                0.033257000000000002,
                                298464,
                                383628,
                                0.0,
                                0.0,
                                1751698869.016156,
                                11319716990693
                            ],
                            "sub": []
                        },
                        {
                            "stat": [
                                "doRadify_vir2vcsAll",
                                "exit",
                                0.1587212085723877,
                                0.051694999999999998,
                                0.033257000000000002,
                                300152,
                                383628,
                                0.0,
                                0.0,
                                1751698869.0185411,
                                11319723006784
                            ],
                            "sub": []
                        }
                    ]
                },
                {
                    "stat": [
                        "doPostDesignResolutionToVir2Vcs",
                        "exit",
                        0.15876007080078125,
                        0.051735000000000003,
                        0.033258000000000003,
                        300152,
                        383628,
                        0.0,
                        0.0,
                        1751698869.01858,
                        11319723040731
                    ],
                    "sub": []
                },
                {
                    "stat": [
                        "doGAToPass2",
                        "entry",
                        0.15877199172973633,
                        0.051742000000000003,
                        0.033262,
                        300152,
                        383628,
                        0.0,
                        0.0,
                        1751698869.0185919,
                        11319723066302
                    ],