{
    "Modules": {
        "...MASTER...": {
            "nRouts": 5,
            "start_perf": [
                0.25688695907592773,
                0.085652000000000006,
                0.032073999999999998,
                310264,
                381984,
                1740569058.7516229,
                37894822575509
            ],
            "end_perf": [
                0.26720809936523438,
                0.087317000000000006,
                0.032073999999999998,
                310264,
                381984,
                37894848378203,
                0,
                0
            ],
            "child_modules": {
                "std": 1,
                "testbench": 1
            },
            "nQuads": 0,
            "nMops": 0
        },
        "std": {
            "start_perf": [
                0.26727700233459473,
                0.087386000000000005,
                0.032073999999999998,
                310264,
                381984,
                1740569058.762013,
                37894848505278
            ],
            "end_perf": [
                0.27009105682373047,
                0.087386000000000005,
                0.034863999999999999,
                310264,
                381984,
                37894855568453,
                8589934594,
                0
            ],
            "child_modules": {},
            "Compiled": "Yes",
            "Compiled Times": 3,
            "svclass": [
                "$vcs_nba_dyn_obj",
                0,
                35,
                2,
                2,
                0,
                "sigprop$$",
                0,
                35,
                2,
                2,
                0,
                "process",
                0,
                200,
                8,
                8,
                0,
                "event",
                0,
                34,
                2,
                2,
                0,
                "mailbox",
                0,
                140,
                9,
                9,
                0,
                "semaphore",
                0,
                84,
                5,
                5,
                0
            ],
            "nMops": 528,
            "nQuads": 218,
            "nRouts": 33
        },
        "testbench": {
            "nRouts": 191,
            "start_perf": [
                0.27013492584228516,
                0.087386000000000005,
                0.034908000000000002,
                310264,
                381984,
                1740569058.7648709,
                37894855636022
            ],
            "end_perf": [
                0.28869414329528809,
                0.099612000000000006,
                0.038311999999999999,
                310264,
                381984,
                37894901998999,
                17179869185,
                0
            ],
            "child_modules": {},
            "Compiled": "Yes",
            "Compiled Times": 3,
            "nQuads": 1741,
            "nMops": 4846
        }
    },
    "CompUnits": {},
    "reusePaths": {
        "amcQw_d": {
            "icPath": "csrc"
        },
        "reYIK_d": {
            "icPath": "csrc"
        },
        "iAVhC_d": {
            "icPath": "csrc"
        }
    },
    "stat": {
        "ru_self_end": {
            "ru_utime_sec": 0.10424700000000001,
            "ru_stime_sec": 0.038855000000000001,
            "ru_nivcsw": 189,
            "ru_maxrss_kb": 124684,
            "ru_majflt": 0,
            "ru_minflt": 13882,
            "ru_nvcsw": 20
        },
        "cpu_cycles_end": 37894916109735,
        "ru_childs_end": {
            "ru_utime_sec": 0.019975,
            "ru_stime_sec": 0.0014139999999999999,
            "ru_nivcsw": 20,
            "ru_maxrss_kb": 113548,
            "ru_majflt": 1,
            "ru_minflt": 2728,
            "ru_nvcsw": 20
        },
        "peak_mem_kb": 381984
    },
    "ObjArchives": [
        {
            "archive": "archive.2/_153696_archive_1.a",
            "objects": [
                [
                    "amcQwB.o",
                    116256
                ]
            ],
            "size": 116256
        }
    ]
}