{
    "Modules": {
        "std": {
            "start_perf": [
                0.1700291633605957,
                0.044823000000000002,
                0.026147,
                303224,
                381068,
                1735205359.0832181,
                36371271983346
            ],
            "child_modules": {},
            "Compiled": "Yes",
            "nQuads": 218,
            "Compiled Times": 1,
            "svclass": [
                "$vcs_nba_dyn_obj",
                576,
                35,
                2,
                2,
                0,
                "sigprop$$",
                576,
                35,
                2,
                2,
                0,
                "process",
                2380,
                200,
                8,
                8,
                0,
                "event",
                597,
                34,
                2,
                2,
                0,
                "mailbox",
                1769,
                140,
                9,
                9,
                0,
                "semaphore",
                1119,
                84,
                5,
                5,
                0
            ],
            "nRouts": 33,
            "end_perf": [
                0.17536115646362305,
                0.050153999999999997,
                0.026147,
                305484,
                381068,
                36371285349155,
                8589934594,
                0
            ],
            "nMops": 528
        },
        "...MASTER...": {
            "start_perf": [
                0.16856813430786133,
                0.043507999999999998,
                0.026001,
                298804,
                381068,
                1735205359.0817571,
                36371268341824
            ],
            "child_modules": {
                "std": 1,
                "tb_adder64": 1
            },
            "nRouts": 5,
            "end_perf": [
                0.16998600959777832,
                0.044795000000000001,
                0.02613,
                303224,
                381068,
                36371271906121,
                0,
                0
            ],
            "nQuads": 0,
            "nMops": 0
        },
        "tb_adder64": {
            "start_perf": [
                0.17540407180786133,
                0.050198,
                0.026147,
                305484,
                381068,
                1735205359.088593,
                36371285403562
            ],
            "child_modules": {},
            "Compiled": "Yes",
            "significant_routs": [
                [
                    70,
                    "R_VCSgd_WatCj_46",
                    2054317,
                    3203,
                    346
                ]
            ],
            "nQuads": 1223,
            "Compiled Times": 1,
            "nRouts": 146,
            "end_perf": [
                0.19065213203430176,
                0.061026999999999998,
                0.030512999999999998,
                307148,
                381068,
                36371323537923,
                17179869185,
                0
            ],
            "nMops": 3259
        }
    },
    "CompUnits": {
        "amcQw_d": {
            "text": 434,
            "bytes": 7832,
            "out": "objs/amcQw_d.o",
            "mod": "...MASTER...",
            "mode": 4,
            "checksum": 0
        },
        "reYIK_d": {
            "text": 7325,
            "bytes": 43000,
            "out": "reYIK_d.o",
            "mod": "std",
            "cls": 7017,
            "mode": 4,
            "archive": "archive.0/_93008_archive_1.a",
            "checksum": 0
        },
        "WatCj_d": {
            "text": 29238,
            "bytes": 53036,
            "out": "WatCj_d.o",
            "mod": "tb_adder64",
            "mode": 4,
            "archive": "archive.0/_93008_archive_1.a",
            "checksum": 0
        }
    },
    "reusePaths": {},
    "stat": {
        "ru_self_end": {
            "ru_utime_sec": 0.061026999999999998,
            "ru_stime_sec": 0.033494000000000003,
            "ru_nvcsw": 43,
            "ru_maxrss_kb": 122460,
            "ru_minflt": 13609,
            "ru_majflt": 0,
            "ru_nivcsw": 6
        },
        "ru_childs_end": {
            "ru_utime_sec": 0.011445,
            "ru_stime_sec": 0.0048219999999999999,
            "ru_nvcsw": 16,
            "ru_maxrss_kb": 111916,
            "ru_minflt": 2712,
            "ru_majflt": 0,
            "ru_nivcsw": 0
        },
        "cpu_cycles_end": 36371330888044,
        "peak_mem_kb": 381068
    },
    "ObjArchives": [
        {
            "archive": "archive.0/_93008_archive_1.a",
            "objects": [
                [
                    "reYIK_d.o",
                    43000
                ],
                [
                    "WatCj_d.o",
                    53036
                ],
                [
                    "amcQwB.o",
                    117474
                ]
            ],
            "size": 213510
        }
    ]
}