{
    "CompUnits": {
        "amcQw_d": {
            "mod": "...MASTER...",
            "out": "objs/amcQw_d.o",
            "bytes": 7832,
            "text": 434,
            "mode": 4,
            "checksum": 0
        },
        "reYIK_d": {
            "mod": "std",
            "out": "reYIK_d.o",
            "cls": 7017,
            "bytes": 43000,
            "text": 7325,
            "archive": "archive.0/_11648_archive_1.a",
            "mode": 4,
            "checksum": 0
        },
        "iAVhC_d": {
            "mod": "testbench",
            "out": "iAVhC_d.o",
            "bytes": 79732,
            "text": 48616,
            "archive": "archive.0/_11648_archive_1.a",
            "mode": 4,
            "checksum": 0
        }
    },
    "Modules": {
        "std": {
            "start_perf": [
                0.26340222358703613,
                0.074024999999999994,
                0.039264,
                303412,
                381976,
                1736493575.3716111,
                794985802632
            ],
            "child_modules": {},
            "Compiled": "Yes",
            "svclass": [
                "$vcs_nba_dyn_obj",
                576,
                35,
                2,
                2,
                0,
                "sigprop$$",
                576,
                35,
                2,
                2,
                0,
                "process",
                2380,
                200,
                8,
                8,
                0,
                "event",
                597,
                34,
                2,
                2,
                0,
                "mailbox",
                1769,
                140,
                9,
                9,
                0,
                "semaphore",
                1119,
                84,
                5,
                5,
                0
            ],
            "Compiled Times": 1,
            "nQuads": 218,
            "nMops": 528,
            "end_perf": [
                0.27038002014160156,
                0.080171999999999993,
                0.040085999999999997,
                305616,
                381976,
                795003263125,
                8589934594,
                0
            ],
            "nRouts": 33
        },
        "...MASTER...": {
            "start_perf": [
                0.26094412803649902,
                0.074024999999999994,
                0.037012000000000003,
                298944,
                381976,
                1736493575.369153,
                794979668649
            ],
            "child_modules": {
                "std": 1,
                "testbench": 1
            },
            "nMops": 0,
            "nQuads": 0,
            "end_perf": [
                0.2633211612701416,
                0.074024999999999994,
                0.039194,
                303412,
                381976,
                794985643138,
                0,
                0
            ],
            "nRouts": 5
        },
        "testbench": {
            "start_perf": [
                0.27043008804321289,
                0.080204999999999999,
                0.040101999999999999,
                305616,
                381976,
                1736493575.378639,
                795003331548
            ],
            "child_modules": {},
            "Compiled": "Yes",
            "Compiled Times": 1,
            "significant_routs": [
                [
                    94,
                    "R_VCSgd_iAVhC_5e",
                    11455868,
                    342,
                    57
                ]
            ],
            "nQuads": 1950,
            "nMops": 5468,
            "end_perf": [
                0.31562018394470215,
                0.107849,
                0.052065,
                310040,
                381976,
                795116149224,
                17179869185,
                0
            ],
            "nRouts": 169
        }
    },
    "reusePaths": {},
    "ObjArchives": [
        {
            "size": 239688,
            "archive": "archive.0/_11648_archive_1.a",
            "objects": [
                [
                    "reYIK_d.o",
                    43000
                ],
                [
                    "iAVhC_d.o",
                    79732
                ],
                [
                    "amcQwB.o",
                    116956
                ]
            ]
        }
    ],
    "stat": {
        "ru_self_end": {
            "ru_majflt": 0,
            "ru_utime_sec": 0.11212,
            "ru_maxrss_kb": 124380,
            "ru_stime_sec": 0.052322,
            "ru_minflt": 14283,
            "ru_nvcsw": 12,
            "ru_nivcsw": 180
        },
        "ru_childs_end": {
            "ru_majflt": 0,
            "ru_utime_sec": 0.017239000000000001,
            "ru_maxrss_kb": 111860,
            "ru_stime_sec": 0.0029459999999999998,
            "ru_minflt": 2712,
            "ru_nvcsw": 19,
            "ru_nivcsw": 21
        },
        "cpu_cycles_end": 795130687825,
        "peak_mem_kb": 381976
    }
}