{
    "reusePaths": {},
    "Modules": {
        "...MASTER...": {
            "start_perf": [
                0.21164679527282715,
                0.073469000000000007,
                0.030934,
                298940,
                381972,
                1736856512.6176219,
                29341473209375
            ],
            "child_modules": {
                "std": 1,
                "testbench": 1
            },
            "nMops": 0,
            "nQuads": 0,
            "end_perf": [
                0.21379780769348145,
                0.073469000000000007,
                0.033084000000000002,
                303408,
                381972,
                29341478616838,
                0,
                0
            ],
            "nRouts": 5
        },
        "std": {
            "start_perf": [
                0.21386384963989258,
                0.073469000000000007,
                0.033151,
                303408,
                381972,
                1736856512.619839,
                29341478738996
            ],
            "child_modules": {},
            "Compiled": "Yes",
            "end_perf": [
                0.2210698127746582,
                0.078399999999999997,
                0.035279999999999999,
                305612,
                381972,
                29341496772391,
                8589934594,
                0
            ],
            "svclass": [
                "$vcs_nba_dyn_obj",
                576,
                35,
                2,
                2,
                0,
                "sigprop$$",
                576,
                35,
                2,
                2,
                0,
                "process",
                2380,
                200,
                8,
                8,
                0,
                "event",
                597,
                34,
                2,
                2,
                0,
                "mailbox",
                1769,
                140,
                9,
                9,
                0,
                "semaphore",
                1119,
                84,
                5,
                5,
                0
            ],
            "nMops": 528,
            "Compiled Times": 1,
            "nQuads": 218,
            "nRouts": 33
        },
        "testbench": {
            "start_perf": [
                0.22111988067626953,
                0.078436000000000006,
                0.035296000000000001,
                305612,
                381972,
                1736856512.627095,
                29341496842934
            ],
            "child_modules": {},
            "Compiled": "Yes",
            "nMops": 5461,
            "nQuads": 1947,
            "end_perf": [
                0.25972580909729004,
                0.112044,
                0.038635999999999997,
                310040,
                381972,
                29341593268892,
                17179869185,
                0
            ],
            "Compiled Times": 1,
            "nRouts": 169
        }
    },
    "stat": {
        "ru_self_end": {
            "ru_utime_sec": 0.116269,
            "ru_stime_sec": 0.038979,
            "ru_nivcsw": 82,
            "ru_nvcsw": 28,
            "ru_minflt": 14265,
            "ru_maxrss_kb": 124744,
            "ru_majflt": 0
        },
        "ru_childs_end": {
            "ru_utime_sec": 0.017684999999999999,
            "ru_stime_sec": 0.0012600000000000001,
            "ru_nivcsw": 29,
            "ru_nvcsw": 17,
            "ru_minflt": 2713,
            "ru_maxrss_kb": 112248,
            "ru_majflt": 0
        },
        "cpu_cycles_end": 29341604660232,
        "peak_mem_kb": 381972
    },
    "CompUnits": {
        "amcQw_d": {
            "checksum": 0,
            "bytes": 7832,
            "mod": "...MASTER...",
            "out": "objs/amcQw_d.o",
            "text": 434,
            "mode": 4
        },
        "reYIK_d": {
            "checksum": 0,
            "bytes": 43000,
            "mod": "std",
            "out": "reYIK_d.o",
            "cls": 7017,
            "text": 7325,
            "archive": "archive.0/_77966_archive_1.a",
            "mode": 4
        },
        "iAVhC_d": {
            "checksum": 0,
            "bytes": 79640,
            "mod": "testbench",
            "out": "iAVhC_d.o",
            "text": 48524,
            "archive": "archive.0/_77966_archive_1.a",
            "mode": 4
        }
    },
    "ObjArchives": [
        {
            "archive": "archive.0/_77966_archive_1.a",
            "size": 239596,
            "objects": [
                [
                    "reYIK_d.o",
                    43000
                ],
                [
                    "iAVhC_d.o",
                    79640
                ],
                [
                    "amcQwB.o",
                    116956
                ]
            ]
        }
    ]
}