{
    "Modules": {
        "...MASTER...": {
            "start_perf": [
                0.24106192588806152,
                0.055874,
                0.051241000000000002,
                311104,
                384164,
                1755083091.756192,
                87768966276878
            ],
            "child_modules": {
                "tb_alt_exc_dpram": 1,
                "std": 1
            },
            "end_perf": [
                0.24709296226501465,
                0.056753999999999999,
                0.052699999999999997,
                312080,
                384164,
                87768981374017,
                0,
                0
            ],
            "nMops": 0,
            "nQuads": 0,
            "nRouts": 5
        },
        "std": {
            "start_perf": [
                0.24715089797973633,
                0.056785000000000002,
                0.052728999999999998,
                312080,
                384164,
                1755083091.7622809,
                87768981472726
            ],
            "child_modules": {},
            "Compiled": "Yes",
            "significant_routs": [
                [
                    24,
                    "F_VCSgd_reYIK_24_0",
                    4240535,
                    984,
                    90
                ]
            ],
            "nRouts": 33,
            "Compiled Times": 1,
            "svclass": [
                "$vcs_nba_dyn_obj",
                576,
                35,
                2,
                2,
                0,
                "sigprop$$",
                576,
                35,
                2,
                2,
                0,
                "process",
                2380,
                200,
                8,
                8,
                0,
                "event",
                597,
                34,
                2,
                2,
                0,
                "mailbox",
                1769,
                140,
                9,
                9,
                0,
                "semaphore",
                1119,
                84,
                5,
                5,
                0
            ],
            "end_perf": [
                0.2555849552154541,
                0.061668000000000001,
                0.053959,
                313048,
                384164,
                87769002574953,
                8589934594,
                0
            ],
            "nMops": 528,
            "nQuads": 218
        },
        "tb_alt_exc_dpram": {
            "start_perf": [
                0.25562787055969238,
                0.061691999999999997,
                0.05398,
                313048,
                384164,
                1755083091.7707579,
                87769002629068
            ],
            "child_modules": {},
            "Compiled": "Yes",
            "significant_routs": [
                [
                    75,
                    "R_VCSgd_GM9M4_4b",
                    5445042,
                    2836,
                    332
                ]
            ],
            "nRouts": 178,
            "Compiled Times": 1,
            "end_perf": [
                0.28769087791442871,
                0.090271000000000004,
                0.054947999999999997,
                313048,
                384164,
                87769082729523,
                17179869185,
                0
            ],
            "nQuads": 1715,
            "nMops": 3977
        }
    },
    "CompUnits": {
        "GM9M4_d": {
            "mod": "tb_alt_exc_dpram",
            "text": 38618,
            "out": "GM9M4_d.o",
            "mode": 4,
            "bytes": 71984,
            "archive": "archive.0/_122423_archive_1.a",
            "checksum": 0
        },
        "amcQw_d": {
            "mod": "...MASTER...",
            "text": 434,
            "out": "objs/amcQw_d.o",
            "mode": 4,
            "bytes": 7840,
            "checksum": 0
        },
        "reYIK_d": {
            "mod": "std",
            "text": 7325,
            "out": "reYIK_d.o",
            "mode": 4,
            "bytes": 43000,
            "archive": "archive.0/_122423_archive_1.a",
            "checksum": 0,
            "cls": 7017
        }
    },
    "reusePaths": {},
    "ObjArchives": [
        {
            "archive": "archive.0/_122423_archive_1.a",
            "objects": [
                [
                    "reYIK_d.o",
                    43000
                ],
                [
                    "GM9M4_d.o",
                    71984
                ],
                [
                    "amcQwB.o",
                    117712
                ]
            ],
            "size": 232696
        }
    ],
    "stat": {
        "ru_self_end": {
            "ru_utime_sec": 0.095911999999999997,
            "ru_maxrss_kb": 127476,
            "ru_stime_sec": 0.055947999999999998,
            "ru_nvcsw": 218,
            "ru_minflt": 14150,
            "ru_majflt": 280,
            "ru_nivcsw": 56
        },
        "ru_childs_end": {
            "ru_utime_sec": 0.022211000000000002,
            "ru_maxrss_kb": 114744,
            "ru_stime_sec": 0.027345999999999999,
            "ru_nvcsw": 162,
            "ru_minflt": 10462,
            "ru_majflt": 162,
            "ru_nivcsw": 3
        },
        "cpu_cycles_end": 87769100814158,
        "peak_mem_kb": 384164
    }
}