{
    "stat": {
        "Frontend(%)": 52.230833009536454,
        "ru_self_end": {
            "ru_utime_sec": 0.28988799999999998,
            "ru_majflt": 141,
            "ru_stime_sec": 0.063766000000000003,
            "ru_nivcsw": 542,
            "ru_maxrss_kb": 127924,
            "ru_minflt": 15525,
            "ru_nvcsw": 128
        },
        "ru_self_cgstart": {
            "ru_utime_sec": 0.13375400000000001,
            "ru_majflt": 112,
            "ru_stime_sec": 0.055074999999999999,
            "ru_nivcsw": 537,
            "ru_maxrss_kb": 114932,
            "ru_minflt": 12932,
            "ru_nvcsw": 112
        },
        "ru_childs_cgstart": {
            "ru_utime_sec": 0.036963000000000003,
            "ru_majflt": 11,
            "ru_stime_sec": 0.027397000000000001,
            "ru_nivcsw": 33,
            "ru_maxrss_kb": 114932,
            "ru_minflt": 11858,
            "ru_nvcsw": 46
        },
        "nMops": 34527,
        "cpu_cycles_cgstart": 14017310306958,
        "ru_childs_end": {
            "ru_utime_sec": 0.036963000000000003,
            "ru_majflt": 11,
            "ru_stime_sec": 0.027397000000000001,
            "ru_nivcsw": 33,
            "ru_maxrss_kb": 114932,
            "ru_minflt": 11858,
            "ru_nvcsw": 46
        },
        "nQuads": 10658,
        "cpu_cycles_total": 1116572967,
        "mopSpeed": 221136.97208807818,
        "totalObjSize": 555112,
        "cpu_cycles_end": 14017729653438,
        "mop/quad": 3.2395383749296305,
        "quadSpeed": 68261.877617943566,
        "outputSizePerQuad": 52.084068305498221,
        "CodeGen(%)": 47.769166990463539,
        "peak_mem_kb": 385388,
        "realTime": 0.46369504928588867
    },
    "Misc": {
        "vcs_version": "O-2018.09-SP2_Full64",
        "csrc_abs": "/home/kai/ChiselProject/Benchmarks/_Benchmark_my/RVCore/issue/_test/_chisel-gpt_5_2/t5/csrc",
        "vcs_build_date": "Build Date = Feb 28 2019 22:34:30",
        "master_pid": 324895,
        "cwd": "/home/kai/ChiselProject/Benchmarks/_Benchmark_my/RVCore/issue/_test/_chisel-gpt_5_2/t5",
        "hostname": "",
        "VCS_HOME": "/home/kai/synopsys_tools/VCS_2018_SP2/vcs-mx/O-2018.09-SP2",
        "csrc": "csrc",
        "daidir": "simv.daidir",
        "daidir_abs": "/home/kai/ChiselProject/Benchmarks/_Benchmark_my/RVCore/issue/_test/_chisel-gpt_5_2/t5/simv.daidir",
        "default_output_dir": "csrc",
        "archive_dir": "archive.0"
    },
    "MlibObjs": {},
    "cycles_program_begin": 14016613080471,
    "cpu_cycles_pass2_start": 14017310248801,
    "perf": [
        {
            "stat": [
                "main",
                "entry",
                0.016396045684814453,
                0.028126999999999999,
                0.023439000000000002,
                203224,
                204480,
                0.0,
                0.0,
                1772240184.436897,
                14016613318342
            ],
            "sub": [
                {
                    "stat": [
                        "doParsingAndDesignResolution",
                        "entry",
                        0.12905502319335938,
                        0.038192999999999998,
                        0.023439000000000002,
                        212912,
                        213712,
                        0.0,
                        0.0,
                        1772240184.549556,
                        14016894468530
                    ],
                    "sub": []
                },
                {
                    "stat": [
                        "doParsingAndDesignResolution",
                        "exit",
                        0.17117500305175781,
                        0.055356000000000002,
                        0.047447999999999997,
                        312528,
                        385388,
                        0.0,
                        0.0,
                        1772240184.591676,
                        14016999619208
                    ],
                    "sub": []
                },
                {
                    "stat": [
                        "doPostDesignResolutionToVir2Vcs",
                        "entry",
                        0.17340302467346191,
                        0.056548000000000001,
                        0.048469999999999999,
                        298512,
                        385388,
                        0.0,
                        0.0,
                        1772240184.593904,
                        14017005183450
                    ],
                    "sub": [
                        {
                            "stat": [
                                "doUptoVir2VcsNoSepCleanup",
                                "entry",
                                0.1953730583190918,
                                0.072484999999999994,
                                0.048469999999999999,
                                298704,
                                385388,
                                0.0,
                                0.0,
                                1772240184.6158741,
                                14017060031177
                            ],
                            "sub": []
                        },
                        {
                            "stat": [
                                "doUptoVir2VcsNoSepCleanup",
                                "exit",
                                0.26151299476623535,
                                0.13295499999999999,
                                0.048469999999999999,
                                312800,
                                385388,
                                0.0,
                                0.0020170000000000001,
                                1772240184.682014,
                                14017225102551
                            ],
                            "sub": []
                        },
                        {
                            "stat": [
                                "doRadify_vir2vcsAll",
                                "entry",
                                0.26156210899353027,
                                0.13300500000000001,
                                0.048469999999999999,
                                312800,
                                385388,
                                0.016216999999999999,
                                0.022686000000000001,
                                1772240184.6820631,
                                14017225168879
                            ],
                            "sub": []
                        },
                        {
                            "stat": [
                                "doRadify_vir2vcsAll",
                                "exit",
                                0.26796507835388184,
                                0.13300500000000001,
                                0.054556,
                                312800,
                                385388,
                                0.016216999999999999,
                                0.022686000000000001,
                                1772240184.6884661,
                                14017241227804
                            ],
                            "sub": []
                        }
                    ]
                },
                {
                    "stat": [
                        "doPostDesignResolutionToVir2Vcs",
                        "exit",
                        0.26800704002380371,
                        0.13300500000000001,
                        0.054599000000000002,
                        312800,
                        385388,
                        0.016216999999999999,
                        0.022686000000000001,
                        1772240184.688508,
                        14017241262469
                    ],