{
    "Modules": {
        "...MASTER...": {
            "nMops": 0,
            "start_perf": [
                0.18922185897827148,
                0.058255000000000001,
                0.032502999999999997,
                298984,
                381200,
                1754452190.09636,
                21234648222678
            ],
            "child_modules": {
                "Writeback_tb": 1,
                "std": 1
            },
            "end_perf": [
                0.19451689720153809,
                0.058255000000000001,
                0.034000000000000002,
                300404,
                381200,
                21234661481209,
                0,
                0
            ],
            "nQuads": 0,
            "nRouts": 5
        },
        "std": {
            "start_perf": [
                0.1945798397064209,
                0.058255000000000001,
                0.034063999999999997,
                300404,
                381200,
                1754452190.1017179,
                21234661590034
            ],
            "Compiled": "Yes",
            "svclass": [
                "$vcs_nba_dyn_obj",
                0,
                35,
                2,
                2,
                0,
                "sigprop$$",
                0,
                35,
                2,
                2,
                0,
                "process",
                0,
                200,
                8,
                8,
                0,
                "event",
                0,
                34,
                2,
                2,
                0,
                "mailbox",
                0,
                140,
                9,
                9,
                0,
                "semaphore",
                0,
                84,
                5,
                5,
                0
            ],
            "nMops": 528,
            "child_modules": {},
            "nRouts": 33,
            "Compiled Times": 2,
            "end_perf": [
                0.19752383232116699,
                0.060648000000000001,
                0.034113999999999998,
                300404,
                381200,
                21234668999319,
                8589934594,
                0
            ],
            "nQuads": 218
        },
        "Writeback_tb": {
            "start_perf": [
                0.19757485389709473,
                0.060680999999999999,
                0.034132999999999997,
                300404,
                381200,
                1754452190.104713,
                21234669068129
            ],
            "Compiled": "Yes",
            "nMops": 1630,
            "child_modules": {},
            "nRouts": 65,
            "Compiled Times": 2,
            "end_perf": [
                0.2193608283996582,
                0.080022999999999997,
                0.034294999999999999,
                308196,
                381200,
                21234723501366,
                17179869185,
                0
            ],
            "significant_routs": [
                [
                    1,
                    "F_VCSgd_Y7i6Q_1_0",
                    3008779,
                    1131,
                    95
                ],
                [
                    19,
                    "R_VCSgd_Y7i6Q_13",
                    3495519,
                    1356,
                    120
                ]
            ],
            "nQuads": 570
        }
    },
    "CompUnits": {
        "Y7i6Q_d": {
            "mod": "Writeback_tb",
            "checksum": 0,
            "out": "Y7i6Q_d.o",
            "bytes": 39650,
            "mode": 4,
            "text": 13715,
            "archive": "archive.1/_48069_archive_1.a"
        }
    },
    "reusePaths": {
        "amcQw_d": {
            "icPath": "csrc"
        },
        "reYIK_d": {
            "icPath": "csrc"
        }
    },
    "ObjArchives": [
        {
            "archive": "archive.1/_48069_archive_1.a",
            "objects": [
                [
                    "Y7i6Q_d.o",
                    39650
                ],
                [
                    "amcQwB.o",
                    118786
                ]
            ],
            "size": 158436
        }
    ],
    "stat": {
        "ru_self_end": {
            "ru_majflt": 0,
            "ru_minflt": 13541,
            "ru_utime_sec": 0.080834000000000003,
            "ru_stime_sec": 0.038491999999999998,
            "ru_maxrss_kb": 122184,
            "ru_nvcsw": 32,
            "ru_nivcsw": 206
        },
        "ru_childs_end": {
            "ru_majflt": 0,
            "ru_minflt": 2724,
            "ru_utime_sec": 0.0099679999999999994,
            "ru_stime_sec": 0.010905,
            "ru_maxrss_kb": 112328,
            "ru_nvcsw": 20,
            "ru_nivcsw": 23
        },
        "peak_mem_kb": 381200,
        "cpu_cycles_end": 21234749451986
    }
}