{
    "CompUnits": {
        "amcQw_d": {
            "mod": "...MASTER...",
            "text": 434,
            "out": "objs/amcQw_d.o",
            "bytes": 7832,
            "mode": 4,
            "checksum": 0
        },
        "reYIK_d": {
            "mod": "std",
            "text": 7325,
            "out": "reYIK_d.o",
            "bytes": 43000,
            "mode": 4,
            "cls": 7017,
            "checksum": 0,
            "archive": "archive.0/_16123_archive_1.a"
        },
        "iAVhC_d": {
            "mod": "testbench",
            "text": 28576,
            "out": "iAVhC_d.o",
            "bytes": 52358,
            "mode": 4,
            "checksum": 0,
            "archive": "archive.0/_16123_archive_1.a"
        }
    },
    "Modules": {
        "std": {
            "start_perf": [
                0.37273311614990234,
                0.058555000000000003,
                0.058095000000000001,
                311116,
                381276,
                1739258834.493679,
                3296281646910
            ],
            "child_modules": {},
            "Compiled": "Yes",
            "nQuads": 218,
            "Compiled Times": 1,
            "significant_routs": [
                [
                    24,
                    "F_VCSgd_reYIK_24_0",
                    5169773,
                    984,
                    90
                ]
            ],
            "svclass": [
                "$vcs_nba_dyn_obj",
                576,
                35,
                2,
                2,
                0,
                "sigprop$$",
                576,
                35,
                2,
                2,
                0,
                "process",
                2380,
                200,
                8,
                8,
                0,
                "event",
                597,
                34,
                2,
                2,
                0,
                "mailbox",
                1769,
                140,
                9,
                9,
                0,
                "semaphore",
                1119,
                84,
                5,
                5,
                0
            ],
            "end_perf": [
                0.38532900810241699,
                0.064566999999999999,
                0.060262999999999997,
                312084,
                381276,
                3296313145962,
                8589934594,
                0
            ],
            "nMops": 528,
            "nRouts": 33
        },
        "...MASTER...": {
            "nRouts": 5,
            "child_modules": {
                "std": 1,
                "testbench": 1
            },
            "start_perf": [
                0.36513996124267578,
                0.058555000000000003,
                0.055567999999999999,
                310136,
                381276,
                1739258834.4860859,
                3296262703238
            ],
            "end_perf": [
                0.37262511253356934,
                0.058555000000000003,
                0.058036999999999998,
                311116,
                381276,
                3296281413874,
                0,
                0
            ],
            "nQuads": 0,
            "nMops": 0
        },
        "testbench": {
            "start_perf": [
                0.38539314270019531,
                0.064601000000000006,
                0.060294,
                312084,
                381276,
                1739258834.5063391,
                3296313237436
            ],
            "child_modules": {},
            "nMops": 3464,
            "Compiled": "Yes",
            "nQuads": 867,
            "Compiled Times": 1,
            "significant_routs": [
                [
                    7,
                    "F_VCSgd_iAVhC_1_0",
                    5918622,
                    147,
                    31
                ],
                [
                    61,
                    "R_VCSgd_iAVhC_3d",
                    6803910,
                    376,
                    83
                ]
            ],
            "end_perf": [
                0.41984295845031738,
                0.092537999999999995,
                0.060351000000000002,
                312084,
                381276,
                3296399293406,
                17179869185,
                0
            ],
            "nRouts": 97
        }
    },
    "reusePaths": {},
    "ObjArchives": [
        {
            "archive": "archive.0/_16123_archive_1.a",
            "objects": [
                [
                    "reYIK_d.o",
                    43000
                ],
                [
                    "iAVhC_d.o",
                    52358
                ],
                [
                    "amcQwB.o",
                    117136
                ]
            ],
            "size": 212494
        }
    ],
    "stat": {
        "ru_self_end": {
            "ru_utime_sec": 0.096708000000000002,
            "ru_stime_sec": 0.061117999999999999,
            "ru_maxrss_kb": 123756,
            "ru_minflt": 13559,
            "ru_majflt": 620,
            "ru_nivcsw": 71,
            "ru_nvcsw": 562
        },
        "cpu_cycles_end": 3296414310303,
        "ru_childs_end": {
            "ru_utime_sec": 0.0091520000000000004,
            "ru_stime_sec": 0.016677999999999998,
            "ru_maxrss_kb": 111440,
            "ru_minflt": 2645,
            "ru_majflt": 149,
            "ru_nivcsw": 8,
            "ru_nvcsw": 143
        },
        "peak_mem_kb": 381276
    }
}