{
    "Modules": {
        "...MASTER...": {
            "child_modules": {
                "std": 1,
                "tb": 1
            },
            "start_perf": [
                0.23978996276855469,
                0.086027999999999993,
                0.027372,
                310772,
                381556,
                1740887078.9365339,
                16165759143327
            ],
            "nRouts": 5,
            "end_perf": [
                0.24195194244384766,
                0.086027999999999993,
                0.029500999999999999,
                311752,
                381556,
                16165764575117,
                0,
                0
            ],
            "nQuads": 0,
            "nMops": 0
        },
        "std": {
            "Compiled Times": 1,
            "start_perf": [
                0.24201607704162598,
                0.086027999999999993,
                0.029565000000000001,
                311752,
                381556,
                1740887078.93876,
                16165764688578
            ],
            "child_modules": {},
            "Compiled": "Yes",
            "nRouts": 33,
            "end_perf": [
                0.25149703025817871,
                0.091124999999999998,
                0.031695000000000001,
                312720,
                381556,
                16165788422254,
                8589934594,
                0
            ],
            "svclass": [
                "$vcs_nba_dyn_obj",
                576,
                35,
                2,
                2,
                0,
                "sigprop$$",
                576,
                35,
                2,
                2,
                0,
                "process",
                2380,
                200,
                8,
                8,
                0,
                "event",
                597,
                34,
                2,
                2,
                0,
                "mailbox",
                1769,
                140,
                9,
                9,
                0,
                "semaphore",
                1119,
                84,
                5,
                5,
                0
            ],
            "nQuads": 218,
            "nMops": 528
        },
        "tb": {
            "start_perf": [
                0.2515559196472168,
                0.091170000000000001,
                0.031711000000000003,
                312720,
                381556,
                1740887078.9482999,
                16165788500520
            ],
            "child_modules": {},
            "significant_routs": [
                [
                    2,
                    "R_VCSgd_g7hgQ_2",
                    3583658,
                    4575,
                    576
                ],
                [
                    86,
                    "R_VCSgd_g7hgQ_56",
                    4524466,
                    3620,
                    369
                ]
            ],
            "Compiled Times": 1,
            "Compiled": "Yes",
            "nRouts": 153,
            "end_perf": [
                0.30101203918457031,
                0.12739500000000001,
                0.031848000000000001,
                312720,
                381556,
                16165912000660,
                21474836481,
                0
            ],
            "nQuads": 1916,
            "nMops": 4537
        }
    },
    "CompUnits": {
        "reYIK_d": {
            "cls": 7017,
            "out": "reYIK_d.o",
            "mod": "std",
            "bytes": 43000,
            "checksum": 0,
            "text": 7325,
            "mode": 4,
            "archive": "archive.0/_83471_archive_1.a"
        },
        "amcQw_d": {
            "out": "objs/amcQw_d.o",
            "mod": "...MASTER...",
            "bytes": 7824,
            "checksum": 0,
            "text": 434,
            "mode": 4
        },
        "g7hgQ_d": {
            "out": "g7hgQ_d.o",
            "mod": "tb",
            "bytes": 81766,
            "checksum": 0,
            "text": 41274,
            "mode": 4,
            "archive": "archive.0/_83471_archive_1.a"
        }
    },
    "reusePaths": {},
    "ObjArchives": [
        {
            "archive": "archive.0/_83471_archive_1.a",
            "objects": [
                [
                    "reYIK_d.o",
                    43000
                ],
                [
                    "g7hgQ_d.o",
                    81766
                ],
                [
                    "amcQwB.o",
                    120242
                ]
            ],
            "size": 245008
        }
    ],
    "stat": {
        "cpu_cycles_end": 16165924956864,
        "ru_self_end": {
            "ru_nivcsw": 194,
            "ru_utime_sec": 0.131906,
            "ru_stime_sec": 0.032199999999999999,
            "ru_maxrss_kb": 127520,
            "ru_minflt": 14380,
            "ru_majflt": 0,
            "ru_nvcsw": 23
        },
        "ru_childs_end": {
            "ru_nivcsw": 47,
            "ru_utime_sec": 0.028608000000000001,
            "ru_stime_sec": 0.022620999999999999,
            "ru_maxrss_kb": 115308,
            "ru_minflt": 10565,
            "ru_majflt": 0,
            "ru_nvcsw": 40
        },
        "peak_mem_kb": 381556
    }
}