{
    "ObjArchives": [
        {
            "archive": "archive.0/_46071_archive_1.a",
            "objects": [
                [
                    "reYIK_d.o",
                    43000
                ],
                [
                    "xhzzA_d.o",
                    28858
                ],
                [
                    "amcQwB.o",
                    117214
                ]
            ],
            "size": 189072
        }
    ],
    "Modules": {
        "std": {
            "Compiled Times": 1,
            "end_perf": [
                0.28400492668151855,
                0.077897999999999995,
                0.029675,
                305476,
                383860,
                3748979094728,
                8589934594,
                0
            ],
            "start_perf": [
                0.26823282241821289,
                0.070323999999999998,
                0.029552999999999999,
                303144,
                383860,
                1751695835.8589499,
                3748939668647
            ],
            "child_modules": {},
            "Compiled": "Yes",
            "significant_routs": [
                [
                    24,
                    "F_VCSgd_reYIK_24_0",
                    22490750,
                    984,
                    90
                ]
            ],
            "svclass": [
                "$vcs_nba_dyn_obj",
                576,
                35,
                2,
                2,
                0,
                "sigprop$$",
                576,
                35,
                2,
                2,
                0,
                "process",
                2380,
                200,
                8,
                8,
                0,
                "event",
                597,
                34,
                2,
                2,
                0,
                "mailbox",
                1769,
                140,
                9,
                9,
                0,
                "semaphore",
                1119,
                84,
                5,
                5,
                0
            ],
            "nQuads": 218,
            "nMops": 528,
            "nRouts": 33
        },
        "...MASTER...": {
            "end_perf": [
                0.26816296577453613,
                0.070323999999999998,
                0.029479999999999999,
                303144,
                383860,
                3748939545043,
                0,
                0
            ],
            "child_modules": {
                "tb_valid_ready": 1,
                "std": 1
            },
            "start_perf": [
                0.2658238410949707,
                0.070323999999999998,
                0.027143,
                298604,
                383860,
                1751695835.8565409,
                3748933655509
            ],
            "nQuads": 0,
            "nMops": 0,
            "nRouts": 5
        },
        "tb_valid_ready": {
            "Compiled Times": 1,
            "end_perf": [
                0.31991982460021973,
                0.092158000000000004,
                0.029690000000000001,
                307140,
                383860,
                3749068746971,
                17179869185,
                0
            ],
            "start_perf": [
                0.28405880928039551,
                0.077937999999999993,
                0.029690000000000001,
                305476,
                383860,
                1751695835.8747759,
                3748979175667
            ],
            "child_modules": {},
            "Compiled": "Yes",
            "significant_routs": [
                [
                    10,
                    "R_VCSgd_xhzzA_a",
                    31206027,
                    572,
                    82
                ],
                [
                    13,
                    "R_VCSgd_xhzzA_d",
                    14277252,
                    178,
                    15
                ],
                [
                    36,
                    "R_VCSgd_xhzzA_24",
                    11433969,
                    60,
                    4
                ]
            ],
            "nQuads": 571,
            "nMops": 1334,
            "nRouts": 73
        }
    },
    "CompUnits": {
        "amcQw_d": {
            "bytes": 7832,
            "mod": "...MASTER...",
            "out": "objs/amcQw_d.o",
            "text": 434,
            "checksum": 0,
            "mode": 4
        },
        "xhzzA_d": {
            "bytes": 28858,
            "mod": "tb_valid_ready",
            "out": "xhzzA_d.o",
            "archive": "archive.0/_46071_archive_1.a",
            "text": 13080,
            "checksum": 0,
            "mode": 4
        },
        "reYIK_d": {
            "bytes": 43000,
            "mod": "std",
            "out": "reYIK_d.o",
            "archive": "archive.0/_46071_archive_1.a",
            "text": 7325,
            "checksum": 0,
            "mode": 4,
            "cls": 7017
        }
    },
    "stat": {
        "peak_mem_kb": 383860,
        "ru_childs_end": {
            "ru_nivcsw": 18,
            "ru_utime_sec": 0.015556,
            "ru_stime_sec": 0.0060489999999999997,
            "ru_maxrss_kb": 111396,
            "ru_majflt": 0,
            "ru_minflt": 2707,
            "ru_nvcsw": 21
        },
        "ru_self_end": {
            "ru_nivcsw": 203,
            "ru_utime_sec": 0.094293000000000002,
            "ru_stime_sec": 0.032639000000000001,
            "ru_maxrss_kb": 121304,
            "ru_majflt": 0,
            "ru_minflt": 13345,
            "ru_nvcsw": 27
        },
        "cpu_cycles_end": 3749123542822
    },
    "reusePaths": {}
}