{
    "stat": {
        "ru_self_cgstart": {
            "ru_utime_sec": 0.10581,
            "ru_stime_sec": 0.031350999999999997,
            "ru_nivcsw": 180,
            "ru_minflt": 12278,
            "ru_maxrss_kb": 114680,
            "ru_majflt": 0,
            "ru_nvcsw": 13
        },
        "ru_self_end": {
            "ru_utime_sec": 0.21146599999999999,
            "ru_stime_sec": 0.043128,
            "ru_nivcsw": 219,
            "ru_minflt": 14816,
            "ru_maxrss_kb": 127880,
            "ru_majflt": 0,
            "ru_nvcsw": 13
        },
        "cpu_cycles_total": 955121891,
        "ru_childs_end": {
            "ru_utime_sec": 0.012256,
            "ru_stime_sec": 0.0079970000000000006,
            "ru_nivcsw": 11,
            "ru_minflt": 2710,
            "ru_maxrss_kb": 114680,
            "ru_majflt": 0,
            "ru_nvcsw": 20
        },
        "ru_childs_cgstart": {
            "ru_utime_sec": 0.012256,
            "ru_stime_sec": 0.0079970000000000006,
            "ru_nivcsw": 11,
            "ru_minflt": 2710,
            "ru_maxrss_kb": 114680,
            "ru_majflt": 0,
            "ru_nvcsw": 20
        },
        "outputSizePerQuad": 84.452138492871697,
        "CodeGen(%)": 47.226468563663822,
        "nQuads": 4910,
        "cpu_cycles_cgstart": 15047594683857,
        "nMops": 19578,
        "quadSpeed": 46471.568107821622,
        "totalObjSize": 414660,
        "cpu_cycles_end": 15047913573843,
        "mopSpeed": 185299.46240629975,
        "mop/quad": 3.9873727087576376,
        "Frontend(%)": 52.773531436336171,
        "peak_mem_kb": 382872,
        "realTime": 0.40210485458374023
    },
    "incremental": "on",
    "SIMBData": {
        "archive": "archive.0/_396445_archive_1.a",
        "out": "amcQwB.o",
        "bytes": 121618,
        "text": 0
    },
    "PrevCompiledModules": {},
    "cycles_program_begin": 15046958451952,
    "perf": [
        {
            "stat": [
                "main",
                "entry",
                0.019475936889648438,
                0.039962999999999999,
                0.01095,
                203220,
                204476,
                0.0,
                0.0,
                1755718715.830703,
                15046958693801
            ],
            "sub": [
                {
                    "stat": [
                        "doParsingAndDesignResolution",
                        "entry",
                        0.1335289478302002,
                        0.046467000000000001,
                        0.015488999999999999,
                        212908,
                        213708,
                        0.0,
                        0.0,
                        1755718715.944756,
                        15047243323058
                    ],
                    "sub": []
                },
                {
                    "stat": [
                        "doParsingAndDesignResolution",
                        "exit",
                        0.15105295181274414,
                        0.058807999999999999,
                        0.019602000000000001,
                        251800,
                        254900,
                        0.0,
                        0.0,
                        1755718715.96228,
                        15047287092931
                    ],
                    "sub": []
                },
                {
                    "stat": [
                        "doPostDesignResolutionToVir2Vcs",
                        "entry",
                        0.16469192504882812,
                        0.065439999999999998,
                        0.025604999999999999,
                        298308,
                        382872,
                        0.0,
                        0.0,
                        1755718715.975919,
                        15047321126415
                    ],
                    "sub": [
                        {
                            "stat": [
                                "doUptoVir2VcsNoSepCleanup",
                                "entry",
                                0.18270301818847656,
                                0.067964999999999998,
                                0.030207000000000001,
                                298504,
                                382872,
                                0.0,
                                0.0,
                                1755718715.9939301,
                                15047366122960
                            ],
                            "sub": []
                        },
                        {
                            "stat": [
                                "doUptoVir2VcsNoSepCleanup",
                                "exit",
                                0.24166584014892578,
                                0.100408,
                                0.030894000000000001,
                                312052,
                                382872,
                                0.0,
                                0.00191,
                                1755718716.0528929,
                                15047513248818
                            ],
                            "sub": []
                        },
                        {
                            "stat": [
                                "doRadify_vir2vcsAll",
                                "entry",
                                0.24171996116638184,
                                0.10045,
                                0.030907,
                                312052,
                                382872,
                                0.0,
                                0.00191,
                                1755718716.052947,
                                15047513326256
                            ],
                            "sub": []
                        },
                        {
                            "stat": [
                                "doRadify_vir2vcsAll",
                                "exit",
                                0.24626302719116211,
                                0.104819,
                                0.031057000000000001,
                                312052,
                                382872,
                                0.0,
                                0.00191,
                                1755718716.0574901,
                                15047524738151
                            ],
                            "sub": []
                        }
                    ]
                },
                {
                    "stat": [
                        "doPostDesignResolutionToVir2Vcs",
                        "exit",
                        0.24630880355834961,
                        0.104855,
                        0.031067999999999998,
                        312052,
                        382872,
                        0.0,
                        0.00191,
                        1755718716.0575359,
                        15047524778953
                    ],
                    "sub": []
                },
                {
                    "stat": [
                        "doGAToPass2",
                        "entry",
                        0.2463228702545166,
                        0.104866,
                        0.031071000000000001,
                        312052,
                        382872,
                        0.0,
                        0.00191,
                        1755718716.05755,
                        15047524808286
                    ],