{
    "reusePaths": {},
    "CompUnits": {
        "g7hgQ_d": {
            "out": "g7hgQ_d.o",
            "mod": "tb",
            "archive": "archive.0/_93926_archive_1.a",
            "checksum": 0,
            "bytes": 90472,
            "text": 46818,
            "mode": 4
        },
        "amcQw_d": {
            "out": "objs/amcQw_d.o",
            "mod": "...MASTER...",
            "checksum": 0,
            "bytes": 7824,
            "text": 434,
            "mode": 4
        },
        "reYIK_d": {
            "out": "reYIK_d.o",
            "mod": "std",
            "archive": "archive.0/_93926_archive_1.a",
            "checksum": 0,
            "bytes": 43000,
            "text": 7325,
            "cls": 7017,
            "mode": 4
        }
    },
    "Modules": {
        "...MASTER...": {
            "nQuads": 0,
            "start_perf": [
                0.22608113288879395,
                0.082304000000000002,
                0.024927999999999999,
                310776,
                384108,
                1740887564.1913941,
                17376952851166
            ],
            "child_modules": {
                "std": 1,
                "tb": 1
            },
            "end_perf": [
                0.2312319278717041,
                0.083192000000000002,
                0.02647,
                311756,
                384108,
                17376965745541,
                0,
                0
            ],
            "nRouts": 5,
            "nMops": 0
        },
        "std": {
            "start_perf": [
                0.23130106925964355,
                0.083246000000000001,
                0.026487,
                311756,
                384108,
                1740887564.196614,
                17376965870544
            ],
            "nQuads": 218,
            "child_modules": {},
            "Compiled Times": 1,
            "Compiled": "Yes",
            "significant_routs": [
                [
                    9,
                    "F_VCSgd_reYIK_9_0",
                    3875686,
                    181,
                    16
                ],
                [
                    19,
                    "F_VCSgd_reYIK_19_0",
                    3331283,
                    169,
                    15
                ],
                [
                    24,
                    "F_VCSgd_reYIK_24_0",
                    12319091,
                    984,
                    90
                ]
            ],
            "svclass": [
                "$vcs_nba_dyn_obj",
                576,
                35,
                2,
                2,
                0,
                "sigprop$$",
                576,
                35,
                2,
                2,
                0,
                "process",
                2380,
                200,
                8,
                8,
                0,
                "event",
                597,
                34,
                2,
                2,
                0,
                "mailbox",
                1769,
                140,
                9,
                9,
                0,
                "semaphore",
                1119,
                84,
                5,
                5,
                0
            ],
            "end_perf": [
                0.24597907066345215,
                0.091089000000000003,
                0.026567,
                312724,
                384108,
                17377002565837,
                8589934594,
                0
            ],
            "nMops": 528,
            "nRouts": 33
        },
        "tb": {
            "start_perf": [
                0.2460319995880127,
                0.091131000000000004,
                0.026578999999999998,
                312724,
                384108,
                1740887564.211345,
                17377002642452
            ],
            "nQuads": 2181,
            "child_modules": {},
            "Compiled Times": 1,
            "Compiled": "Yes",
            "significant_routs": [
                [
                    2,
                    "R_VCSgd_g7hgQ_2",
                    5199232,
                    4575,
                    576
                ],
                [
                    53,
                    "U_VCSgd_g7hgQ_53",
                    2686779,
                    293,
                    25
                ],
                [
                    91,
                    "R_VCSgd_g7hgQ_5b",
                    4235449,
                    3620,
                    369
                ]
            ],
            "end_perf": [
                0.29083895683288574,
                0.128467,
                0.031143000000000001,
                312724,
                384108,
                17377114787046,
                21474836481,
                0
            ],
            "nMops": 5144,
            "nRouts": 190
        }
    },
    "ObjArchives": [
        {
            "archive": "archive.0/_93926_archive_1.a",
            "objects": [
                [
                    "reYIK_d.o",
                    43000
                ],
                [
                    "g7hgQ_d.o",
                    90472
                ],
                [
                    "amcQwB.o",
                    120150
                ]
            ],
            "size": 253622
        }
    ],
    "stat": {
        "ru_self_end": {
            "ru_utime_sec": 0.128467,
            "ru_stime_sec": 0.036111999999999998,
            "ru_maxrss_kb": 127504,
            "ru_nivcsw": 135,
            "ru_majflt": 11,
            "ru_minflt": 14496,
            "ru_nvcsw": 28
        },
        "ru_childs_end": {
            "ru_utime_sec": 0.011308,
            "ru_stime_sec": 0.0086960000000000006,
            "ru_maxrss_kb": 115200,
            "ru_nivcsw": 21,
            "ru_majflt": 0,
            "ru_minflt": 2714,
            "ru_nvcsw": 19
        },
        "cpu_cycles_end": 17377127139903,
        "peak_mem_kb": 384108
    }
}