{
    "Modules": {
        "...MASTER...": {
            "nQuads": 0,
            "start_perf": [
                0.22811508178710938,
                0.069080000000000003,
                0.030702,
                298764,
                381688,
                1751692575.1330221,
                13447942185954
            ],
            "child_modules": {
                "tb_multi_pipe": 1,
                "std": 1
            },
            "end_perf": [
                0.23018789291381836,
                0.071141999999999997,
                0.030702,
                303188,
                381688,
                13447947395763,
                0,
                0
            ],
            "nMops": 0,
            "nRouts": 5
        },
        "std": {
            "start_perf": [
                0.23024797439575195,
                0.071203000000000002,
                0.030702,
                303188,
                381688,
                1751692575.135155,
                13447947503023
            ],
            "nQuads": 218,
            "child_modules": {},
            "svclass": [
                "$vcs_nba_dyn_obj",
                576,
                35,
                2,
                2,
                0,
                "sigprop$$",
                576,
                35,
                2,
                2,
                0,
                "process",
                2380,
                200,
                8,
                8,
                0,
                "event",
                597,
                34,
                2,
                2,
                0,
                "mailbox",
                1769,
                140,
                9,
                9,
                0,
                "semaphore",
                1119,
                84,
                5,
                5,
                0
            ],
            "Compiled": "Yes",
            "Compiled Times": 1,
            "significant_routs": [
                [
                    24,
                    "F_VCSgd_reYIK_24_0",
                    3916527,
                    984,
                    90
                ]
            ],
            "end_perf": [
                0.24153304100036621,
                0.078370999999999996,
                0.031348000000000001,
                305488,
                381688,
                13447975718973,
                8589934594,
                0
            ],
            "nMops": 528,
            "nRouts": 33
        },
        "tb_multi_pipe": {
            "start_perf": [
                0.24158191680908203,
                0.078406000000000003,
                0.031362000000000001,
                305488,
                381688,
                1751692575.1464889,
                13447975790586
            ],
            "nQuads": 1205,
            "child_modules": {},
            "Compiled": "Yes",
            "nMops": 3996,
            "Compiled Times": 1,
            "significant_routs": [
                [
                    17,
                    "R_VCSgd_t2BSw_11",
                    2722101,
                    710,
                    91
                ],
                [
                    19,
                    "R_VCSgd_t2BSw_13",
                    2959353,
                    2530,
                    317
                ],
                [
                    116,
                    "R_VCSgd_t2BSw_74",
                    4773569,
                    4068,
                    471
                ]
            ],
            "end_perf": [
                0.27479696273803711,
                0.10397199999999999,
                0.033271000000000002,
                308904,
                381688,
                13448058759282,
                17179869185,
                0
            ],
            "nRouts": 122
        }
    },
    "CompUnits": {
        "amcQw_d": {
            "mod": "...MASTER...",
            "bytes": 7832,
            "out": "objs/amcQw_d.o",
            "checksum": 0,
            "text": 434,
            "mode": 4
        },
        "t2BSw_d": {
            "mod": "tb_multi_pipe",
            "archive": "archive.0/_68309_archive_1.a",
            "bytes": 55072,
            "out": "t2BSw_d.o",
            "checksum": 0,
            "text": 33526,
            "mode": 4
        },
        "reYIK_d": {
            "mod": "std",
            "archive": "archive.0/_68309_archive_1.a",
            "bytes": 43000,
            "out": "reYIK_d.o",
            "checksum": 0,
            "text": 7325,
            "cls": 7017,
            "mode": 4
        }
    },
    "reusePaths": {},
    "ObjArchives": [
        {
            "objects": [
                [
                    "reYIK_d.o",
                    43000
                ],
                [
                    "t2BSw_d.o",
                    55072
                ],
                [
                    "amcQwB.o",
                    117798
                ]
            ],
            "archive": "archive.0/_68309_archive_1.a",
            "size": 215870
        }
    ],
    "stat": {
        "ru_self_end": {
            "ru_utime_sec": 0.10777299999999999,
            "ru_stime_sec": 0.034486999999999997,
            "ru_maxrss_kb": 123256,
            "ru_nivcsw": 181,
            "ru_minflt": 13764,
            "ru_majflt": 0,
            "ru_nvcsw": 11
        },
        "cpu_cycles_end": 13448105412812,
        "ru_childs_end": {
            "ru_utime_sec": 0.018655999999999999,
            "ru_stime_sec": 0.001209,
            "ru_maxrss_kb": 111900,
            "ru_nivcsw": 21,
            "ru_minflt": 2708,
            "ru_majflt": 0,
            "ru_nvcsw": 21
        },
        "peak_mem_kb": 381688
    }
}