{
    "ObjArchives": [
        {
            "archive": "archive.0/_226668_archive_1.a",
            "objects": [
                [
                    "reYIK_d.o",
                    43000
                ],
                [
                    "iAVhC_d.o",
                    49742
                ],
                [
                    "amcQwB.o",
                    116988
                ]
            ],
            "size": 209730
        }
    ],
    "Modules": {
        "...MASTER...": {
            "start_perf": [
                0.20413088798522949,
                0.062191999999999997,
                0.03635,
                298896,
                383856,
                1755716824.7670579,
                10326838046255
            ],
            "end_perf": [
                0.2063291072845459,
                0.064388000000000001,
                0.03635,
                303364,
                383856,
                10326843572639,
                0,
                0
            ],
            "child_modules": {
                "std": 1,
                "testbench": 1
            },
            "nRouts": 5,
            "nQuads": 0,
            "nMops": 0
        },
        "std": {
            "start_perf": [
                0.20639801025390625,
                0.064459000000000002,
                0.03635,
                303364,
                383856,
                1755716824.769325,
                10326843703534
            ],
            "end_perf": [
                0.21434688568115234,
                0.068853999999999999,
                0.039862000000000002,
                305604,
                383856,
                10326863607930,
                8589934594,
                0
            ],
            "child_modules": {},
            "Compiled": "Yes",
            "svclass": [
                "$vcs_nba_dyn_obj",
                576,
                35,
                2,
                2,
                0,
                "sigprop$$",
                576,
                35,
                2,
                2,
                0,
                "process",
                2380,
                200,
                8,
                8,
                0,
                "event",
                597,
                34,
                2,
                2,
                0,
                "mailbox",
                1769,
                140,
                9,
                9,
                0,
                "semaphore",
                1119,
                84,
                5,
                5,
                0
            ],
            "nMops": 528,
            "Compiled Times": 1,
            "nQuads": 218,
            "nRouts": 33
        },
        "testbench": {
            "start_perf": [
                0.21440696716308594,
                0.068892999999999996,
                0.039884999999999997,
                305604,
                383856,
                1755716824.777334,
                10326863690622
            ],
            "end_perf": [
                0.24159002304077148,
                0.095066999999999999,
                0.040219999999999999,
                308940,
                383856,
                10326931597924,
                17179869185,
                0
            ],
            "child_modules": {},
            "Compiled": "Yes",
            "nMops": 2584,
            "Compiled Times": 1,
            "significant_routs": [
                [
                    33,
                    "R_VCSgd_iAVhC_21",
                    2437025,
                    298,
                    40
                ]
            ],
            "nQuads": 1070,
            "nRouts": 123
        }
    },
    "CompUnits": {
        "reYIK_d": {
            "mod": "std",
            "out": "reYIK_d.o",
            "bytes": 43000,
            "checksum": 0,
            "text": 7325,
            "mode": 4,
            "cls": 7017,
            "archive": "archive.0/_226668_archive_1.a"
        },
        "amcQw_d": {
            "mod": "...MASTER...",
            "out": "objs/amcQw_d.o",
            "bytes": 7832,
            "checksum": 0,
            "text": 434,
            "mode": 4
        },
        "iAVhC_d": {
            "mod": "testbench",
            "out": "iAVhC_d.o",
            "bytes": 49742,
            "checksum": 0,
            "text": 25447,
            "mode": 4,
            "archive": "archive.0/_226668_archive_1.a"
        }
    },
    "reusePaths": {},
    "stat": {
        "ru_childs_end": {
            "ru_utime_sec": 0.013887,
            "ru_stime_sec": 0.0073930000000000003,
            "ru_maxrss_kb": 112228,
            "ru_minflt": 2711,
            "ru_majflt": 0,
            "ru_nvcsw": 23,
            "ru_nivcsw": 25
        },
        "ru_self_end": {
            "ru_utime_sec": 0.099588999999999997,
            "ru_stime_sec": 0.040639000000000002,
            "ru_maxrss_kb": 123696,
            "ru_minflt": 13946,
            "ru_majflt": 0,
            "ru_nvcsw": 27,
            "ru_nivcsw": 98
        },
        "cpu_cycles_end": 10326946719826,
        "peak_mem_kb": 383856
    }
}