{
    "reusePaths": {},
    "Modules": {
        "...MASTER...": {
            "nQuads": 0,
            "end_perf": [
                0.21086502075195312,
                0.072918999999999998,
                0.026893,
                303204,
                384104,
                5008412177964,
                0,
                0
            ],
            "start_perf": [
                0.20889902114868164,
                0.072918999999999998,
                0.024929,
                298696,
                384104,
                1772236575.3618009,
                5008407236238
            ],
            "child_modules": {
                "std": 1,
                "testbench": 1
            },
            "nRouts": 5,
            "nMops": 0
        },
        "std": {
            "start_perf": [
                0.21100807189941406,
                0.072918999999999998,
                0.026963999999999998,
                303204,
                384104,
                1772236575.36391,
                5008412507136
            ],
            "nQuads": 218,
            "end_perf": [
                0.21905112266540527,
                0.078215999999999994,
                0.028816000000000001,
                305400,
                384104,
                5008432622684,
                8589934594,
                0
            ],
            "child_modules": {},
            "Compiled": "Yes",
            "nMops": 528,
            "nRouts": 33,
            "Compiled Times": 1,
            "svclass": [
                "$vcs_nba_dyn_obj",
                576,
                35,
                2,
                2,
                0,
                "sigprop$$",
                576,
                35,
                2,
                2,
                0,
                "process",
                2380,
                200,
                8,
                8,
                0,
                "event",
                597,
                34,
                2,
                2,
                0,
                "mailbox",
                1769,
                140,
                9,
                9,
                0,
                "semaphore",
                1119,
                84,
                5,
                5,
                0
            ]
        },
        "testbench": {
            "nQuads": 1611,
            "end_perf": [
                0.24589109420776367,
                0.104537,
                0.029270000000000001,
                309568,
                384104,
                5008499624804,
                17179869185,
                0
            ],
            "start_perf": [
                0.21910500526428223,
                0.078256999999999993,
                0.028830999999999999,
                305400,
                384104,
                1772236575.3720069,
                5008432699807
            ],
            "child_modules": {},
            "Compiled": "Yes",
            "nRouts": 136,
            "nMops": 4654,
            "Compiled Times": 1
        }
    },
    "ObjArchives": [
        {
            "archive": "archive.0/_60928_archive_1.a",
            "objects": [
                [
                    "reYIK_d.o",
                    43000
                ],
                [
                    "iAVhC_d.o",
                    70874
                ],
                [
                    "amcQwB.o",
                    117134
                ]
            ],
            "size": 231008
        }
    ],
    "CompUnits": {
        "amcQw_d": {
            "mod": "...MASTER...",
            "out": "objs/amcQw_d.o",
            "bytes": 7832,
            "text": 434,
            "mode": 4,
            "checksum": 0
        },
        "reYIK_d": {
            "mod": "std",
            "out": "reYIK_d.o",
            "bytes": 43000,
            "text": 7325,
            "mode": 4,
            "cls": 7017,
            "checksum": 0,
            "archive": "archive.0/_60928_archive_1.a"
        },
        "iAVhC_d": {
            "mod": "testbench",
            "out": "iAVhC_d.o",
            "bytes": 70874,
            "text": 40808,
            "mode": 4,
            "checksum": 0,
            "archive": "archive.0/_60928_archive_1.a"
        }
    },
    "stat": {
        "ru_childs_end": {
            "ru_utime_sec": 0.029884000000000001,
            "ru_stime_sec": 0.001743,
            "ru_maxrss_kb": 111772,
            "ru_nivcsw": 19,
            "ru_nvcsw": 18,
            "ru_minflt": 4113,
            "ru_majflt": 0
        },
        "ru_self_end": {
            "ru_utime_sec": 0.104537,
            "ru_stime_sec": 0.032226999999999999,
            "ru_maxrss_kb": 124048,
            "ru_nivcsw": 89,
            "ru_nvcsw": 43,
            "ru_minflt": 14137,
            "ru_majflt": 0
        },
        "peak_mem_kb": 384104,
        "cpu_cycles_end": 5008506914438
    }
}