{
    "Modules": {
        "tb": {
            "start_perf": [
                0.23737597465515137,
                0.083957000000000004,
                0.034346000000000002,
                312724,
                385196,
                1740887564.372503,
                17377404884901
            ],
            "child_modules": {},
            "Compiled": "Yes",
            "Compiled Times": 1,
            "significant_routs": [
                [
                    2,
                    "R_VCSgd_g7hgQ_2",
                    6615792,
                    4575,
                    576
                ],
                [
                    91,
                    "R_VCSgd_g7hgQ_5b",
                    4381427,
                    3620,
                    369
                ],
                [
                    107,
                    "R_VCSgd_g7hgQ_6b",
                    2952205,
                    2110,
                    277
                ]
            ],
            "nMops": 4855,
            "end_perf": [
                0.28028202056884766,
                0.121071,
                0.037834,
                312724,
                385196,
                17377512016297,
                21474836481,
                0
            ],
            "nQuads": 2077,
            "nRouts": 176
        },
        "...MASTER...": {
            "start_perf": [
                0.22760987281799316,
                0.078772999999999996,
                0.030008,
                310776,
                385196,
                1740887564.3627369,
                17377380519003
            ],
            "child_modules": {
                "std": 1,
                "tb": 1
            },
            "nQuads": 0,
            "end_perf": [
                0.22980189323425293,
                0.080359,
                0.030613000000000001,
                311756,
                385196,
                17377386029892,
                0,
                0
            ],
            "nMops": 0,
            "nRouts": 5
        },
        "std": {
            "start_perf": [
                0.22986793518066406,
                0.080407999999999993,
                0.030630999999999999,
                311756,
                385196,
                1740887564.364995,
                17377386156555
            ],
            "svclass": [
                "$vcs_nba_dyn_obj",
                576,
                35,
                2,
                2,
                0,
                "sigprop$$",
                576,
                35,
                2,
                2,
                0,
                "process",
                2380,
                200,
                8,
                8,
                0,
                "event",
                597,
                34,
                2,
                2,
                0,
                "mailbox",
                1769,
                140,
                9,
                9,
                0,
                "semaphore",
                1119,
                84,
                5,
                5,
                0
            ],
            "child_modules": {},
            "Compiled": "Yes",
            "Compiled Times": 1,
            "end_perf": [
                0.23732590675354004,
                0.083919999999999995,
                0.034331,
                312724,
                385196,
                17377404814846,
                8589934594,
                0
            ],
            "nQuads": 218,
            "nMops": 528,
            "nRouts": 33
        }
    },
    "CompUnits": {
        "amcQw_d": {
            "mod": "...MASTER...",
            "out": "objs/amcQw_d.o",
            "bytes": 7824,
            "checksum": 0,
            "text": 434,
            "mode": 4
        },
        "reYIK_d": {
            "mod": "std",
            "cls": 7017,
            "out": "reYIK_d.o",
            "archive": "archive.0/_94558_archive_1.a",
            "bytes": 43000,
            "checksum": 0,
            "text": 7325,
            "mode": 4
        },
        "g7hgQ_d": {
            "mod": "tb",
            "out": "g7hgQ_d.o",
            "archive": "archive.0/_94558_archive_1.a",
            "bytes": 86328,
            "checksum": 0,
            "text": 44098,
            "mode": 4
        }
    },
    "ObjArchives": [
        {
            "archive": "archive.0/_94558_archive_1.a",
            "objects": [
                [
                    "reYIK_d.o",
                    43000
                ],
                [
                    "g7hgQ_d.o",
                    86328
                ],
                [
                    "amcQwB.o",
                    120150
                ]
            ],
            "size": 249478
        }
    ],
    "reusePaths": {},
    "stat": {
        "peak_mem_kb": 385196,
        "ru_self_end": {
            "ru_utime_sec": 0.121823,
            "ru_maxrss_kb": 127080,
            "ru_stime_sec": 0.041875999999999997,
            "ru_majflt": 0,
            "ru_minflt": 14402,
            "ru_nivcsw": 145,
            "ru_nvcsw": 27
        },
        "ru_childs_end": {
            "ru_utime_sec": 0.011591000000000001,
            "ru_maxrss_kb": 114476,
            "ru_stime_sec": 0.0096460000000000001,
            "ru_majflt": 0,
            "ru_minflt": 2713,
            "ru_nivcsw": 36,
            "ru_nvcsw": 22
        },
        "cpu_cycles_end": 17377524008090
    }
}