{
    "stat": {
        "ru_self_cgstart": {
            "ru_utime_sec": 0.060720000000000003,
            "ru_stime_sec": 0.042333000000000003,
            "ru_majflt": 0,
            "ru_maxrss_kb": 115964,
            "ru_minflt": 11953,
            "ru_nvcsw": 52,
            "ru_nivcsw": 19
        },
        "ru_childs_cgstart": {
            "ru_utime_sec": 0.021637,
            "ru_stime_sec": 0.010638,
            "ru_majflt": 0,
            "ru_maxrss_kb": 115964,
            "ru_minflt": 4111,
            "ru_nvcsw": 18,
            "ru_nivcsw": 17
        },
        "cpu_cycles_cgstart": 3275229417221,
        "Frontend(%)": 64.74708721835249,
        "nMops": 4402,
        "ru_self_end": {
            "ru_utime_sec": 0.105561,
            "ru_stime_sec": 0.045240000000000002,
            "ru_majflt": 0,
            "ru_maxrss_kb": 128244,
            "ru_minflt": 14301,
            "ru_nvcsw": 52,
            "ru_nivcsw": 23
        },
        "nQuads": 1633,
        "quadSpeed": 36417.564282687716,
        "ru_childs_end": {
            "ru_utime_sec": 0.021637,
            "ru_stime_sec": 0.010638,
            "ru_majflt": 0,
            "ru_maxrss_kb": 115964,
            "ru_minflt": 4111,
            "ru_nvcsw": 18,
            "ru_nivcsw": 17
        },
        "totalObjSize": 240556,
        "peak_mem_kb": 384088,
        "cpu_cycles_end": 3275348959121,
        "cpu_cycles_total": 599696732,
        "mop/quad": 2.6956521739130435,
        "mopSpeed": 98169.086327245139,
        "outputSizePerQuad": 147.30924678505818,
        "CodeGen(%)": 35.252912781647517,
        "realTime": 0.25634407997131348
    },
    "cycles_program_begin": 3274749262389,
    "NameTable": {
        "std": [
            "std",
            "reYIK",
            "module",
            1
        ],
        "...MASTER...": [
            "SIM",
            "amcQw",
            "module",
            3
        ],
        "tb": [
            "tb",
            "g7hgQ",
            "module",
            2
        ]
    },
    "perf": [
        {
            "stat": [
                "main",
                "entry",
                0.01607513427734375,
                0.018464000000000001,
                0.029543,
                203224,
                204480,
                0.0,
                0.0,
                1772525411.583672,
                3274749470450
            ],
            "sub": [
                {
                    "stat": [
                        "doParsingAndDesignResolution",
                        "entry",
                        0.129302978515625,
                        0.027237999999999998,
                        0.031129,
                        212912,
                        213712,
                        0.0,
                        0.0,
                        1772525411.6968999,
                        3275032018920
                    ],
                    "sub": []
                },
                {
                    "stat": [
                        "doParsingAndDesignResolution",
                        "exit",
                        0.14042997360229492,
                        0.03356,
                        0.037289000000000003,
                        316540,
                        384088,
                        0.0,
                        0.0,
                        1772525411.7080269,
                        3275059796753
                    ],
                    "sub": []
                },
                {
                    "stat": [
                        "doPostDesignResolutionToVir2Vcs",
                        "entry",
                        0.14616107940673828,
                        0.035274,
                        0.041606999999999998,
                        298192,
                        384088,
                        0.0,
                        0.0,
                        1772525411.713758,
                        3275074113460
                    ],
                    "sub": [
                        {
                            "stat": [
                                "doUptoVir2VcsNoSepCleanup",
                                "entry",
                                0.15009808540344238,
                                0.038483999999999997,
                                0.042333000000000003,
                                298416,
                                384088,
                                0.0,
                                0.0,
                                1772525411.717695,
                                3275083922411
                            ],
                            "sub": []
                        },
                        {
                            "stat": [
                                "doUptoVir2VcsNoSepCleanup",
                                "exit",
                                0.1715540885925293,
                                0.056841999999999997,
                                0.042333000000000003,
                                312288,
                                384088,
                                0.0018450000000000001,
                                0.0,
                                1772525411.739151,
                                3275137460736
                            ],
                            "sub": []
                        },
                        {
                            "stat": [
                                "doRadify_vir2vcsAll",
                                "entry",
                                0.17160415649414062,
                                0.056894,
                                0.042333000000000003,
                                312288,
                                384088,
                                0.0018450000000000001,
                                0.0,
                                1772525411.7392011,
                                3275137533263
                            ],
                            "sub": []
                        },
                        {
                            "stat": [
                                "doRadify_vir2vcsAll",
                                "exit",
                                0.17437314987182617,
                                0.059660999999999999,
                                0.042333000000000003,
                                312288,
                                384088,
                                0.0018450000000000001,
                                0.0,
                                1772525411.7419701,
                                3275144506604
                            ],
                            "sub": []
                        }
                    ]
                },
                {
                    "stat": [
                        "doPostDesignResolutionToVir2Vcs",
                        "exit",
                        0.17441415786743164,
                        0.059702999999999999,
                        0.042333000000000003,
                        312288,
                        384088,
                        0.0018450000000000001,
                        0.0,
                        1772525411.7420111,
                        3275144542628
                    ],
                    "sub": []
                },
                {
                    "stat": [
                        "doGAToPass2",
                        "entry",
                        0.17442512512207031,
                        0.059714999999999997,
                        0.042333000000000003,
                        312288,
                        384088,
                        0.0018450000000000001,
                        0.0,
                        1772525411.742022,
                        3275144566225
                    ],