{
    "cycles_program_begin": 37666062653755,
    "rlimit": {
        "data": -1,
        "stack": -1
    },
    "perf": [
        {
            "stat": [
                "main",
                "entry",
                0.014621973037719727,
                0.031562,
                0.015781,
                203220,
                204476,
                0.0,
                0.0,
                1751868899.0927539,
                37666062877800
            ],
            "sub": [
                {
                    "stat": [
                        "doParsingAndDesignResolution",
                        "entry",
                        0.12757301330566406,
                        0.034379,
                        0.022918999999999998,
                        212908,
                        213708,
                        0.0,
                        0.0,
                        1751868899.2057049,
                        37666344733725
                    ],
                    "sub": []
                },
                {
                    "stat": [
                        "doParsingAndDesignResolution",
                        "exit",
                        0.14008498191833496,
                        0.047044999999999997,
                        0.023522000000000001,
                        316780,
                        384372,
                        0.0,
                        0.0,
                        1751868899.2182169,
                        37666375988733
                    ],
                    "sub": []
                },
                {
                    "stat": [
                        "doPostDesignResolutionToVir2Vcs",
                        "entry",
                        0.14632320404052734,
                        0.047528000000000001,
                        0.029856000000000001,
                        298472,
                        384372,
                        0.0,
                        0.0,
                        1751868899.2244551,
                        37666391567127
                    ],
                    "sub": [
                        {
                            "stat": [
                                "doUptoVir2VcsNoSepCleanup",
                                "entry",
                                0.15012097358703613,
                                0.047528000000000001,
                                0.033653000000000002,
                                298696,
                                384372,
                                0.0,
                                0.0,
                                1751868899.2282529,
                                37666401038681
                            ],
                            "sub": []
                        },
                        {
                            "stat": [
                                "doUptoVir2VcsNoSepCleanup",
                                "exit",
                                0.16768097877502441,
                                0.059103000000000003,
                                0.039402,
                                312648,
                                384372,
                                0.0,
                                0.0,
                                1751868899.2458129,
                                37666444919430
                            ],
                            "sub": []
                        },
                        {
                            "stat": [
                                "doRadify_vir2vcsAll",
                                "entry",
                                0.16775608062744141,
                                0.059149,
                                0.039433000000000003,
                                312648,
                                384372,
                                0.0,
                                0.0,
                                1751868899.245888,
                                37666445011569
                            ],
                            "sub": []
                        },
                        {
                            "stat": [
                                "doRadify_vir2vcsAll",
                                "exit",
                                0.17263317108154297,
                                0.063699000000000006,
                                0.039433000000000003,
                                312648,
                                384372,
                                0.0,
                                0.0,
                                1751868899.2507651,
                                37666457252436
                            ],
                            "sub": []
                        }
                    ]
                },
                {
                    "stat": [
                        "doPostDesignResolutionToVir2Vcs",
                        "exit",
                        0.17267799377441406,
                        0.063745999999999997,
                        0.039433000000000003,
                        312648,
                        384372,
                        0.0,
                        0.0,
                        1751868899.2508099,
                        37666457298907
                    ],
                    "sub": []
                },
                {
                    "stat": [
                        "doGAToPass2",
                        "entry",
                        0.17269206047058105,
                        0.063759999999999997,
                        0.039433000000000003,
                        312648,
                        384372,
                        0.0,
                        0.0,
                        1751868899.250824,
                        37666457324710
                    ],
                    "sub": [
                        {
                            "stat": [
                                "DoPass2",
                                "entry",
                                0.19278907775878906,
                                0.065210000000000004,
                                0.039433000000000003,
                                299364,
                                384372,
                                0.011148999999999999,
                                0.0066670000000000002,
                                1751868899.270921,
                                37666507549897
                            ],
                            "sub": []
                        },
                        {
                            "stat": [
                                "DoPass2",
                                "exit",
                                0.23652100563049316,
                                0.103848,
                                0.041753999999999999,
                                312104,
                                384372,
                                0.013327,
                                0.0066670000000000002,
                                1751868899.3146529,
                                37666616902410
                            ],
                            "sub": []
                        }
                    ]
                },
                {
                    "stat": [
                        "doGAToPass2",
                        "exit",
                        0.2421410083770752,
                        0.10729,
                        0.041753999999999999,
                        312104,
                        384372,
                        0.013327,
                        0.0066670000000000002,
                        1751868899.3202729,
                        37666630724877
                    ],